title,score,genres,episodes,synopsis,popularity,members,studios,year
Shingeki no Kyojin,8.56,"['Action', 'Award Winning', 'Drama', 'Suspense', 'Gore', 'Military', 'Survival', 'Shounen']",25,"Centuries ago, mankind was slaughtered to near extinction by monstrous humanoid creatures called Titans, forcing humans to hide in fear behind enormous concentric walls. What makes these giants truly terrifying is that their taste for human flesh is not born out of hunger but what appears to be out of pleasure. To ensure their survival, the remnants of humanity began living within defensive barriers, resulting in one hundred years without a single titan encounter. However, that fragile calm is soon shattered when a colossal Titan manages to breach the supposedly impregnable outer wall, reigniting the fight for survival against the man-eating abominations.

After witnessing a horrific personal loss at the hands of the invading creatures, Eren Yeager dedicates his life to their eradication by enlisting into the Survey Corps, an elite military unit that combats the merciless humanoids outside the protection of the walls. Eren, his adopted sister Mikasa Ackerman, and his childhood friend Armin Arlert join the brutal war against the Titans and race to discover a way of defeating them before the last walls are breached.",1,4241532,['Wit Studio'],2013
Death Note,8.62,"['Supernatural', 'Suspense', 'Psychological', 'Shounen']",37,"Brutal murders, petty thefts, and senseless violence pollute the human world. In contrast, the realm of death gods is a humdrum, unchanging gambling den. The ingenious 17-year-old Japanese student Light Yagami and sadistic god of death Ryuk share one belief: their worlds are rotten.

For his own amusement, Ryuk drops his Death Note into the human world. Light stumbles upon it, deeming the first of its rules ridiculous: the human whose name is written in this note shall die. However, the temptation is too great, and Light experiments by writing a felon's name, which disturbingly enacts his first murder.

Aware of the terrifying godlike power that has fallen into his hands, Light—under the alias Kira—follows his wicked sense of justice with the ultimate goal of cleansing the world of all evil-doers. The meticulous mastermind detective L is already on his trail, but as Light's brilliance rivals L's, the grand chase for Kira turns into an intense battle of wits that can only end when one of them is dead.
",2,4182141,['Madhouse'],2006
Fullmetal Alchemist: Brotherhood,9.1,"['Action', 'Adventure', 'Drama', 'Fantasy', 'Military', 'Shounen']",64,"After a horrific alchemy experiment goes wrong in the Elric household, brothers Edward and Alphonse are left in a catastrophic new reality. Ignoring the alchemical principle banning human transmutation, the boys attempted to bring their recently deceased mother back to life. Instead, they suffered brutal personal loss: Alphonse's body disintegrated while Edward lost a leg and then sacrificed an arm to keep Alphonse's soul in the physical realm by binding it to a hulking suit of armor.

The brothers are rescued by their neighbor Pinako Rockbell and her granddaughter Winry. Known as a bio-mechanical engineering prodigy, Winry creates prosthetic limbs for Edward by utilizing ""automail,"" a tough, versatile metal used in robots and combat armor. After years of training, the Elric brothers set off on a quest to restore their bodies by locating the Philosopher's Stone—a powerful gem that allows an alchemist to defy the traditional laws of Equivalent Exchange.

As Edward becomes an infamous alchemist and gains the nickname ""Fullmetal,"" the boys' journey embroils them in a growing conspiracy that threatens the fate of the world.",3,3585320,['Bones'],2009
One Punch Man,8.48,"['Action', 'Comedy', 'Adult Cast', 'Parody', 'Super Power', 'Seinen']",12,"The seemingly unimpressive Saitama has a rather unique hobby: being a hero. In order to pursue his childhood dream, Saitama relentlessly trained for three years, losing all of his hair in the process. Now, Saitama is so powerful, he can defeat any enemy with just one punch. However, having no one capable of matching his strength has led Saitama to an unexpected problem—he is no longer able to enjoy the thrill of battling and has become quite bored.

One day, Saitama catches the attention of 19-year-old cyborg Genos, who witnesses his power and wishes to become Saitama's disciple. Genos proposes that the two join the Hero Association in order to become certified heroes that will be recognized for their positive contributions to society. Saitama, who is shocked that no one knows who he is, quickly agrees. Meeting new allies and taking on new foes, Saitama embarks on a new journey as a member of the Hero Association to experience the excitement of battle he once felt.",4,3440606,['Madhouse'],2015
Kimetsu no Yaiba,8.42,"['Action', 'Award Winning', 'Supernatural', 'Historical', 'Shounen']",26,"Ever since the death of his father, the burden of supporting the family has fallen upon Tanjirou Kamado's shoulders. Though living impoverished on a remote mountain, the Kamado family are able to enjoy a relatively peaceful and happy life. One day, Tanjirou decides to go down to the local village to make a little money selling charcoal. On his way back, night falls, forcing Tanjirou to take shelter in the house of a strange man, who warns him of the existence of flesh-eating demons that lurk in the woods at night.

When he finally arrives back home the next day, he is met with a horrifying sight—his whole family has been slaughtered. Worse still, the sole survivor is his sister Nezuko, who has been turned into a bloodthirsty demon. Consumed by rage and hatred, Tanjirou swears to avenge his family and stay by his only remaining sibling. Alongside the mysterious group calling themselves the Demon Slayer Corps, Tanjirou will do whatever it takes to slay the demons and protect the remnants of his beloved sister's humanity.",5,3336144,['ufotable'],2019
Sword Art Online,7.22,"['Action', 'Adventure', 'Fantasy', 'Romance', 'Video Game']",25,"Ever since the release of the innovative NerveGear, gamers from all around the globe have been given the opportunity to experience a completely immersive virtual reality. Sword Art Online (SAO), one of the most recent games on the console, offers a gateway into the wondrous world of Aincrad, a vivid, medieval landscape where users can do anything within the limits of imagination. With the release of this worldwide sensation, gaming has never felt more lifelike.

However, the idyllic fantasy rapidly becomes a brutal nightmare when SAO's creator traps thousands of players inside the game. The ""log-out"" function has been removed, with the only method of escape involving beating all of Aincrad's one hundred increasingly difficult levels. Adding to the struggle, any in-game death becomes permanent, ending the player's life in the real world.

While Kazuto ""Kirito"" Kirigaya was fortunate enough to be a beta-tester for the game, he quickly finds that despite his advantages, he cannot overcome SAO's challenges alone. Teaming up with Asuna Yuuki and other talented players, Kirito makes an effort to face the seemingly insurmountable trials head-on. But with difficult bosses and threatening dark cults impeding his progress, Kirito finds that such tasks are much easier said than done.",6,3238272,['A-1 Pictures'],2012
Boku no Hero Academia,7.83,"['Action', 'School', 'Super Power', 'Shounen']",13,"The appearance of ""quirks,"" newly discovered super powers, has been steadily increasing over the years, with 80 percent of humanity possessing various abilities from manipulation of elements to shapeshifting. This leaves the remainder of the world completely powerless, and Izuku Midoriya is one such individual.

Since he was a child, the ambitious middle schooler has wanted nothing more than to be a hero. Izuku's unfair fate leaves him admiring heroes and taking notes on them whenever he can. But it seems that his persistence has borne some fruit: Izuku meets the number one hero and his personal idol, All Might. All Might's quirk is a unique ability that can be inherited, and he has chosen Izuku to be his successor!

Enduring many months of grueling training, Izuku enrolls in UA High, a prestigious high school famous for its excellent hero training program, and this year's freshmen look especially promising. With his bizarre but talented classmates and the looming threat of a villainous organization, Izuku will soon learn what it really means to be a hero.",7,3221067,['Bones'],2016
Hunter x Hunter (2011),9.03,"['Action', 'Adventure', 'Fantasy', 'Shounen']",148,"Hunters devote themselves to accomplishing hazardous tasks, all from traversing the world's uncharted territories to locating rare items and monsters. Before becoming a Hunter, one must pass the Hunter Examination—a high-risk selection process in which most applicants end up handicapped or worse, deceased.

Ambitious participants who challenge the notorious exam carry their own reason. What drives 12-year-old Gon Freecss is finding Ging, his father and a Hunter himself. Believing that he will meet his father by becoming a Hunter, Gon takes the first step to walk the same path.

During the Hunter Examination, Gon befriends the medical student Leorio Paladiknight, the vindictive Kurapika, and ex-assassin Killua Zoldyck. While their motives vastly differ from each other, they band together for a common goal and begin to venture into a perilous world.",8,3090274,['Madhouse'],2011
Naruto,8.01,"['Action', 'Adventure', 'Fantasy', 'Martial Arts', 'Shounen']",220,"Twelve years ago, a colossal demon fox terrorized the world. During the monster's attack on the Hidden Leaf Village, the Hokage—the village's leader and most powerful ninja—sacrifices himself to seal the beast inside a newborn, relieving civilization from destruction while dooming the baby to a lonely life.

Now, after years of being shunned and bullied, Naruto Uzumaki pesters the village with elaborate pranks and vandalism. Despite these antics, he works hard to achieve his dream: to become the Hokage and earn the acknowledgement of those who have mistreated him for his entire life. Naruto joins Team 7, a ninja squad made up of two of his peers—prodigy Sasuke Uchiha and clever Sakura Haruno.

Under the aloof Kakashi Hatake's leadership, Team 7 takes on a series of difficult missions, forcing its members to grow in strength and comradery despite their many differences. Naruto strives to stand out in his rivalry with Sasuke and earn the romantic affection of Sakura. But as the trio brush against danger and death, their tragic pasts threaten to tear them apart.",9,3042535,['Studio Pierrot'],2002
Tokyo Ghoul,7.79,"['Action', 'Fantasy', 'Horror', 'Suspense', 'Gore', 'Psychological', 'Urban Fantasy', 'Seinen']",12,"A sinister threat is invading Tokyo: flesh-eating ""ghouls"" who appear identical to humans and blend into their population. Reserved college student Ken Kaneki buries his nose in books and avoids the news of the growing crisis. However, the appearance of an attractive woman named Rize Kamishiro shatters his solitude when she forwardly asks him on a date.

While walking Rize home, Kaneki discovers she isn't as kind as she first appeared, and she has led him on with sinister intent. After a tragic struggle, he later awakens in a hospital to learn his life was saved by transplanting the now deceased Rize's organs into his own body.

Kaneki's body begins to change in horrifying ways, and he transforms into a human-ghoul hybrid. As he embarks on his new dreadful journey, Kaneki clings to his humanity in the evolving bloody conflict between society's new monsters and the government agents who hunt them.",10,2990903,['Studio Pierrot'],2014
Shingeki no Kyojin Season 2,8.53,"['Action', 'Drama', 'Suspense', 'Gore', 'Military', 'Survival', 'Shounen']",12,"For centuries, humanity has been hunted by giant, mysterious predators known as the Titans. Three mighty walls—Wall Maria, Rose, and Sheena—provided peace and protection for humanity for over a hundred years. That peace, however, was shattered when the Colossal Titan and Armored Titan appeared and destroyed the outermost wall, Wall Maria. Forced to retreat behind Wall Rose, humanity waited with bated breath for the Titans to reappear and destroy their safe haven once more.

In Shingeki no Kyojin Season 2, Eren Yeager and others of the 104th Training Corps have just begun to become full members of the Survey Corps. As they ready themselves to face the Titans once again, their preparations are interrupted by the invasion of Wall Rose—but all is not as it seems as more mysteries are unraveled. As the Survey Corps races to save the wall, they uncover more about the invading Titans and the dark secrets of their own members.",12,2936309,['Wit Studio'],2017
Jujutsu Kaisen,8.53,"['Action', 'Award Winning', 'Supernatural', 'School', 'Shounen']",24,"Idly indulging in baseless paranormal activities with the Occult Club, high schooler Yuuji Itadori spends his days at either the clubroom or the hospital, where he visits his bedridden grandfather. However, this leisurely lifestyle soon takes a turn for the strange when he unknowingly encounters a cursed item. Triggering a chain of supernatural occurrences, Yuuji finds himself suddenly thrust into the world of Curses—dreadful beings formed from human malice and negativity—after swallowing the said item, revealed to be a finger belonging to the demon Sukuna Ryoumen, the King of Curses.

Yuuji experiences first-hand the threat these Curses pose to society as he discovers his own newfound powers. Introduced to the Tokyo Prefectural Jujutsu High School, he begins to walk down a path from which he cannot return—the path of a Jujutsu sorcerer.",13,2892242,['MAPPA'],2020
Steins;Gate,9.07,"['Drama', 'Sci-Fi', 'Suspense', 'Psychological', 'Time Travel']",24,"Eccentric scientist Rintarou Okabe has a never-ending thirst for scientific exploration. Together with his ditzy but well-meaning friend Mayuri Shiina and his roommate Itaru Hashida, Okabe founds the Future Gadget Laboratory in the hopes of creating technological innovations that baffle the human psyche. Despite claims of grandeur, the only notable ""gadget"" the trio have created is a microwave that has the mystifying power to turn bananas into green goo.

However, when Okabe attends a conference on time travel, he experiences a series of strange events that lead him to believe that there is more to the ""Phone Microwave"" gadget than meets the eye. Apparently able to send text messages into the past using the microwave, Okabe dabbles further with the ""time machine,"" attracting the ire and attention of the mysterious organization SERN.

Due to the novel discovery, Okabe and his friends find themselves in an ever-present danger. As he works to mitigate the damage his invention has caused to the timeline, Okabe fights a battle to not only save his loved ones but also to preserve his degrading sanity.",14,2743337,['White Fox'],2011
Naruto: Shippuuden,8.28,"['Action', 'Adventure', 'Fantasy', 'Martial Arts', 'Shounen']",500,"It has been two and a half years since Naruto Uzumaki left Konohagakure, the Hidden Leaf Village, for intense training following events which fueled his desire to be stronger. Now Akatsuki, the mysterious organization of elite rogue ninja, is closing in on their grand plan which may threaten the safety of the entire shinobi world.

Although Naruto is older and sinister events loom on the horizon, he has changed little in personality—still rambunctious and childish—though he is now far more confident and possesses an even greater determination to protect his friends and home. Come whatever may, Naruto will carry on with the fight for what is important to him, even at the expense of his own body, in the continuation of the saga about the boy who wishes to become Hokage.",15,2675252,['Studio Pierrot'],2007
Boku no Hero Academia 2nd Season,8.05,"['Action', 'School', 'Super Power', 'Shounen']",25,"At UA Academy, not even a violent attack can disrupt their most prestigious event: the school sports festival. Renowned across Japan, this festival is an opportunity for aspiring heroes to showcase their abilities, both to the public and potential recruiters.

However, the path to glory is never easy, especially for Izuku Midoriya—whose quirk possesses great raw power but is also cripplingly inefficient. Pitted against his talented classmates, such as the fire and ice wielding Shouto Todoroki, Izuku must utilize his sharp wits and master his surroundings to achieve victory and prove to the world his worth.",16,2670548,['Bones'],2017
Shingeki no Kyojin Season 3,8.64,"['Action', 'Drama', 'Suspense', 'Gore', 'Military', 'Survival', 'Shounen']",12,"Still threatened by the ""Titans"" that rob them of their freedom, mankind remains caged inside the two remaining walls. Efforts to eradicate these monsters continue; however, threats arise not only from the Titans beyond the walls, but from the humans within them as well.

After being rescued from the Colossal and Armored Titans, Eren Yaeger devotes himself to improving his Titan form. Krista Lenz struggles to accept the loss of her friend, Captain Levi chooses Eren and his friends to form his new personal squad, and Commander Erwin Smith recovers from his injuries. All seems well for the soldiers, until the government suddenly demands custody of Eren and Krista. The Survey Corps' recent successes have drawn attention, and a familiar face from Levi's past is sent to collect the wanted soldiers. Sought after by the government, Levi and his new squad must evade their adversaries in hopes of keeping Eren and Krista safe.

Eren and his fellow soldiers are not only fighting for their survival against the terrifying Titans, but also against the terror of a far more conniving foe: their fellow humans.",18,2582230,['Wit Studio'],2018
No Game No Life,8.04,"['Comedy', 'Fantasy', 'Ecchi', 'Isekai', 'Strategy Game']",12,"Sixteen sentient races inhabit Disboard, a world overseen by Tet, the One True God. The lowest of the sixteen—Imanity—consists of humans, a race with no affinity for magic. In a place where everything is decided through simple games, humankind seems to have no way out of their predicament—but the arrival of two outsiders poses a change.

On Earth, stepsiblings Sora and Shiro are two inseparable shut-ins who dominate various online games under the username ""Blank."" While notorious on the internet, the pair believe that life is merely another dull game. However, after responding to a message from an unknown user, they are suddenly transported to Disboard. The mysterious sender turns out to be Tet, who informs them about the world's absolute rules. After Tet leaves, Sora and Shiro begin their search for more information and a place to stay, taking them to Elkia—Imanity's only remaining kingdom.

There, the duo encounters Stephanie Dola, an emotional girl vying for the kingdom's sovereignty. In desperation, she attempts to regain her father's throne, but her foolhardiness makes her goal unachievable. Inspired by the girl's motivation and passion, Sora and Shiro decide to aid Stephanie in getting Elkia back on its feet, ultimately aiming to become the new rulers of the enigmatic realm.
",20,2517295,['Madhouse'],2014
Shingeki no Kyojin Season 3 Part 2,9.05,"['Action', 'Drama', 'Suspense', 'Gore', 'Military', 'Survival', 'Shounen']",10,"Seeking to restore humanity's diminishing hope, the Survey Corps embark on a mission to retake Wall Maria, where the battle against the merciless ""Titans"" takes the stage once again.

Returning to the tattered Shiganshina District that was once his home, Eren Yeager and the Corps find the town oddly unoccupied by Titans. Even after the outer gate is plugged, they strangely encounter no opposition. The mission progresses smoothly until Armin Arlert, highly suspicious of the enemy's absence, discovers distressing signs of a potential scheme against them. 

Shingeki no Kyojin Season 3 Part 2 follows Eren as he vows to take back everything that was once his. Alongside him, the Survey Corps strive—through countless sacrifices—to carve a path towards victory and uncover the secrets locked away in the Yeager family's basement.",21,2504964,['Wit Studio'],2019
Code Geass: Hangyaku no Lelouch,8.71,"['Award Winning', 'Drama', 'Sci-Fi', 'Mecha', 'Military', 'School', 'Super Power']",25,"In the year 2010, the Holy Empire of Britannia is establishing itself as a dominant military nation, starting with the conquest of Japan. Renamed to Area 11 after its swift defeat, Japan has seen significant resistance against these tyrants in an attempt to regain independence.

Lelouch Lamperouge, a Britannian student, unfortunately finds himself caught in a crossfire between the Britannian and the Area 11 rebel armed forces. He is able to escape, however, thanks to the timely appearance of a mysterious girl named C.C., who bestows upon him Geass, the ""Power of Kings."" Realizing the vast potential of his newfound ""power of absolute obedience,"" Lelouch embarks upon a perilous journey as the masked vigilante known as Zero, leading a merciless onslaught against Britannia in order to get revenge once and for all.",22,2408040,['Sunrise'],2006
Re:Zero kara Hajimeru Isekai Seikatsu,8.24,"['Drama', 'Fantasy', 'Suspense', 'Isekai', 'Psychological', 'Time Travel']",25,"When Subaru Natsuki leaves the convenience store, the last thing he expects is to be wrenched from his everyday life and dropped into a fantasy world. Things are not looking good for the bewildered teenager; however, not long after his arrival, he is attacked by some thugs. Armed with only a bag of groceries and a now useless cell phone, he is quickly beaten to a pulp. Fortunately, a mysterious beauty named Satella, in hot pursuit after the one who stole her insignia, happens upon Subaru and saves him. In order to thank the honest and kindhearted girl, Subaru offers to help in her search, and later that night, he even finds the whereabouts of that which she seeks. But unbeknownst to them, a much darker force stalks the pair from the shadows, and just minutes after locating the insignia, Subaru and Satella are brutally murdered.

However, Subaru immediately reawakens to a familiar scene—confronted by the same group of thugs, meeting Satella all over again—the enigma deepens as history inexplicably repeats itself.",23,2386877,['White Fox'],2016
Shigatsu wa Kimi no Uso,8.64,"['Drama', 'Romance', 'Love Polygon', 'Music', 'Performing Arts', 'School', 'Shounen']",22,"Kousei Arima is a child prodigy known as the ""Human Metronome"" for playing the piano with precision and perfection. Guided by a strict mother and rigorous training, Kousei dominates every competition he enters, earning the admiration of his musical peers and praise from audiences. When his mother suddenly passes away, the subsequent trauma makes him unable to hear the sound of a piano, and he never takes the stage thereafter.

Nowadays, Kousei lives a quiet and unassuming life as a junior high school student alongside his friends Tsubaki Sawabe and Ryouta Watari. While struggling to get over his mother's death, he continues to cling to music. His monochrome life turns upside down the day he encounters the eccentric violinist Kaori Miyazono, who thrusts him back into the spotlight as her accompanist. Through a little lie, these two young musicians grow closer together as Kaori tries to fill Kousei's world with color.
",24,2364649,['A-1 Pictures'],2014
Boku no Hero Academia 3rd Season,7.98,"['Action', 'School', 'Super Power', 'Shounen']",25,"As summer arrives for the students at UA Academy, each of these superheroes-in-training puts in their best efforts to become renowned heroes. They head off to a forest training camp run by UA's pro heroes, where the students face one another in battle and go through dangerous tests, improving their abilities and pushing past their limits. However, their school trip is suddenly turned upside down when the League of Villains arrives, invading the camp with a mission to capture one of the students. 

Boku no Hero Academia 3rd Season follows Izuku ""Deku"" Midoriya, an ambitious student training to achieve his dream of becoming a hero similar to his role model—All Might. Being one of the students caught up amidst the chaos of the villain attack, Deku must take a stand with his classmates and fight for their survival.",25,2324081,['Bones'],2018
Toradora!,8.04,"['Drama', 'Romance', 'Love Polygon', 'School']",25,"Ryuuji Takasu is a gentle high school student with a love for housework; but in contrast to his kind nature, he has an intimidating face that often gets him labeled as a delinquent. On the other hand is Taiga Aisaka, a small, doll-like student, who is anything but a cute and fragile girl. Equipped with a wooden katana and feisty personality, Taiga is known throughout the school as the ""Palmtop Tiger.""

One day, an embarrassing mistake causes the two students to cross paths. Ryuuji discovers that Taiga actually has a sweet side: she has a crush on the popular vice president, Yuusaku Kitamura, who happens to be his best friend. But things only get crazier when Ryuuji reveals that he has a crush on Minori Kushieda—Taiga's best friend!

Toradora! is a romantic comedy that follows this odd duo as they embark on a quest to help each other with their respective crushes, forming an unlikely alliance in the process.",26,2322124,['J.C.Staff'],2008
Noragami,7.94,"['Action', 'Supernatural', 'Mythology', 'Shounen']",12,"In times of need, if you look in the right place, you just may see a strange telephone number scrawled in red. If you call this number, you will hear a young man introduce himself as the Yato God.

Yato is a minor deity and a self-proclaimed ""Delivery God,"" who dreams of having millions of worshippers. Without a single shrine dedicated to his name, however, his goals are far from being realized. He spends his days doing odd jobs for five yen apiece, until his weapon partner becomes fed up with her useless master and deserts him.

Just as things seem to be looking grim for the god, his fortune changes when a middle school girl, Hiyori Iki, supposedly saves Yato from a car accident, taking the hit for him. Remarkably, she survives, but the event has caused her soul to become loose and hence able to leave her body. Hiyori demands that Yato return her to normal, but upon learning that he needs a new partner to do so, reluctantly agrees to help him find one. And with Hiyori's help, Yato's luck may finally be turning around.",27,2277656,['Bones'],2014
Mob Psycho 100,8.49,"['Action', 'Comedy', 'Supernatural']",12,"Eighth-grader Shigeo ""Mob"" Kageyama has tapped into his inner wellspring of psychic prowess at a young age. But the power quickly proves to be a liability when he realizes the potential danger in his skills. Choosing to suppress his power, Mob's only present use for his ability is to impress his longtime crush, Tsubomi, who soon grows bored of the same tricks.

In order to effectuate control on his skills, Mob enlists himself under the wing of Arataka Reigen, a con artist claiming to be a psychic, who exploits Mob's powers for pocket change. Now, exorcising evil spirits on command has become a part of Mob's daily, monotonous life. However, the psychic energy he exerts is barely the tip of the iceberg; if his vast potential and unrestrained emotions run berserk, a cataclysmic event that would render him completely unrecognizable will be triggered. The progression toward Mob's explosion is rising and attempting to stop it is futile.",28,2254453,['Bones'],2016
Boku dake ga Inai Machi,8.3,"['Mystery', 'Suspense', 'Psychological', 'Time Travel', 'Seinen']",12,"When tragedy is about to strike, Satoru Fujinuma finds himself sent back several minutes before the accident occurs. The detached, 29-year-old manga artist has taken advantage of this powerful yet mysterious phenomenon, which he calls ""Revival,"" to save many lives.

However, when he is wrongfully accused of murdering someone close to him, Satoru is sent back to the past once again, but this time to 1988, 18 years in the past. Soon, he realizes that the murder may be connected to the abduction and killing of one of his classmates, the solitary and mysterious Kayo Hinazuki, that took place when he was a child. This is his chance to make things right.

Boku dake ga Inai Machi follows Satoru in his mission to uncover what truly transpired 18 years ago and prevent the death of his classmate while protecting those he cares about in the present.",29,2239953,['A-1 Pictures'],2016
Akame ga Kill!,7.48,"['Action', 'Fantasy', 'Gore', 'Shounen']",24,"Night Raid is the covert assassination branch of the Revolutionary Army, an uprising assembled to overthrow Prime Minister Honest, whose avarice and greed for power has led him to take advantage of the child emperor's inexperience. Without a strong and benevolent leader, the rest of the nation is left to drown in poverty, strife, and ruin. Though the Night Raid members are all experienced killers, they understand that taking lives is far from commendable and that they will likely face retribution as they mercilessly eliminate anyone who stands in the revolution's way.

This merry band of assassins' newest member is Tatsumi, a naïve boy from a remote village who had embarked on a journey to help his impoverished hometown and was won over by not only Night Raid's ideals, but also their resolve. Akame ga Kill! follows Tatsumi as he fights the Empire and comes face-to-face with powerful weapons, enemy assassins, challenges to his own morals and values, and ultimately, what it truly means to be an assassin with a cause.",30,2220805,['White Fox'],2014
Shingeki no Kyojin: The Final Season,8.78,"['Action', 'Drama', 'Suspense', 'Gore', 'Military', 'Survival', 'Shounen']",16,"Gabi Braun and Falco Grice have been training their entire lives to inherit one of the seven Titans under Marley's control and aid their nation in eradicating the Eldians on Paradis. However, just as all seems well for the two cadets, their peace is suddenly shaken by the arrival of Eren Yeager and the remaining members of the Survey Corps.

Having finally reached the Yeager family basement and learned about the dark history surrounding the Titans, the Survey Corps has at long last found the answer they so desperately fought to uncover. With the truth now in their hands, the group set out for the world beyond the walls.

In Shingeki no Kyojin: The Final Season, two utterly different worlds collide as each party pursues its own agenda in the long-awaited conclusion to Paradis' fight for freedom.",31,2209576,['MAPPA'],2021
Nanatsu no Taizai,7.61,"['Action', 'Adventure', 'Fantasy', 'Shounen']",24,"In a world similar to the European Middle Ages, the feared yet revered Holy Knights of Britannia use immensely powerful magic to protect the region of Britannia and its kingdoms. However, a small subset of the Knights supposedly betrayed their homeland and turned their blades against their comrades in an attempt to overthrow the ruler of Liones. They were defeated by the Holy Knights, but rumors continued to persist that these legendary knights, called the ""Seven Deadly Sins,"" were still alive. Ten years later, the Holy Knights themselves staged a coup d’état, and thus became the new, tyrannical rulers of the Kingdom of Liones.

Based on the best-selling manga series of the same name, Nanatsu no Taizai follows the adventures of Elizabeth, the third princess of the Kingdom of Liones, and her search for the Seven Deadly Sins. With their help, she endeavors to not only take back her kingdom from the Holy Knights, but to also seek justice in an unjust world.",32,2169101,['A-1 Pictures'],2014
Angel Beats!,8.05,"['Drama', 'Fantasy', 'School']",13,"Death is one of many mysteries that has left humanity in the dark since the dawn of time. However, the burning question of what happens to the soul after one dies is soon answered to 17-year-old Yuzuru Otonashi. Waking up with no previous memories in a dimension between life and death, he discovers the unsettling truth of the afterlife.  

Taking the form of a high school, this bizarre dimension is designated to shelter those who died unwanted deaths. Feeling wronged by God during their earthly lives, the school's residents have decided to form the Afterlife Battlefront—a rebellious faction determined to oppose their god-like student council president, Kanade ""Angel"" Tachibana. The group's leader, Yuri Nakamura, recruits Otonashi in their fight against Angel in order to take control of their own lives. However, questioning the morality behind their actions, Otonashi takes a step behind the enemy lines to understand the opposing side of their common fate.
",33,2167542,['P.A. Works'],2010
Ansatsu Kyoushitsu,8.07,"['Action', 'Comedy', 'School', 'Shounen']",22,"Tucked in the mountains near the elite Kunugigaoka Middle School lies a small derelict building that houses the delinquents and dropouts of Class 3-E. Looked down upon by their peers, the students in this class appear to have little hope in advancing their academic careers. That is, until the national government tasks them with eliminating the greatest threat to their planet: their new teacher. 

Having already destroyed the moon, the octopus-like professor—dubbed ""Koro-sensei""—has now threatened to destroy the Earth by March of the following year. In light of their mission, the students have found that killing him is easier said than done. Not only can Koro-sensei move at speeds of up to Mach 20, but he can also resist almost every earthly weapon. Ironically, he also proves to be one of the best teachers Class 3-E has ever had. Training the class to excel in both their studies as students and skills as assassins, Koro-sensei is confident that his students' ingenuity and indomitable will could return them to the main campus. 

Through trial and error, Nagisa Shiota, as well as the other students of Class 3-E, must figure out Koro-sensei's weaknesses—and fast, for the very fate of the world depends upon it.
",34,2162219,['Lerche'],2015
Bleach,7.98,"['Action', 'Adventure', 'Supernatural', 'Shounen']",366,"Ichigo Kurosaki is an ordinary high schooler—until his family is attacked by a Hollow, a corrupt spirit that seeks to devour human souls. It is then that he meets a Soul Reaper named Rukia Kuchiki, who gets injured while protecting Ichigo's family from the assailant. To save his family, Ichigo accepts Rukia's offer of taking her powers and becomes a Soul Reaper as a result.

However, as Rukia is unable to regain her powers, Ichigo is given the daunting task of hunting down the Hollows that plague their town. However, he is not alone in his fight, as he is later joined by his friends—classmates Orihime Inoue, Yasutora Sado, and Uryuu Ishida—who each have their own unique abilities. As Ichigo and his comrades get used to their new duties and support each other on and off the battlefield, the young Soul Reaper soon learns that the Hollows are not the only real threat to the human world.",35,2141350,['Studio Pierrot'],2004
Haikyuu!!,8.43,"['Sports', 'School', 'Team Sports', 'Shounen']",25,"Ever since having witnessed the ""Little Giant"" and his astonishing skills on the volleyball court, Shouyou Hinata has been bewitched by the dynamic nature of the sport. Even though his attempt to make his debut as a volleyball regular during a middle school tournament went up in flames, he longs to prove that his less-than-impressive height ceases to be a hindrance in the face of his sheer will and perseverance.

When Hinata enrolls in Karasuno High School, the Little Giant's alma mater, he believes that he is one step closer to his goal of becoming a professional volleyball player. Although the school only retains a shadow of its former glory, Hinata's conviction isn't shaken until he learns that Tobio Kageyama—the prodigy who humiliated Hinata's middle school volleyball team in a crushing defeat—is now his teammate.

To fulfill his desire of leaving a mark on the realm of volleyball—so often regarded as the domain of the tall and the strong—Hinata must smooth out his differences with Kageyama. Only when Hinata learns what it takes to be a part of a team will he be able to join the race to the top in earnest.
",36,2120796,['Production I.G'],2014
Yakusoku no Neverland,8.48,"['Mystery', 'Suspense', 'Psychological', 'Survival', 'Shounen']",12,"Surrounded by a forest and a gated entrance, the Grace Field House is inhabited by orphans happily living together as one big family, looked after by their ""Mama,"" Isabella. Although they are required to take tests daily, the children are free to spend their time as they see fit, usually playing outside, as long as they do not venture too far from the orphanage—a rule they are expected to follow no matter what. However, all good times must come to an end, as every few months, a child is adopted and sent to live with their new family, never to be heard from again.

However, the three oldest siblings have their suspicions about what is actually happening at the orphanage, and they are about to discover the cruel fate that awaits the children living at Grace Field, including the twisted nature of their beloved Mama.",37,2105999,['CloverWorks'],2019
Mirai Nikki (TV),7.38,"['Action', 'Supernatural', 'Suspense', 'Gore', 'High Stakes Game', 'Psychological', 'Survival', 'Shounen']",26,"Yukiteru Amano is a shy middle schooler who regularly keeps track of what he does in his daily life by writing down all of his activities on his phone—a digital diary. Despite having no friends at school, Yukiteru is frequently seen talking to his supposedly imaginary friends Deus Ex Machina, the god of time and space; and Deus' servant, Mur Mur.

One day, Yukiteru wakes up and discovers that certain events of his day are preemptively displayed on his cellphone. While initially dismissing it as a coincidence, he slowly realizes that the incidents written in his phone actually take place in the near future. After spending the day benefiting from this new asset, Yukiteru learns that his classmate Yuno Gasai possesses a similar diary.

As the two team up to defeat an odd pursuer and head back to their respective homes, Deus Ex Machina explains that they—alongside 10 other contestants—have been drawn into a survival game whose victor will become the deity's successor. With no other options, Yukiteru and Yuno must use their cellphones—now called ""Future Diaries""—to survive this unforgiving battle royale.
",38,2103786,['asread.'],2011
Kono Subarashii Sekai ni Shukufuku wo!,8.09,"['Adventure', 'Comedy', 'Fantasy', 'Isekai', 'Parody']",10,"After dying a laughable and pathetic death on his way back from buying a game, high school student and recluse Kazuma Satou finds himself sitting before a beautiful but obnoxious goddess named Aqua. She provides the NEET with two options: continue on to heaven or reincarnate in every gamer's dream—a real fantasy world! Choosing to start a new life, Kazuma is quickly tasked with defeating a Demon King who is terrorizing villages. But before he goes, he can choose one item of any kind to aid him in his quest, and the future hero selects Aqua. But Kazuma has made a grave mistake—Aqua is completely useless!

Unfortunately, their troubles don't end here; it turns out that living in such a world is far different from how it plays out in a game. Instead of going on a thrilling adventure, the duo must first work to pay for their living expenses. Indeed, their misfortunes have only just begun!",39,2101573,['Studio Deen'],2016
Sword Art Online II,6.71,"['Action', 'Adventure', 'Fantasy', 'Romance', 'Video Game']",24,"A year after escaping Sword Art Online, Kazuto Kirigaya has been settling back into the real world. However, his peace is short-lived as a new incident occurs in a game called Gun Gale Online, where a player by the name of Death Gun appears to be killing people in the real world by shooting them in-game. Approached by officials to assist in investigating the murders, Kazuto assumes his persona of Kirito once again and logs into Gun Gale Online, intent on stopping the killer.

Once inside, Kirito meets Sinon, a highly skilled sniper afflicted by a traumatic past. She is soon dragged in his chase after Death Gun, and together they enter the Bullet of Bullets, a tournament where their target is sure to appear. Uncertain of Death Gun's real powers, Kirito and Sinon race to stop him before he has the chance to claim another life. Not everything goes smoothly, however, as scars from the past impede their progress. In a high-stakes game where the next victim could easily be one of them, Kirito puts his life on the line in the virtual world once more.",40,2076603,['A-1 Pictures'],2014
Ao no Exorcist,7.47,"['Action', 'Supernatural', 'Mythology', 'School', 'Shounen']",25,"Humans and demons are two sides of the same coin, as are Assiah and Gehenna, their respective worlds. The only way to travel between the realms is by the means of possession, like in ghost stories. However, Satan, the ruler of Gehenna, cannot find a suitable host to possess and therefore, remains imprisoned in his world. In a desperate attempt to conquer Assiah, he sends his son instead, intending for him to eventually grow into a vessel capable of possession by the demon king.

Ao no Exorcist follows Rin Okumura who appears to be an ordinary, somewhat troublesome teenager—that is until one day he is ambushed by demons. His world turns upside down when he discovers that he is in fact the very son of Satan and that his demon father wishes for him to return so they can conquer Assiah together. Not wanting to join the king of Gehenna, Rin decides to begin training to become an exorcist so that he can fight to defend Assiah alongside his brother Yukio.",41,2023846,['A-1 Pictures'],2011
Cowboy Bebop,8.75,"['Action', 'Award Winning', 'Sci-Fi', 'Adult Cast', 'Space']",26,"Crime is timeless. By the year 2071, humanity has expanded across the galaxy, filling the surface of other planets with settlements like those on Earth. These new societies are plagued by murder, drug use, and theft, and intergalactic outlaws are hunted by a growing number of tough bounty hunters.

Spike Spiegel and Jet Black pursue criminals throughout space to make a humble living. Beneath his goofy and aloof demeanor, Spike is haunted by the weight of his violent past. Meanwhile, Jet manages his own troubled memories while taking care of Spike and the Bebop, their ship. The duo is joined by the beautiful con artist Faye Valentine, odd child Edward Wong Hau Pepelu Tivrusky IV, and Ein, a bioengineered Welsh corgi.

While developing bonds and working to catch a colorful cast of criminals, the Bebop crew's lives are disrupted by a menace from Spike's past. As a rival's maniacal plot continues to unravel, Spike must choose between life with his newfound family or revenge for his old wounds.",42,2005181,['Sunrise'],1998
Kiseijuu: Sei no Kakuritsu,8.32,"['Action', 'Horror', 'Sci-Fi', 'Suspense', 'Gore', 'Psychological', 'Seinen']",24,"All of a sudden, they arrived: parasitic aliens that descended upon Earth and quickly infiltrated humanity by burrowing into the brains of vulnerable targets. These insatiable beings acquire full control of their host and are able to morph into a variety of forms in order to feed on unsuspecting prey.

Sixteen-year-old high school student Shinichi Izumi falls victim to one of these parasites, but it fails to take over his brain, ending up in his right hand instead. Unable to relocate, the parasite, now named Migi, has no choice but to rely on Shinichi in order to stay alive. Thus, the pair is forced into an uneasy coexistence and must defend themselves from hostile parasites that hope to eradicate this new threat to their species.",43,1997712,['Madhouse'],2014
Shinseiki Evangelion,8.36,"['Avant Garde', 'Award Winning', 'Drama', 'Sci-Fi', 'Suspense', 'Mecha', 'Psychological']",26,"Fifteen years after a cataclysmic event known as the Second Impact, the world faces a new threat: monstrous celestial beings called Angels invade Tokyo-3 one by one. Mankind is unable to defend themselves against the Angels despite utilizing their most advanced munitions and military tactics. The only hope for human salvation rests in the hands of NERV, a mysterious organization led by the cold Gendou Ikari. NERV operates giant humanoid robots dubbed ""Evangelions"" to combat the Angels with state-of-the-art advanced weaponry and protective barriers known as Absolute Terror Fields.

Years after being abandoned by his father, Shinji Ikari, Gendou's 14-year-old son, returns to Tokyo-3. Shinji undergoes a perpetual internal battle against the deeply buried trauma caused by the loss of his mother and the emotional neglect he suffered at the hands of his father. Terrified to open himself up to another, Shinji's life is forever changed upon meeting 29-year-old Misato Katsuragi, a high-ranking NERV officer who shows him a free-spirited maternal kindness he has never experienced.

A devastating Angel attack forces Shinji into action as Gendou reveals his true motive for inviting his son back to Tokyo-3: Shinji is the only child capable of efficiently piloting Evangelion Unit-01, a new robot that synchronizes with his biometrics. Despite the brutal psychological trauma brought about by piloting an Evangelion, Shinji defends Tokyo-3 against the angelic threat, oblivious to his father's dark machinations.",45,1967927,"['Gainax', 'Tatsunoko Production']",1995
Violet Evergarden,8.69,['Drama'],13,"The Great War finally came to an end after four long years of conflict; fractured in two, the continent of Telesis slowly began to flourish once again. Caught up in the bloodshed was Violet Evergarden, a young girl raised for the sole purpose of decimating enemy lines. Hospitalized and maimed in a bloody skirmish during the War's final leg, she was left with only words from the person she held dearest, but with no understanding of their meaning.

Recovering from her wounds, Violet starts a new life working at CH Postal Services after a falling out with her new intended guardian family. There, she witnesses by pure chance the work of an ""Auto Memory Doll,"" amanuenses that transcribe people's thoughts and feelings into words on paper. Moved by the notion, Violet begins work as an Auto Memory Doll, a trade that will take her on an adventure, one that will reshape the lives of her clients and hopefully lead to self-discovery.",46,1939205,['Kyoto Animation'],2018
Code Geass: Hangyaku no Lelouch R2,8.91,"['Award Winning', 'Drama', 'Sci-Fi', 'Mecha', 'Military', 'Super Power']",25,"One year has passed since the Black Rebellion, a failed uprising against the Holy Britannian Empire led by the masked vigilante Zero, who is now missing. At a loss without their revolutionary leader, Area 11's resistance group—the Black Knights—find themselves too powerless to combat the brutality inflicted upon the Elevens by Britannia, which has increased significantly in order to crush any hope of a future revolt. 

Lelouch Lamperouge, having lost all memory of his double life, is living peacefully alongside his friends as a high school student at Ashford Academy. His former partner C.C., unable to accept this turn of events, takes it upon herself to remind him of his past purpose, hoping that the mastermind Zero will rise once again to finish what he started.",47,1905053,['Sunrise'],2008
Seishun Buta Yarou wa Bunny Girl Senpai no Yume wo Minai,8.23,"['Drama', 'Romance', 'Supernatural', 'School']",13,"The rare and inexplicable Puberty Syndrome is thought of as a myth. It is a rare disease which only affects teenagers, and its symptoms are so supernatural that hardly anyone recognizes it as a legitimate occurrence. However, high school student Sakuta Azusagawa knows from personal experience that it is very much real, and happens to be quite prevalent in his school.

Mai Sakurajima is a third-year high school student who gained fame in her youth as a child actress, but recently halted her promising career for reasons unknown to the public. With an air of unapproachability, she is well known throughout the school, but none dare interact with her—that is until Sakuta sees her wandering the library in a bunny girl costume. Despite the getup, no one seems to notice her, and after confronting her, he realizes that she is another victim of Puberty Syndrome. As Sakuta tries to help Mai through her predicament, his actions bring him into contact with more girls afflicted with the elusive disease.",48,1900420,['CloverWorks'],2018
Dr. Stone,8.26,"['Adventure', 'Comedy', 'Sci-Fi', 'Shounen']",24,"After five years of harboring unspoken feelings, high-schooler Taiju Ooki is finally ready to confess his love to Yuzuriha Ogawa. Just when Taiju begins his confession however, a blinding green light strikes the Earth and petrifies mankind around the world—turning every single human into stone.

Several millennia later, Taiju awakens to find the modern world completely nonexistent, as nature has flourished in the years humanity stood still. Among a stone world of statues, Taiju encounters one other living human: his science-loving friend Senkuu, who has been active for a few months. Taiju learns that Senkuu has developed a grand scheme—to launch the complete revival of civilization with science. Taiju's brawn and Senkuu's brains combine to forge a formidable partnership, and they soon uncover a method to revive those petrified.

However, Senkuu's master plan is threatened when his ideologies are challenged by those who awaken. All the while, the reason for mankind's petrification remains unknown.",49,1899490,['TMS Entertainment'],2019
Kaguya-sama wa Kokurasetai: Tensai-tachi no Renai Zunousen,8.4,"['Comedy', 'Romance', 'School', 'Seinen']",12,"At the renowned Shuchiin Academy, Miyuki Shirogane and Kaguya Shinomiya are the student body's top representatives. Ranked the top student in the nation and respected by peers and mentors alike, Miyuki serves as the student council president. Alongside him, the vice president Kaguya—eldest daughter of the wealthy Shinomiya family—excels in every field imaginable. They are the envy of the entire student body, regarded as the perfect couple.

However, despite both having already developed feelings for the other, neither are willing to admit them. The first to confess loses, will be looked down upon, and will be considered the lesser. With their honor and pride at stake, Miyuki and Kaguya are both equally determined to be the one to emerge victorious on the battlefield of love!",50,1883141,['A-1 Pictures'],2019
Death Parade,8.13,"['Drama', 'Fantasy', 'Suspense', 'Adult Cast', 'High Stakes Game', 'Psychological']",12,"After death, either Heaven or Hell awaits most humans. But for a select few, death brings them to Quindecim—a bar where only pairs of people who die at the same time can enter. Attending the bar is an enigmatic figure known as Decim, who also acts as the arbiter. He passes judgment on those who wind up at Quindecim by challenging them to a life-threatening game. These games determine if the patron's soul will reincarnate into a new life, or be sent into the void, never to be seen again.

From darts and bowling to fighting games, the true nature of each patron slowly comes to light as they wager their souls. Though his methods remain unchanged, the sudden appearance of a black-haired amnesiac causes Decim to reevaluate his own rulings.",51,1882738,['Madhouse'],2015
Tokyo Ghoul √A,7.03,"['Action', 'Fantasy', 'Horror', 'Suspense', 'Gore', 'Psychological', 'Urban Fantasy', 'Seinen']",12,"Ken Kaneki has finally come to accept the monstrous, flesh-craving part of himself that he has feared and despised for so long. After escaping captivity and torture, Kaneki joins Aogiri Tree—the very militant ghoul organization that had abducted him, leading his friends to question his true motive and loyalty.

As tension between the government and the ghouls continues to rise, the Commission of Counter Ghoul, the government's specialized anti-ghoul agency, has intensified their efforts to completely purge Tokyo of ghouls. This threatens the transient peace of Kaneki's friends and former comrades—the ghouls at the Anteiku coffee shop. Aware of the dangerous situation, Kaneki faces several battles that puts his precious fleeting humanity on the line.",52,1865736,['Studio Pierrot'],2015
Boku no Hero Academia 4th Season,7.86,"['Action', 'School', 'Super Power', 'Shounen']",25,"After successfully passing his Provisional Hero License exam, Izuku ""Deku"" Midoriya seeks out an extracurricular internship with a professional hero agency. At the recommendation of his mentor All Might, Midoriya lands a position under All Might's former sidekick, Sir Nighteye, now a famous hero in his own right.

As Midoriya's classmates further their own abilities through various internships, up-and-coming villain Kai Chisaki utilizes his terrifying powers to gather favor in the criminal underworld. Known by the moniker Overhaul, Chisaki's ambitions collide with the League of Villains and its leader, Tomura Shigaraki.

Through his work with Sir Nighteye, Midoriya discovers Chisaki's crime syndicate and the villain's hostile relationship with a mysterious young girl named Eri. Fearing for the child's safety, Midoriya and his upperclassman Mirio Toogata must work together to put an end to Chisaki's reign of terror.",53,1853727,['Bones'],2019
Black Clover,8.14,"['Action', 'Fantasy', 'Shounen']",170,"Asta and Yuno were abandoned at the same church on the same day. Raised together as children, they came to know of the ""Wizard King""—a title given to the strongest mage in the kingdom—and promised that they would compete against each other for the position of the next Wizard King. However, as they grew up, the stark difference between them became evident. While Yuno is able to wield magic with amazing power and control, Asta cannot use magic at all and desperately tries to awaken his powers by training physically.

When they reach the age of 15, Yuno is bestowed a spectacular Grimoire with a four-leaf clover, while Asta receives nothing. However, soon after, Yuno is attacked by a person named Lebuty, whose main purpose is to obtain Yuno's Grimoire. Asta tries to fight Lebuty, but he is outmatched. Though without hope and on the brink of defeat, he finds the strength to continue when he hears Yuno's voice. Unleashing his inner emotions in a rage, Asta receives a five-leaf clover Grimoire, a ""Black Clover"" giving him enough power to defeat Lebuty. A few days later, the two friends head out into the world, both seeking the same goal—to become the Wizard King!",54,1838099,['Studio Pierrot'],2017
One Punch Man 2nd Season,7.54,"['Action', 'Comedy', 'Adult Cast', 'Parody', 'Super Power', 'Seinen']",12,"In the wake of defeating Boros and his mighty army, Saitama has returned to his unremarkable everyday life in Z-City. However, unbeknownst to him, the number of monsters appearing is still continuously on the rise, putting a strain on the Hero Association's resources. Their top executives decide on the bold move of recruiting hoodlums in order to help in their battle. But during the first meeting with these potential newcomers, a mysterious man calling himself Garou makes his appearance. Claiming to be a monster, he starts mercilessly attacking the crowd.

The mysterious Garou continues his rampage against the Hero Association, crushing every hero he encounters. He turns out to be the legendary martial artist Silverfang's best former disciple and seems driven by unknown motives. Regardless, this beast of a man seems unstoppable. Intrigued by this puzzling new foe and with an insatiable thirst for money, Saitama decides to seize the opportunity and joins the interesting martial arts competition.

As the tournament commences and Garou continues his rampage, a new great menace reveals itself, threatening the entire human world. Could this finally be the earth-shattering catastrophe predicted by the great seer Madame Shibabawa?",55,1834542,['J.C.Staff'],2019
Chainsaw Man,8.44,"['Action', 'Fantasy', 'Gore', 'Urban Fantasy', 'Shounen']",12,"Denji is robbed of a normal teenage life, left with nothing but his deadbeat father's overwhelming debt. His only companion is his pet, the chainsaw devil Pochita, with whom he slays devils for money that inevitably ends up in the yakuza's pockets. All Denji can do is dream of a good, simple life: one with delicious food and a beautiful girlfriend by his side. But an act of greedy betrayal by the yakuza leads to Denji's brutal, untimely death, crushing all hope of him ever achieving happiness.

Remarkably, an old contract allows Pochita to merge with the deceased Denji and bestow devil powers on him, changing him into a hybrid able to transform his body parts into chainsaws. Because Denji's new abilities pose a significant risk to society, the Public Safety Bureau's elite devil hunter Makima takes him in, letting him live as long as he obeys her command. Guided by the promise of a content life alongside an attractive woman, Denji devotes everything and fights with all his might to make his naive dreams a reality.",56,1827478,['MAPPA'],2022
Fairy Tail,7.57,"['Action', 'Adventure', 'Fantasy', 'Shounen']",175,"In the enchanted Kingdom of Fiore, the lively Lucy Heartfilia has one wish: to join the renowned Fairy Tail—one of the many magical wizard guilds scattered around the continent. Luckily, a chance encounter with Natsu Dragneel, the ""Salamander"" of Fairy Tail, whisks her into the legendary guild.

From Natsu's rivalrous antics with ice wizard Gray Fullbuster to the frightening presence of the unmatched combat goddess Erza Scarlet, Fairy Tail's powerful mages have a slight penchant for trouble. Through all the lucrative odd jobs and adventures to save the world from destruction lies an absolute and unyielding trust stronger than family that has formed between each guild member.

Teaming up with Natsu, Gray, and Erza, Lucy finds herself amidst the guild's most misfit wizards. But as they constantly stand in the eye of every danger, there is one name that never ceases to resurface: Zeref, the feared master of dark magic.
",57,1819291,"['Satelight', 'A-1 Pictures']",2009
Kill la Kill,8.03,"['Action', 'Comedy', 'Fantasy', 'Ecchi', 'School', 'Urban Fantasy']",24,"After the murder of her father, Ryuuko Matoi has been wandering the land in search of his killer. Following her only lead—the missing half of his invention, the Scissor Blade—she arrives at the prestigious Honnouji Academy, a high school unlike any other. The academy is ruled by the imposing and cold-hearted student council president Satsuki Kiryuuin alongside her powerful underlings, the Elite Four. In the school's brutally competitive hierarchy, Satsuki bestows upon those at the top special clothes called ""Goku Uniforms,"" which grant the wearer unique superhuman abilities. 

Thoroughly beaten in a fight against one of the students in uniform, Ryuuko retreats to her razed home where she stumbles across Senketsu, a rare and sentient ""Kamui,"" or God Clothes. After coming into contact with Ryuuko's blood, Senketsu awakens, latching onto her and providing her with immense power. Now, armed with Senketsu and the Scissor Blade, Ryuuko makes a stand against the Elite Four, hoping to reach Satsuki and uncover the culprit behind her father's murder once and for all. ",58,1816231,['Trigger'],2013
Spy x Family,8.44,"['Action', 'Award Winning', 'Comedy', 'Childcare', 'Super Power', 'Shounen']",12,"Corrupt politicians, frenzied nationalists, and other warmongering forces constantly jeopardize the thin veneer of peace between neighboring countries Ostania and Westalis. In spite of their plots, renowned spy and master of disguise ""Twilight"" fulfills dangerous missions one after another in the hope that no child will have to experience the horrors of war.

In the bustling Ostanian city of Berlint, Twilight dons the alias of ""Loid Forger,"" an esteemed psychiatrist. However, his true intention is to gather intelligence on prominent politician Donovan Desmond, who only appears rarely in public at his sons' school: the prestigious Eden Academy. Enlisting the help of unmarried city hall clerk Yor Briar to act as his wife and adopting the curious six-year-old orphan Anya as his daughter, Loid enacts his master plan. He will enroll Anya in Eden Academy, where Loid hopes she will excel and give him the opportunity to meet Donovan without arousing suspicion. 

Unfortunately for Loid, even a man of his talents has trouble playing the figure of a loving father and husband. And just like Loid is hiding his true identity, Yor—who is an underground assassin known as ""Thorn Princess""—and Anya—an esper who can read people's minds—have no plans to disclose their own secrets either. Although this picture-perfect family is founded on deception, the Forgers gradually come to understand that the love they share for one another trumps all else.",59,1804089,"['Wit Studio', 'CloverWorks']",2022
JoJo no Kimyou na Bouken (TV),7.87,"['Action', 'Adventure', 'Supernatural', 'Historical', 'Vampire', 'Shounen']",26,"The year is 1868; English nobleman George Joestar and his son Jonathan become indebted to Dario Brando after being rescued from a carriage incident. What the Joestars don't realize, however, is that Dario had no intention of helping them; he believed they were dead and was trying to ransack their belongings. After Dario's death 12 years later, George—hoping to repay his debt—adopts his son, Dio. 

While he publicly fawns over his new father, Dio secretly plans to steal the Joestar fortune. His first step is to create a divide between George and Jonathan. By constantly outdoing his foster brother, Dio firmly makes his place in the Joestar family. But when Dio pushes Jonathan too far, Jonathan defeats him in a brawl. 

Years later, the two appear to be close friends to the outside world. But trouble brews again when George falls ill, as Jonathan suspects that Dio is somehow behind the incident—and it appears he has more tricks up his sleeve.",60,1798775,['David Production'],2012
Darling in the FranXX,7.2,"['Drama', 'Romance', 'Sci-Fi', 'Mecha']",24,"In the distant future, humanity has been driven to near-extinction by giant beasts known as Klaxosaurs, forcing the surviving humans to take refuge in massive fortress cities called Plantations. Children raised here are trained to pilot giant mechas known as FranXX—the only weapons known to be effective against the Klaxosaurs—in boy-girl pairs. Bred for the sole purpose of piloting these machines, these children know nothing of the outside world and are only able to prove their existence by defending their race.  

Hiro, an aspiring FranXX pilot, has lost his motivation and self-confidence after failing an aptitude test. Skipping out on his class' graduation ceremony, Hiro retreats to a forest lake, where he encounters a mysterious girl with two horns growing out of her head. She introduces herself by her codename Zero Two, which is known to belong to an infamous FranXX pilot known as the ""Partner Killer."" Before Hiro can digest the encounter, the Plantation is rocked by a sudden Klaxosaur attack. Zero Two engages the creature in her FranXX, but it is heavily damaged in the skirmish and crashes near Hiro. Finding her partner dead, Zero Two invites Hiro to pilot the mecha with her, and the duo easily defeats the Klaxosaur in the ensuing fight. With a new partner by his side, Hiro has been given a chance at redemption for his past failures, but at what cost?",61,1768795,"['A-1 Pictures', 'Trigger', 'CloverWorks']",2018
Another,7.46,"['Horror', 'Mystery', 'Gore', 'School']",12,"In class 3-3 of Yomiyama North Junior High, transfer student Kouichi Sakakibara makes his return after taking a sick leave for the first month of school. Among his new classmates, he is inexplicably drawn toward Mei Misaki—a reserved girl with an eyepatch whom he met in the hospital during his absence. But none of his classmates acknowledge her existence; they warn him not to acquaint himself with things that do not exist. Against their words of caution, Kouichi befriends Mei—soon learning of the sinister truth behind his friends' apprehension.

The ominous rumors revolve around a former student of the class 3-3. However, no one will share the full details of the grim event with Kouichi. Engrossed in the curse that plagues his class, Kouichi sets out to discover its connection to his new friend. As a series of tragedies arise around them, it is now up to Kouichi, Mei, and their classmates to unravel the eerie mystery—but doing so will come at a hefty price.
",62,1753310,['P.A. Works'],2012
Vinland Saga,8.77,"['Action', 'Adventure', 'Drama', 'Gore', 'Historical', 'Seinen']",24,"Young Thorfinn grew up listening to the stories of old sailors that had traveled the ocean and reached the place of legend, Vinland. It's said to be warm and fertile, a place where there would be no need for fighting—not at all like the frozen village in Iceland where he was born, and certainly not like his current life as a mercenary. War is his home now. Though his father once told him, ""You have no enemies, nobody does. There is nobody who it's okay to hurt,"" as he grew, Thorfinn knew that nothing was further from the truth.

The war between England and the Danes grows worse with each passing year. Death has become commonplace, and the viking mercenaries are loving every moment of it. Allying with either side will cause a massive swing in the balance of power, and the vikings are happy to make names for themselves and take any spoils they earn along the way. Among the chaos, Thorfinn must take his revenge and kill Askeladd, the man who murdered his father. The only paradise for the vikings, it seems, is the era of war and death that rages on.",63,1735250,['Wit Studio'],2019
Soul Eater,7.85,"['Action', 'Comedy', 'Fantasy', 'School', 'Shounen']",51,"Death City is home to the famous Death Weapon Meister Academy (Shibusen), a technical academy headed by the Shinigami—Lord Death himself. Its mission: to raise Death Scythes for the Shinigami to wield against the many evils of their fantastical world. These Death Scythes, however, are not made from physical weapons; rather, they are born from human hybrids who have the ability to transform their bodies into Demon Weapons, and only after they have consumed the souls of 99 evil beings and one witch's soul.

Soul Eater Evans, a Demon Scythe who only seems to care about what's cool, aims to become a Death Scythe with the help of his straight-laced wielder, or meister, Maka Albarn. The contrasting duo work and study alongside the hot headed Black☆Star and his caring weapon Tsubaki, as well as the Shinigami's own son, Death the Kid, an obsessive-compulsive dual wielder of twin pistols Patty and Liz.

As they take on missions to collect souls and protect the city from the world's threats, the Shibusen students work together under the snickering sun to become sounder in mind, body, and soul.",64,1727445,['Bones'],2008
Charlotte,7.75,"['Drama', 'School', 'Super Power']",13,"If not for his ability to take over people's mind and body, Yuu Otosaka would be an ordinary high school student. Though it only lasts for five seconds at a time, Yuu's mysterious power allowed him to cheat his way to the top of his class and  enter a prestigious high school, where he continues his dishonest acts.

His shenanigans are eventually stopped by Nao Tomori—the headstrong student council president from Hoshinoumi Academy—who sees through his deceit. Through coercion, Nao convinces Yuu to transfer to Hoshinoumi and join the student council. Hoshinoumi Academy is secretly an institution created for adolescents who possess supernatural abilities—with the student council serving as a means of locating those who abuse their powers.

With Yuu begrudgingly assisting in council affairs, the group sets out to find and protect new ability users from harm. However, as they further investigate the abilities, their findings entangle them in far more complicated matters than they could ever imagine.
",65,1724157,['P.A. Works'],2015
Tengen Toppa Gurren Lagann,8.64,"['Adventure', 'Award Winning', 'Sci-Fi', 'Mecha']",27,"Simon and Kamina were born and raised in a deep, underground village, hidden from the fabled surface. Kamina is a free-spirited loose cannon bent on making a name for himself, while Simon is a timid young boy with no real aspirations. One day while excavating the earth, Simon stumbles upon a mysterious object that turns out to be the ignition key to an ancient artifact of war, which the duo dubs Lagann. Using their new weapon, Simon and Kamina fend off a surprise attack from the surface with the help of Yoko Littner, a hot-blooded redhead wielding a massive gun who wanders the world above.

In the aftermath of the battle, the sky is now in plain view, prompting Simon and Kamina to set off on a journey alongside Yoko to explore the wastelands of the surface. Soon, they join the fight against the ""Beastmen,"" humanoid creatures that terrorize the remnants of humanity in powerful robots called ""Gunmen."" Although they face some challenges and setbacks, the trio bravely fights these new enemies alongside other survivors to reclaim the surface, while slowly unraveling a galaxy-sized mystery.",66,1723600,['Gainax'],2007
Tate no Yuusha no Nariagari,7.92,"['Action', 'Adventure', 'Drama', 'Fantasy', 'Isekai']",25,"The Four Cardinal Heroes are a group of ordinary men from modern-day Japan summoned to the kingdom of Melromarc to become its saviors. Melromarc is a country plagued by the Waves of Catastrophe that have repeatedly ravaged the land and brought disaster to its citizens for centuries. The four heroes are respectively bestowed a sword, spear, bow, and shield to vanquish these Waves. Naofumi Iwatani, an otaku, becomes cursed with the fate of being the ""Shield Hero."" Armed with only a measly shield, Naofumi is belittled and ridiculed by his fellow heroes and the kingdom's people due to his weak offensive capabilities and lackluster personality.

When the heroes are provided with resources and comrades to train with, Naofumi sets out with the only person willing to train alongside him, Malty Melromarc. He is soon betrayed by her, however, and becomes falsely accused of taking advantage of her. Naofumi then becomes heavily discriminated against and hated by the people of Melromarc for something he didn't do. With a raging storm of hurt and mistrust in his heart, Naofumi begins his journey of strengthening himself and his reputation. Further along however, the difficulty of being on his own sets in, so Naofumi buys a demi-human slave on the verge of death named Raphtalia to accompany him on his travels.

As the Waves approach the kingdom, Naofumi and Raphtalia must fight for the survival of the kingdom and protect the people of Melromarc from their ill-fated future.",67,1723503,['Kinema Citrus'],2019
Shokugeki no Souma,8.12,"['Gourmet', 'Ecchi', 'School', 'Shounen']",24,"Souma Yukihira has been cooking alongside his father Jouichirou for as long as he can remember. As a sous chef at his father's restaurant, he has spent years developing his culinary expertise and inventing new dishes to amaze their customers. He aspires to exceed his father's skill and take over the restaurant one day, but he is shocked to learn that Jouichirou is closing up the shop to take a job in New York.

Rather than tagging along with his father, Souma finds himself enrolling at the prestigious Tootsuki Culinary Academy, where only 10 percent of its students end up graduating. The school is famous for its ""Shokugeki""—intense cooking competitions between students often used to settle debates and arguments. Jouichirou tells Souma that to surpass him and survive the next three years at Tootsuki and graduate there.

The academy's brutal curriculum and fiercely competitive student body await the young chef, who must learn to navigate the treacherous environment if he wants to stand a chance at realizing his dreams. But is skill alone enough to let him rise to the top?",68,1722885,['J.C.Staff'],2015
Psycho-Pass,8.33,"['Action', 'Mystery', 'Sci-Fi', 'Suspense', 'Adult Cast', 'Detective', 'Psychological']",22,"Justice, and the enforcement of it, has changed. In the 22nd century, Japan enforces the Sibyl System, an objective means of determining the threat level of each citizen by examining their mental state for signs of criminal intent, known as their Psycho-Pass. Inspectors uphold the law by subjugating, often with lethal force, anyone harboring the slightest ill-will; alongside them are Enforcers, jaded Inspectors that have become latent criminals, granted relative freedom in exchange for carrying out the Inspectors' dirty work.

Into this world steps Akane Tsunemori, a young woman with an honest desire to uphold justice. However, as she works alongside veteran Enforcer Shinya Kougami, she soon learns that the Sibyl System's judgments are not as perfect as her fellow Inspectors assume. With everything she has known turned on its head, Akane wrestles with the question of what justice truly is, and whether it can be upheld through the use of a system that may already be corrupt.",69,1720579,['Production I.G'],2012
Overlord,7.9,"['Action', 'Adventure', 'Fantasy', 'Isekai']",13,"The final hour of the popular virtual reality game Yggdrasil has come. However, Momonga, a powerful wizard and master of the dark guild Ainz Ooal Gown, decides to spend his last few moments in the game as the servers begin to shut down. To his surprise, despite the clock having struck midnight, Momonga is still fully conscious as his character and, moreover, the non-player characters appear to have developed personalities of their own!

Confronted with this abnormal situation, Momonga commands his loyal servants to help him investigate and take control of this new world, with the hopes of figuring out what has caused this development and if there may be others in the same predicament.",70,1716963,['Madhouse'],2015
Ano Hi Mita Hana no Namae wo Bokutachi wa Mada Shiranai.,8.29,"['Drama', 'Supernatural']",11,"Jinta Yadomi is peacefully living as a recluse, spending his days away from school and playing video games at home instead. One hot summer day, his childhood friend, Meiko ""Menma"" Honma, appears and pesters him to grant a forgotten wish. He pays her no mind, which annoys her, but he doesn't really care. After all, Menma already died years ago.

At first, Jinta thinks that he is merely hallucinating due to the summer heat, but he is later on convinced that what he sees truly is the ghost of Menma. Jinta and his group of childhood friends grew apart after her untimely death, but they are drawn together once more as they try to lay Menma's spirit to rest. Re-living their pain and guilt, will they be able to find the strength to help not only Menma move on—but themselves as well?",72,1682316,['A-1 Pictures'],2011
Mob Psycho 100 II,8.78,"['Action', 'Comedy', 'Supernatural']",13,"Shigeo ""Mob"" Kageyama is now maturing and understanding his role as a supernatural psychic that has the power to drastically affect the livelihood of others. He and his mentor Reigen Arataka continue to deal with supernatural requests from clients, whether it be exorcizing evil spirits or tackling urban legends that haunt the citizens.

While the workflow remains the same, Mob isn't just blindly following Reigen around anymore. With all his experiences as a ridiculously strong psychic, Mob's supernatural adventures now have more weight to them. Things take on a serious and darker tone as the dangers Mob and Reigen face are much more tangible and unsettling than ever before.",73,1675999,['Bones'],2019
Kimetsu no Yaiba: Yuukaku-hen,8.71,"['Action', 'Supernatural', 'Historical', 'Shounen']",11,"The devastation of the Mugen Train incident still weighs heavily on the members of the Demon Slayer Corps. Despite being given time to recover, life must go on, as the wicked never sleep: a vicious demon is terrorizing the alluring women of the Yoshiwara Entertainment District. The Sound Hashira, Tengen Uzui, and his three wives are on the case. However, when he soon loses contact with his spouses, Tengen fears the worst and enlists the help of Tanjirou Kamado, Zenitsu Agatsuma, and Inosuke Hashibira to infiltrate the district's most prominent houses and locate the depraved Upper Rank Demon.",74,1663726,['ufotable'],2022
Hataraku Maou-sama!,7.71,"['Comedy', 'Supernatural']",13,"Striking fear into the hearts of mortals, the Demon Lord Satan begins to conquer the land of Ente Isla with his vast demon armies. However, while embarking on this brutal quest to take over the continent, his efforts are foiled by the hero Emilia, forcing Satan to make his swift retreat through a dimensional portal only to land in the human world. Along with his loyal general Alsiel, the demon finds himself stranded in modern-day Tokyo and vows to return and complete his subjugation of Ente Isla—that is, if they can find a way back!

Powerless in a world without magic, Satan assumes the guise of a human named Sadao Maou and begins working at MgRonald's—a local fast-food restaurant—to make ends meet. He soon realizes that his goal of conquering Ente Isla is just not enough as he grows determined to climb the corporate ladder and become the ruler of Earth, one satisfied customer at a time!

Whether it's part-time work, household chores, or simply trying to pay the rent on time, Hataraku Maou-sama! presents a hilarious view of the most mundane aspects of everyday life, all through the eyes of a hapless demon lord.",75,1635179,['White Fox'],2013
Dungeon ni Deai wo Motomeru no wa Machigatteiru Darou ka,7.53,"['Action', 'Adventure', 'Fantasy']",13,"Life in the bustling city of Orario is never dull, especially for Bell Cranel, a naive young man who hopes to become the greatest adventurer in the land. After a chance encounter with the lonely goddess, Hestia, his dreams become a little closer to reality. With her support, Bell embarks on a fantastic quest as he ventures deep within the city's monster-filled catacombs, known only as the ""Dungeon."" Death lurks around every corner in the cavernous depths of this terrifying labyrinth, and a mysterious power moves amidst the shadows.

Even on the surface, survival is a hard-earned privilege. Indeed, nothing is ever certain in a world where gods and humans live and work together, especially when they often struggle to get along. One thing is for sure, though: a myriad of blunders, triumphs and friendships awaits the dauntlessly optimistic protagonist of this herculean tale.",76,1623672,['J.C.Staff'],2015
Kono Subarashii Sekai ni Shukufuku wo! 2,8.24,"['Adventure', 'Comedy', 'Fantasy', 'Isekai', 'Parody']",10,"When Kazuma Satou died, he was given two choices: pass on to heaven or be revived in a fantasy world. After choosing the new world, the goddess Aqua tasked him with defeating the Demon King, and let him choose any weapon to aid him. Unfortunately, Kazuma chose to bring Aqua herself and has regretted the decision ever since then.

Not only is he stuck with a useless deity turned party archpriest, the pair also has to make enough money for living expenses. To add to their problems, their group continued to grow as more problematic adventurers joined their ranks. Their token spellcaster, Megumin, is an explosion magic specialist who can only cast one spell once per day and refuses to learn anything else. There is also their stalwart crusader, Lalatina Ford ""Darkness"" Dustiness, a helpless masochist who makes Kazuma look pure in comparison.

Kono Subarashii Sekai ni Shukufuku wo! 2 continues to follow Kazuma and the rest of his party through countless more adventures as they struggle to earn money and have to deal with one another's problematic personalities. However, things rarely go as planned, and they are often sidetracked by their own idiotic tendencies.",77,1618710,['Studio Deen'],2017
Tensei shitara Slime Datta Ken,8.13,"['Action', 'Comedy', 'Fantasy', 'Isekai', 'Reincarnation', 'Shounen']",24,"Thirty-seven-year-old Satoru Mikami is a typical corporate worker, who is perfectly content with his monotonous lifestyle in Tokyo, other than failing to nail down a girlfriend even once throughout his life. In the midst of a casual encounter with his colleague, he falls victim to a random assailant on the streets and is stabbed. However, while succumbing to his injuries, a peculiar voice echoes in his mind, and recites a bunch of commands which the dying man cannot make sense of.

When Satoru regains consciousness, he discovers that he has reincarnated as a goop of slime in an unfamiliar realm. In doing so, he acquires newfound skills—notably, the power to devour anything and mimic its appearance and abilities. He then stumbles upon the sealed Catastrophe-level monster ""Storm Dragon"" Veldora who had been sealed away for the past 300 years for devastating a town to ashes. Sympathetic to his predicament, Satoru befriends him, promising to assist in destroying the seal. In return, Veldora bestows upon him the name Rimuru Tempest to grant him divine protection. 

Now, liberated from the mundanities of his past life, Rimuru embarks on a fresh journey with a distinct goal in mind. As he grows accustomed to his new physique, his gooey antics ripple throughout the world, gradually altering his fate.",78,1591476,['8bit'],2018
Kakegurui,7.22,"['Drama', 'Mystery', 'Suspense', 'High Stakes Game', 'Psychological', 'School', 'Strategy Game', 'Shounen']",12,"Unlike many schools, attending Hyakkaou Private Academy prepares students for their time in the real world. Since many of the students are the children of the richest people in the world, the academy has its quirks that separate it from all the others. By day, it is a normal school, educating its pupils in history, languages, and the like. But at night, it turns into a gambling den, educating them in the art of dealing with money and manipulating people. Money is power; those who come out on top in the games stand at the top of the school.

Yumeko Jabami, a seemingly naive and beautiful transfer student, is ready to try her hand at Hyakkaou's special curriculum. Unlike the rest, she doesn't play to win, but for the thrill of the gamble, and her borderline insane way of gambling might just bring too many new cards to the table.",79,1589378,['MAPPA'],2017
Elfen Lied,7.46,"['Action', 'Drama', 'Horror', 'Romance', 'Suspense', 'Gore', 'Psychological', 'Super Power', 'Seinen']",13,"Lucy is a special breed of human referred to as Diclonius, born with a short pair of horns and invisible telekinetic hands that lands her as a victim of inhumane scientific experimentation by the government. However, once circumstances present her an opportunity to escape, Lucy, corrupted by the confinement and torture, unleashes a torrent of bloodshed as she escapes her captors.

During her breakout, she receives a crippling head injury that leaves her with a split personality: someone with the mentality of a harmless child possessing limited speech capacity. In this state of instability, she stumbles upon two college students, Kouta and his cousin Yuka, who unknowingly take an injured fugitive into their care, unaware of her murderous tendencies. This act of kindness will change their lives, as they soon find themselves dragged into the shadowy world of government secrecy and conspiracy.",80,1589042,['Arms'],2004
Highschool of the Dead,7.06,"['Action', 'Horror', 'Suspense', 'Ecchi', 'Gore', 'Survival', 'Shounen']",12,"It happened suddenly: The dead began to rise and Japan was thrown into total chaos. As these monsters begin terrorizing a high school, Takashi Kimuro is forced to kill his best friend when he gets bitten and joins the ranks of the walking dead. Vowing to protect Rei Miyamoto, the girlfriend of the man he just executed, they narrowly escape their death trap of a school, only to be greeted with a society that has already fallen.

Soon, Takashi and Rei band together with other students on a journey to find their family members and uncover what caused this overwhelming pandemic. Joining them is Saeko Busujima, the beautiful president of the Kendo Club; Kouta Hirano, an otaku with a fetish for firearms; Saya Takagi, the daughter of an influential politician; and Shizuka Marikawa, their hot school nurse. But will the combined strength of these individuals be enough to conquer this undead apocalypse?",81,1584283,['Madhouse'],2010
Fate/Zero,8.27,"['Action', 'Fantasy', 'Urban Fantasy']",13,"With the promise of granting any wish, the omnipotent Holy Grail triggered three wars in the past, each too cruel and fierce to leave a victor. In spite of that, the wealthy Einzbern family is confident that the Fourth Holy Grail War will be different; namely, with a vessel of the Holy Grail now in their grasp. Solely for this reason, the much hated ""Magus Killer"" Kiritsugu Emiya is hired by the Einzberns, with marriage to their only daughter Irisviel as binding contract.

Kiritsugu now stands at the center of a cutthroat game of survival, facing off against six other participants, each armed with an ancient familiar, and fueled by unique desires and ideals. Accompanied by his own familiar, Saber, the notorious mercenary soon finds his greatest opponent in Kirei Kotomine, a priest who seeks salvation from the emptiness within himself in pursuit of Kiritsugu.

Based on the light novel written by Gen Urobuchi, Fate/Zero depicts the events of the Fourth Holy Grail War—10 years prior to Fate/stay night. Witness a battle royale in which no one is guaranteed to survive.",82,1575950,['ufotable'],2011
Horimiya,8.19,"['Romance', 'School', 'Shounen']",13,"On the surface, the thought of Kyouko Hori and Izumi Miyamura getting along would be the last thing in people's minds. After all, Hori has a perfect combination of beauty and brains, while Miyamura appears meek and distant to his fellow classmates. However, a fateful meeting between the two lays both of their hidden selves bare. Even though she is popular at school, Hori has little time to socialize with her friends due to housework. On the other hand, Miyamura lives under the noses of his peers, his body bearing secret tattoos and piercings that make him look like a gentle delinquent.

Having opposite personalities yet sharing odd similarities, the two quickly become friends and often spend time together in Hori's home. As they both emerge from their shells, they share with each other a side of themselves concealed from the outside world.",83,1567159,['CloverWorks'],2021
Fullmetal Alchemist,8.11,"['Action', 'Adventure', 'Award Winning', 'Drama', 'Fantasy', 'Military', 'Shounen']",51,"Edward Elric, a young, brilliant alchemist, has lost much in his twelve-year life: when he and his brother Alphonse try to resurrect their dead mother through the forbidden act of human transmutation, Edward loses his brother as well as two of his limbs. With his supreme alchemy skills, Edward binds Alphonse's soul to a large suit of armor.

A year later, Edward, now promoted to the fullmetal alchemist of the state, embarks on a journey with his younger brother to obtain the Philosopher's Stone. The fabled mythical object is rumored to be capable of amplifying an alchemist's abilities by leaps and bounds, thus allowing them to override the fundamental law of alchemy: to gain something, an alchemist must sacrifice something of equal value. Edward hopes to draw into the military's resources to find the fabled stone and restore his and Alphonse's bodies to normal. However, the Elric brothers soon discover that there is more to the legendary stone than meets the eye, as they are led to the epicenter of a far darker battle than they could have ever imagined.",84,1534893,['Bones'],2003
Noragami Aragoto,8.14,"['Action', 'Supernatural', 'Mythology', 'Shounen']",13,"Yato and Yukine have finally mended their relationship as god and Regalia. As a minor and unknown deity, Yato continues to take odd jobs for five yen apiece in hopes of one day having millions of worshippers and his own grand shrine. He has yet to fix Hiyori Iki's loose soul, but she cheerily prepares for high school nonetheless.

While things are seemingly back to normal, the complicated history between Yato and Bishamon—goddess of war and warriors—resurfaces. Bishamon holds a mysterious old grudge against Yato, which results in violent clashes between them. To further complicate matters, Bishamon's most trusted Regalia, Kazuma, is indebted to Yato. When lives are on the line, unraveling these secrets is possibly the only way to correct mistakes of the past.
",85,1534894,['Bones'],2015
Ansatsu Kyoushitsu 2nd Season,8.47,"['Action', 'Comedy', 'School', 'Shounen']",25,"Returning from their summer vacation, the students of Class 3-E at the prestigious Kunugigaoka Middle School find themselves up against unbeatable odds. Faced with the possibility of world annihilation, the students must come up with increasingly elaborate and creative ways to kill their teacher, the cunning yet optimistic and helpful Koro-sensei.

However, eliminating Koro-sensei is not the only objective the students need to worry about. Gakuhou Asano, the academy's merciless and cruel principal, seeks to prevent Class 3-E's success by brainwashing his other hard-working pupils into ruthlessly competitive studying machines. Hostility begins to linger in the air as traitors and killers alike attempt to claim the bounty on Koro-sensei's head for themselves.

Nagisa Shiota, one of Class 3-E's most skilled assassins, finds himself in the middle of the conflict. While he works to maintain his academic standing and prevent the end of the world, domestic affairs jeopardize his place in Class 3-E. Together with his dedicated classmates, he must now face the threats head-on.
",86,1533798,['Lerche'],2016
Haikyuu!! Second Season,8.62,"['Sports', 'School', 'Team Sports', 'Shounen']",25,"Following their participation at the Inter-High, the Karasuno High School volleyball team attempts to refocus their efforts, aiming to conquer the Spring tournament instead. 

When they receive an invitation from long-standing rival Nekoma High, Karasuno agrees to take part in a large training camp alongside many notable volleyball teams in Tokyo and even some national level players. By playing with some of the toughest teams in Japan, they hope not only to sharpen their skills, but also come up with new attacks that would strengthen them. Moreover, Hinata and Kageyama attempt to devise a more powerful weapon, one that could possibly break the sturdiest of blocks. 

Facing what may be their last chance at victory before the senior players graduate, the members of Karasuno's volleyball team must learn to settle their differences and train harder than ever if they hope to overcome formidable opponents old and new—including their archrival Aoba Jousai and its world-class setter Tooru Oikawa.",87,1532530,['Production I.G'],2015
Yahari Ore no Seishun Love Comedy wa Machigatteiru.,8.0,"['Comedy', 'Romance', 'Love Polygon', 'School']",13,"Hachiman Hikigaya is an apathetic high school student with narcissistic and semi-nihilistic tendencies. He firmly believes that joyful youth is nothing but a farce, and everyone who says otherwise is just lying to themselves. 

In a novel punishment for writing an essay mocking modern social relationships, Hachiman's teacher forces him to join the Volunteer Service Club, a club that aims to extend a helping hand to any student who seeks their support in achieving their goals. With the only other club member being the beautiful ice queen Yukino Yukinoshita, Hachiman finds himself on the front line of other people's problems—a place he never dreamed he would be. As Hachiman and Yukino use their wits to solve many students' problems, will Hachiman's rotten view of society prove to be a hindrance or a tool he can use to his advantage?",88,1532081,"[""Brain's Base""]",2013
Bungou Stray Dogs,7.8,"['Action', 'Mystery', 'Adult Cast', 'Detective', 'Organized Crime', 'Super Power', 'Seinen']",12,"For weeks, Atsushi Nakajima's orphanage has been plagued by a mystical tiger that only he seems to be unaware of. Suspected to be behind the strange incidents, the 18-year-old is abruptly kicked out of the orphanage and left hungry, homeless, and wandering through the city.

While starving on a riverbank, Atsushi saves a rather eccentric man named Osamu Dazai from drowning. Whimsical suicide enthusiast and supernatural detective, Dazai has been investigating the same tiger that has been terrorizing the boy. Together with Dazai's partner Doppo Kunikida, they solve the mystery, but its resolution leaves Atsushi in a tight spot. As various odd events take place, Atsushi is coerced into joining their firm of supernatural investigators, taking on unusual cases the police cannot handle, alongside his numerous enigmatic co-workers.",89,1517077,['Bones'],2016
Mushoku Tensei: Isekai Ittara Honki Dasu,8.34,"['Adventure', 'Drama', 'Fantasy', 'Ecchi', 'Isekai', 'Reincarnation']",11,"Despite being bullied, scorned, and oppressed all of his life, a 34-year-old shut-in still found the resolve to attempt something heroic—only for it to end in a tragic accident. But in a twist of fate, he awakens in another world as Rudeus Greyrat, starting life again as a baby born to two loving parents.

Preserving his memories and knowledge from his previous life, Rudeus quickly adapts to his new environment. With the mind of a grown adult, he starts to display magical talent that exceeds all expectations, honing his skill with the help of a mage named Roxy Migurdia. Rudeus learns swordplay from his father, Paul, and meets Sylphiette, a girl his age who quickly becomes his closest friend.

As Rudeus' second chance at life begins, he tries to make the most of his new opportunity while conquering his traumatic past. And perhaps, one day, he may find the one thing he could not find in his old world—love.",90,1510681,['Studio Bind'],2021
Made in Abyss,8.63,"['Adventure', 'Drama', 'Fantasy', 'Mystery', 'Sci-Fi', 'Gore']",13,"The Abyss—a gaping chasm stretching down into the depths of the earth, filled with mysterious creatures and relics from a time long past. How did it come to be? What lies at the bottom? Countless brave individuals, known as Divers, have sought to solve these mysteries of the Abyss, fearlessly descending into its darkest realms. The best and bravest of the Divers, the White Whistles, are hailed as legends by those who remain on the surface.

Riko, daughter of the missing White Whistle Lyza the Annihilator, aspires to become like her mother and explore the furthest reaches of the Abyss. However, just a novice Red Whistle herself, she is only permitted to roam its most upper layer. Even so, Riko has a chance encounter with a mysterious robot with the appearance of an ordinary young boy. She comes to name him Reg, and he has no recollection of the events preceding his discovery. Certain that the technology to create Reg must come from deep within the Abyss, the two decide to venture forth into the chasm to recover his memories and see the bottom of the great pit with their own eyes. However, they know not of the harsh reality that is the true existence of the Abyss.",91,1508299,['Kinema Citrus'],2017
High School DxD,7.32,"['Action', 'Comedy', 'Romance', 'Supernatural', 'Ecchi', 'Harem', 'Mythology', 'School']",12,"High school student Issei Hyoudou is your run-of-the-mill pervert who does nothing productive with his life, peeping on women and dreaming of having his own harem one day. Things seem to be looking up for Issei when a beautiful girl asks him out on a date, although she turns out to be a fallen angel who brutally kills him! However, he gets a second chance at life when beautiful senior student Rias Gremory, who is a top-class devil, revives him as her servant, recruiting Issei into the ranks of the school's Occult Research club.

Slowly adjusting to his new life, Issei must train and fight in order to survive in the violent world of angels and devils. Each new adventure leads to many hilarious (and risqué) moments with his new comrades, all the while keeping his new life a secret from his friends and family in High School DxD!",92,1508025,['TNK'],2012
Enen no Shouboutai,7.72,"['Action', 'Fantasy', 'Sci-Fi', 'Urban Fantasy', 'Shounen']",24,"Spontaneous Human Combustion: a chaotic phenomenon that has plagued humanity for years, randomly transforming ordinary people into flaming, violent creatures known as Infernals. While Infernals make up the first-generation accounts of Human Combustion, the second and third generations became known as pyrokinetics—people gifted with the ability to manipulate and control their flames while remaining human. To combat the Infernal threat and discover the cause, the Tokyo Armed Forces, Fire Defense Agency, and Holy Church of Sol produced their answer: the Special Fire Force.

Young and eager third-generation pyrokinetic Shinra Kusakabe, nicknamed Devil's Footprints for his explosive ability to ignite his feet at will, becomes a member of the lively Special Fire Force Company 8. Upholding the brigade's duty to extinguish the blazing Infernals and lay their souls to rest, Shinra is determined to become a hero who will save the lives of those threatened by the flame terror.

However, this is not the hero's game Shinra imagined. The Fire Force is a fractured mess of feuding brigades, abnormal Infernal sightings are increasing all over Tokyo, and a shadowy group is claiming to have answers to the strange fire that caused the death of Shinra's family 12 years ago. Faced with many obstacles within and outside the Fire Force, Shinra fights to uncover the truth behind the burning mysteries that have kept him in the dark.",93,1489306,['David Production'],2019
Shingeki no Kyojin: The Final Season Part 2,8.77,"['Action', 'Drama', 'Suspense', 'Gore', 'Military', 'Survival', 'Shounen']",12,"Turning against his former allies and enemies alike, Eren Yeager sets a disastrous plan in motion. Under the guidance of the Beast Titan, Zeke, Eren takes extreme measures to end the ancient conflict between Marley and Eldia—but his true intentions remain a mystery. Delving deep into his family's past, Eren fights to control his own destiny.

Meanwhile, the long-feuding nations of Marley and Eldia utilize both soldiers and Titans in a brutal race to eliminate the other. Reiner Braun uses his own powers in a desperate bid to hold off Eren's own militaristic force, and his fellow Eldians—children Falco Grice and Gabi Braun—struggle to survive in the unfolding chaos.

Elsewhere, Eren's childhood friends Mikasa Ackerman and Armin Arlert remain imprisoned alongside Eren's former Survey Corps companions, all disturbed by Eren's monstrous transformation. Under the blind belief that Eren still secretly harbors good intentions, Mikasa and the others enter the fray in an attempt to save their friend's very soul.
",94,1488013,['MAPPA'],2022
Clannad,7.99,"['Drama', 'Romance', 'School']",23,"Tomoya Okazaki is a delinquent who finds life dull and believes he'll never amount to anything. Along with his friend Youhei Sunohara, he skips school and plans to waste his high school days away.

One day while walking to school, Tomoya passes a young girl muttering quietly to herself. Without warning she exclaims ""Anpan!"" (a popular Japanese food) which catches Tomoya's attention. He soon discovers the girl's name is Nagisa Furukawa and that she exclaims things she likes in order to motivate herself. Nagisa claims they are now friends, but Tomoya walks away passing the encounter off as nothing.

However, Tomoya finds he is noticing Nagisa more and more around school. Eventually he concedes and befriends her. Tomoya learns Nagisa has been held back a year due to a severe illness and that her dream is to revive the school's drama club. Claiming he has nothing better to do, he decides to help her achieve this goal along with the help of four other girls.

As Tomoya spends more time with the girls, he learns more about them and their problems. As he attempts to help each girl overcome her respective obstacle, he begins to realize life isn't as dull as he once thought.",95,1483107,['Kyoto Animation'],2007
Durarara!!,8.09,"['Action', 'Mystery', 'Supernatural']",24,"In Tokyo's downtown district of Ikebukuro, amidst many strange rumors and warnings of anonymous gangs and dangerous occupants, one urban legend stands out above the rest—the existence of a headless ""Black Rider"" who is said to be seen driving a jet-black motorcycle through the city streets.

Mikado Ryuugamine has always longed for the excitement of the city life, and an invitation from a childhood friend convinces him to move to Tokyo. Witnessing the Black Rider on his first day in the city, his wishes already seem to have been granted. But as supernatural events begin to occur, ordinary citizens like himself, along with Ikebukuro's most colorful inhabitants, are mixed up in the commotion breaking out in their city.
",96,1471063,"[""Brain's Base""]",2010
Bakemonogatari,8.32,"['Mystery', 'Romance', 'Supernatural', 'Vampire']",15,"Koyomi Araragi, a third-year high school student, manages to survive a vampire attack with the help of Meme Oshino, a strange man residing in an abandoned building. Though being saved from vampirism and now a human again, several side effects such as superhuman healing abilities and enhanced vision still remain. Regardless, Araragi tries to live the life of a normal student, with the help of his friend and the class president, Tsubasa Hanekawa.

When fellow classmate Hitagi Senjougahara falls down the stairs and is caught by Araragi, the boy realizes that the girl is unnaturally weightless. Despite Senjougahara's protests, Araragi insists he help her, deciding to enlist the aid of Oshino, the very man who had once helped him with his own predicament.

Through several tales involving demons and gods, Bakemonogatari follows Araragi as he attempts to help those who suffer from supernatural maladies.",97,1466902,['Shaft'],2009
Kaguya-sama wa Kokurasetai? Tensai-tachi no Renai Zunousen,8.62,"['Comedy', 'Romance', 'School', 'Seinen']",12,"After a slow but eventful summer vacation, Shuchiin Academy's second term is now starting in full force. As August transitions into September, Miyuki Shirogane's birthday looms ever closer, leaving Kaguya Shinomiya in a serious predicament as to how to celebrate it. Furthermore, the tenure of the school's 67th student council is coming to an end. Due to the council members being in different classes, the only time Kaguya and Miyuki have to be together will soon disappear, putting all of their cunning plans at risk.

A long and difficult election that will decide the fate of the new student council awaits, as multiple challengers fight for the coveted title of president.
",98,1457100,['A-1 Pictures'],2020
Hyouka,8.05,"['Mystery', 'Slice of Life', 'School']",22,"High school freshman Houtarou Oreki has but one goal: to lead a gray life while conserving as much energy as he can. Unfortunately, his peaceful days come to an end when his older sister, Tomoe, forces him to save the memberless Classics Club from disbandment.

Luckily, Oreki's predicament seems to be over when he heads to the clubroom and discovers that his fellow first-year, Eru Chitanda, has already become a member. However, despite his obligation being fulfilled, Oreki finds himself entangled by Chitanda's curious and bubbly personality, soon joining the club of his own volition.

Soon enough, the club's membership grows to four, as Oreki's friends Satoshi Fukube and Mayaka Ibara join. Driven by Chitanda's insatiable curiosity, the members of the Classics Club solve the trivial yet intriguing mysteries that permeate their daily lives.",99,1453157,['Kyoto Animation'],2012
Chuunibyou demo Koi ga Shitai!,7.7,"['Comedy', 'Romance', 'School']",12,"Everybody has had that stage in their life where they have thought themselves to be special, different from the masses of ordinary humans. They might go as far as seeing themselves capable of wielding mystical powers, or maybe even believe themselves to have descended from a fantasy realm. This ""disease"" is known as ""chuunibyou"" and is often the source of some of the most embarrassing moments of a person's life.

For Yuuta Togashi, the scars that his chuunibyou has left behind are still fresh. Having posed as the ""Dark Flame Master"" during his middle school years, he looks back at those times with extreme embarrassment, so much so that he decides to attend a high school far away where nobody will recognize him. Putting his dark history behind him, he longs to live a normal high school life.

Unfortunately, he hasn't escaped his past yet: enter Rikka Takanashi, Yuuta's new classmate and self-declared vessel of the ""Wicked Eye."" As this eccentric young girl crashes into Yuuta's life, his dream of an ordinary, chuunibyou-free life quickly crumbles away. In this hilarious and heartwarming story of a boy who just wants to leave his embarrassing memories behind, the delusions of old are far from a thing of the past.",101,1434783,['Kyoto Animation'],2012
Owari no Seraph,7.49,"['Action', 'Drama', 'Fantasy', 'Military', 'Vampire', 'Shounen']",12,"With the appearance of a mysterious virus that kills everyone above the age of 13, mankind becomes enslaved by previously hidden, power-hungry vampires who emerge in order to subjugate society with the promise of protecting the survivors, in exchange for donations of their blood.

Among these survivors are Yuuichirou and Mikaela Hyakuya, two young boys who are taken captive from an orphanage, along with other children whom they consider family. Discontent with being treated like livestock under the vampires' cruel reign, Mikaela hatches a rebellious escape plan that is ultimately doomed to fail. The only survivor to come out on the other side is Yuuichirou, who is found by the Moon Demon Company, a military unit dedicated to exterminating the vampires in Japan.

Many years later, now a member of the Japanese Imperial Demon Army, Yuuichirou is determined to take revenge on the creatures that slaughtered his family, but at what cost?

Owari no Seraph is a post-apocalyptic supernatural shounen anime that follows a young man's search for retribution, all the while battling for friendship and loyalty against seemingly impossible odds.",102,1423461,['Wit Studio'],2015
Youkoso Jitsuryoku Shijou Shugi no Kyoushitsu e,7.84,"['Drama', 'Suspense', 'Psychological', 'School']",12,"On the surface, Koudo Ikusei Senior High School is a utopia. The students enjoy an unparalleled amount of freedom, and it is ranked highly in Japan. However, the reality is less than ideal. Four classes, A through D, are ranked in order of merit, and only the top classes receive favorable treatment.

Kiyotaka Ayanokouji is a student of Class D, where the school dumps its worst. There he meets the unsociable Suzune Horikita, who believes she was placed in Class D by mistake and desires to climb all the way to Class A, and the seemingly amicable class idol Kikyou Kushida, whose aim is to make as many friends as possible.

While class membership is permanent, class rankings are not; students in lower ranked classes can rise in rankings if they score better than those in the top ones. Additionally, in Class D, there are no bars on what methods can be used to get ahead. In this cutthroat school, can they prevail against the odds and reach the top?",103,1412744,['Lerche'],2017
Mahou Shoujo Madoka★Magica,8.38,"['Award Winning', 'Drama', 'Suspense', 'Mahou Shoujo', 'Psychological']",12,"Madoka Kaname and Sayaka Miki are regular middle school girls with regular lives, but all that changes when they encounter Kyuubey, a cat-like magical familiar, and Homura Akemi, the new transfer student.

Kyuubey offers them a proposition: he will grant any one of their wishes and in exchange, they will each become a magical girl, gaining enough power to fulfill their dreams. However, Homura Akemi, a magical girl herself, urges them not to accept the offer, stating that everything is not what it seems.

A story of hope, despair, and friendship, Mahou Shoujo Madoka★Magica deals with the difficulties of being a magical girl and the price one has to pay to make a dream come true.
",104,1375708,['Shaft'],2011
Tokyo Revengers,7.84,"['Action', 'Drama', 'Delinquents', 'Time Travel', 'Shounen']",24,"Takemichi Hanagaki's second year of middle school was the highest point in his life. He had respect, a gang of friends he could count on, and even a girlfriend. But that was twelve years ago. Today, he's a nobody: a washed-up nonentity made fun of by children and always forced to apologize to his younger boss. A sudden news report on the Tokyo Manji Gang's cruel murder of the only girlfriend he ever had alongside her brother only adds insult to injury. Half a second before a train ends his pitiful life for good, Takemichi flashes back to that same day 12 years ago, when he was still dating Hinata Tachibana.

After being forced to relive the very same day that began his downward spiral, Takemichi meets Hinata's younger brother. Without thinking, he admits to his seeming death before flashing back to the past. Takemichi urges him to protect his sister before inexplicably returning to the future. Miraculously, he is not dead. Stranger still, the future has changed. It seems as though Takemichi can alter the flow of time. Given the chance to prevent his ex-girlfriend's tragic death at the hands of the Tokyo Manji Gang, Takemichi decides to fly through time to change the course of the future.",105,1369412,['LIDENFILMS'],2021
Dororo,8.26,"['Action', 'Adventure', 'Fantasy', 'Historical', 'Mythology', 'Samurai', 'Shounen']",24,"The greedy samurai lord Daigo Kagemitsu's land is dying, and he would do anything for power, even renounce Buddha and make a pact with demons. His prayers are answered by 12 demons who grant him the power he desires by aiding his prefecture's growth, but at a price. When Kagemitsu's first son is born, the boy has no limbs, no nose, no eyes, no ears, nor even skin—yet still, he lives.

This child is disposed of in a river and forgotten. But as luck would have it, he is saved by a medicine man who provides him with prosthetics and weapons, allowing for him to survive and fend for himself. The boy lives and grows, and although he cannot see, hear, or feel anything, he must defeat the demons that took him as sacrifice. With the death of each one, he regains a part of himself that is rightfully his. For many years he wanders alone, until one day an orphan boy, Dororo, befriends him. The unlikely pair of castaways now fight for their survival and humanity in an unforgiving, demon-infested world.",107,1338655,"['Tezuka Productions', 'MAPPA']",2019
JoJo no Kimyou na Bouken Part 3: Stardust Crusaders,8.11,"['Action', 'Adventure', 'Super Power', 'Shounen']",24,"Years after an ancient evil was salvaged from the depths of the sea, Joutarou Kuujou sits peacefully within a Japanese jail cell. He's committed no crime yet demands he not be released, believing he's been possessed by an evil spirit capable of harming those around him. Concerned for her son, Holy Kuujou asks her father, Joseph Joestar, to convince Joutarou to leave the prison. Joseph informs his grandson that the ""evil spirit"" is in fact something called a ""Stand,"" the physical manifestation of one's fighting spirit which can adopt a variety of deadly forms. After a fiery brawl with Joseph's friend Muhammad Avdol, Joutarou is forced out of his cell and begins learning how to control the power of his Stand.

However, when a Stand awakens within Holy and threatens to consume her in 50 days, Joutarou, his grandfather, and their allies must seek out and destroy the immortal vampire responsible for her condition. They must travel halfway across the world to Cairo, Egypt and along the way, do battle with ferocious Stand users set on thwarting them. If Joutarou and his allies fail in their mission, humanity is destined for a grim fate.",108,1323342,['David Production'],2014
Samurai Champloo,8.52,"['Action', 'Adventure', 'Comedy', 'Historical', 'Samurai']",26,"Fuu Kasumi is a young and clumsy waitress who spends her days peacefully working in a small teahouse. That is, until she accidentally spills a drink all over one of her customers! With a group of samurai now incessantly harassing her, Fuu desperately calls upon another samurai in the shop, Mugen, who quickly defeats them with his wild fighting technique, utilizing movements reminiscent to that of breakdancing. Unfortunately, Mugen decides to pick a fight with the unwilling ronin Jin, who wields a more precise and traditional style of swordfighting, and the latter proves to be a formidable opponent. The only problem is, they end up destroying the entire shop as well as accidentally killing the local magistrate's son.

For their crime, the two samurai are captured and set to be executed. However, they are rescued by Fuu, who hires the duo as her bodyguards. Though she no longer has a place to return to, the former waitress wishes to find a certain samurai who smells of sunflowers and enlists the help of the now exonerated pair to do so. Despite initially disapproving of this idea, the two eventually agree to assist the girl in her quest; thus, the trio embark upon an adventure to find this mysterious warrior—that is, if Fuu can keep Mugen and Jin from killing each other.

Set in an alternate Edo Period of Japan, Samurai Champloo follows the journey of these three eccentric individuals in an epic quest full of action, comedy, and dynamic sword fighting, all set to the beat of a unique hip-hop infused soundtrack.",109,1321322,['Manglobe'],2004
Kaichou wa Maid-sama!,7.99,"['Comedy', 'Romance', 'School', 'Shoujo']",26,"Misaki Ayuzawa is a unique phenomenon within Seika High School. In a predominantly male institution, she became the first-ever female student council president through her honesty and diligence. Ever since Misaki got promoted to the position, she has been working tirelessly to ensure a better school life for all girls. Despite that, Misaki is very strict with the boys, which has earned her the title ""Demon President."" 

One day, after hearing a girl cry in the hallway, Misaki encounters Takumi Usui—the most popular boy in the school—as he rejects a love confession. Enraged at what she is seeing, Misaki reprimands him for making the girl cry. However, Usui is indifferent and brushes it off as nothing.

Unexpectedly, Misaki soon runs into Usui again, but this time when she is working at a maid cafe! Embarrassed that someone has found out about her secret occupation, Misaki promises herself not to let Usui destroy her reputation. However, the mysterious boy now begins to visit the same cafe regularly to observe and tease Misaki. When push comes to shove, will Usui still be able to keep the president's secret?
",110,1316672,['J.C.Staff'],2010
Boku no Hero Academia 5th Season,7.35,"['Action', 'School', 'Super Power', 'Shounen']",25,"UA Academy's Class 1-A has been the focus of a substantial amount of public attention due to the multiple villain attacks they have faced over the past school year. This attention has left Class 1-A's rivals, Class 1-B, feeling quite bitter. Desiring to prove their skills, they look forward to the opportunity that has been given to them: a set of mock battles between the students of each class.

The classes are split into squads of four, each of which is tasked with capturing the other group members. The winner is the group who first secures all of the opposing team. While this sounds simple, a curveball is thrown into the mix with the inclusion of General Course Student Hitoshi Shinsou, who wishes to transfer into the Hero Course. Despite using his training with Class 1-A's homeroom teacher Shouta ""Eraserhead"" Aizawa to prove that he's capable of being a real hero, he is still far behind the others due to his lack of experience. However, Shinsou is determined to overcome this challenge.

Thus begins the fiery competition between Class 1-A and 1-B as each tries to prove that they are superior to the other.",111,1305580,['Bones'],2021
Kobayashi-san Chi no Maid Dragon,7.91,"['Slice of Life', 'Supernatural']",13,"As Kobayashi sets off for another day at work, she opens her apartment door only to be met by an unusually frightening sight—the head of a dragon, staring at her from across the balcony. The dragon immediately transforms into a cute, busty, and energetic young girl dressed in a maid outfit, introducing herself as Tooru.

It turns out that the stoic programmer had come across the dragon the previous night on a drunken excursion to the mountains, and since the mythical beast had nowhere else to go, she had offered the creature a place to stay in her home. Thus, Tooru had arrived to cash in on the offer, ready to repay her savior's kindness by working as her personal maidservant. Though deeply regretful of her words and hesitant to follow through on her promise, a mix of guilt and Tooru's incredible dragon abilities convinces Kobayashi to take the girl in.

Despite being extremely efficient at her job, the maid's unorthodox methods of housekeeping often end up horrifying Kobayashi and at times bring more trouble than help. Furthermore, the circumstances behind the dragon's arrival on Earth seem to be much more complicated than at first glance, as Tooru bears some heavy emotions and painful memories. To top it all off, Tooru's presence ends up attracting several other mythical beings to her new home, bringing in a host of eccentric personalities. Although Kobayashi makes her best effort to handle the crazy situation that she has found herself in, nothing has prepared her for this new life with a dragon maid.",112,1304693,['Kyoto Animation'],2017
Sakura-sou no Pet na Kanojo,8.05,"['Drama', 'Romance', 'School']",24,"At Suimei High, the Sakura-sou dormitory is infamous for housing the school's most notorious delinquents. Thus, when the relatively tame Sorata Kanda is transferred to the dorm, escaping this insane asylum becomes his foremost goal. Trapped there for the time being, he must learn how to deal with his fellow residents, including bubbly animator Misaki Kamiigusa, charming playboy writer Jin Mitaka, and the ever-reclusive Ryuunosuke Akasaka. Surrounded by weirdness, Sorata frequently finds respite in his interactions with his one ""normal"" friend, aspiring voice actress Nanami Aoyama.

When Mashiro Shiina—a new foreign exchange student—joins the dormitory, Sorata is instantly enraptured by her beauty. Underneath her otherworldly appearance, Mashiro is an autistic savant, capable of world-renowned brilliance in her art, yet unable to perform simple daily tasks. After Sorata ends up in charge of taking care of Mashiro, the two inevitably grow closer, with Sorata's initial desire to escape the dormitory becoming a forgotten goal.

Despite their eccentricities, every resident is incredible in their own field, leaving Sorata to contend with his own lack of any particular skill. With brilliance all around him, he thus strives to become an equal to their talent. Revolving around the hardships and joys of its colorful cast, Sakura-sou no Pet na Kanojo is a heartwarming coming-of-age tale of friendship, love, ambition, and heartbreak—through the lens of an ordinary person surrounded by the extraordinary.
",113,1304534,['J.C.Staff'],2012
Dragon Ball Z,8.2,"['Action', 'Adventure', 'Comedy', 'Fantasy', 'Martial Arts', 'Shounen']",291,"Five years after winning the World Martial Arts tournament, Gokuu is now living a peaceful life with his wife and son. This changes, however, with the arrival of a mysterious enemy named Raditz who presents himself as Gokuu's long-lost brother. He reveals that Gokuu is a descendant of the once powerful but now virtually extinct Saiyan race, whose homeworld was annihilated. When he was sent to Earth as a baby, Gokuu's sole purpose was to conquer and destroy the planet; but after suffering amnesia from a head injury, his violent and savage nature changed, and instead was raised as a kind and well-mannered boy, now fighting to protect others.

With his failed attempt at forcibly recruiting Gokuu as an ally, Raditz warns Gokuu's friends of a new threat that's rapidly approaching Earth—one that could plunge Earth into an intergalactic conflict and cause the heavens themselves to shake. A war will soon be fought over the seven mystical Dragon Balls, magic objects that can grant any wish. Only the strongest will survive.",114,1299728,['Toei Animation'],1989
Deadman Wonderland,7.13,"['Action', 'Sci-Fi', 'Supernatural', 'Suspense', 'Gore', 'High Stakes Game', 'Survival', 'Shounen']",12,"It looked like it would be a normal day for Ganta Igarashi and his classmates—they were preparing to go on a class field trip to a certain prison amusement park called Deadman Wonderland, where the convicts perform dangerous acts for the onlookers' amusement. However, Ganta's life is quickly turned upside down when his whole class gets massacred by a mysterious man in red. Framed for the incident and sentenced to death, Ganta is sent to the very jail he was supposed to visit. 

But Ganta's nightmare is only just beginning. 

The young protagonist is thrown into a world of sadistic inmates and enigmatic powers, to live in constant fear of the lethal collar placed around his neck that is slowed only by winning in the prison's deathly games. Ganta must bet his life to survive in a ruthless place where it isn't always easy to tell friend from foe, all while trying to find the mysterious ""Red Man"" and clear his name, in Deadman Wonderland.",115,1298758,['Manglobe'],2011
Haikyuu!! Karasuno Koukou vs. Shiratorizawa Gakuen Koukou,8.77,"['Sports', 'School', 'Team Sports', 'Shounen']",10,"After the victory against Aoba Jousai High, Karasuno High School, once called “a fallen powerhouse, a crow that can’t fly,” has finally reached the climax of the heated Spring tournament. Now, to advance to nationals, the Karasuno team has to defeat the powerhouse Shiratorizawa Academy. Karasuno’s greatest hurdle is their adversary’s ace, Wakatoshi Ushijima, the number one player in the Miyagi Prefecture, and one of the country’s top three aces.

Only the strongest team will make it to the national tournament. Since this match is the third-year players’ last chance to qualify for nationals, Karasuno has to use everything they learned during the training camp and prior matches to attain victory. Filled with restlessness and excitement, both teams are determined to come out on top in the third season of Haikyuu!!.
",116,1297031,['Production I.G'],2016
Kuroko no Basket,8.05,"['Sports', 'School', 'Team Sports', 'Shounen']",25,"For the last three years, Teikou Middle School has dominated the national basketball scene with its legendary lineup: the ""Generation of Miracles."" It consisted of five prodigies who excelled at the sport, but a ""Phantom Sixth Man"" lurked in the shadows and helped earn the team their revered status. Eventually, their monstrous growth jaded them from the sport they loved and made them go their separate ways in high school.

In search of new members, the Seirin High School basketball team recruits Taiga Kagami and Tetsuya Kuroko, two freshmen who seem to have significant differences in abilities. Having returned recently from America, Kagami has both a natural aptitude and relentless love for the sport. Meanwhile, Kuroko lacks presence and exhibits no outstanding athletic talent. However, it is later revealed that he is Teikou's Phantom Sixth Man—the player once part of the Generation of Miracles.

Kuroko wants to prove to the Seirin team that he is strong in his own way. Seeing his conviction, Kagami forms a dynamic partnership with Kuroko, the latter promising to support Kagami's ""light"" as his ""shadow."" Alongside their new Seirin teammates, they aim to conquer the upcoming Interhigh championship, but the reappearance of Kuroko's former teammates complicates their plan.
",117,1284881,['Production I.G'],2012
Tokyo Ghoul:re,6.37,"['Action', 'Fantasy', 'Horror', 'Suspense', 'Gore', 'Psychological', 'Urban Fantasy', 'Seinen']",12,"Two years have passed since the CCG's raid on Anteiku. Although the atmosphere in Tokyo has changed drastically due to the increased influence of the CCG, ghouls continue to pose a problem as they have begun taking caution, especially the terrorist organization Aogiri Tree, who acknowledge the CCG's growing threat to their existence.

The creation of a special team, known as the Quinx Squad, may provide the CCG with the push they need to exterminate Tokyo's unwanted residents. As humans who have undergone surgery in order to make use of the special abilities of ghouls, they participate in operations to eradicate the dangerous creatures. The leader of this group, Haise Sasaki, is a half-ghoul, half-human who has been trained by famed special class investigator, Kishou Arima. However, there's more to this young man than meets the eye, as unknown memories claw at his mind, slowly reminding him of the person he used to be.",118,1273777,['Studio Pierrot'],2018
Monster,8.89,"['Drama', 'Mystery', 'Suspense', 'Adult Cast', 'Psychological', 'Seinen']",74,"Dr. Kenzou Tenma, an elite neurosurgeon recently engaged to his hospital director's daughter, is well on his way to ascending the hospital hierarchy. That is until one night, a seemingly small event changes Dr. Tenma's life forever. While preparing to perform surgery on someone, he gets a call from the hospital director telling him to switch patients and instead perform life-saving brain surgery on a famous performer. His fellow doctors, fiancée, and the hospital director applaud his accomplishment; but because of the switch, a poor immigrant worker is dead, causing Dr. Tenma to have a crisis of conscience.

So when a similar situation arises, Dr. Tenma stands his ground and chooses to perform surgery on the young boy Johan Liebert instead of the town's mayor. Unfortunately, this choice leads to serious ramifications for Dr. Tenma—losing his social standing being one of them. However, with the mysterious death of the director and two other doctors, Dr. Tenma's position is restored. With no evidence to convict him, he is released and goes on to attain the position of hospital director. 

Nine years later when Dr. Tenma saves the life of a criminal, his past comes back to haunt him—once again, he comes face to face with the monster he operated on. He must now embark on a quest of pursuit to make amends for the havoc spread by the one he saved.",119,1271034,['Madhouse'],2004
Jujutsu Kaisen 2nd Season,8.73,"['Action', 'Supernatural', 'Gore', 'School', 'Shounen']",23,"The year is 2006, and the halls of Tokyo Prefectural Jujutsu High School echo with the endless bickering and intense debate between two inseparable best friends. Exuding unshakeable confidence, Satoru Gojou and Suguru Getou believe there is no challenge too great for young and powerful Special Grade sorcerers such as themselves. They are tasked with safely delivering a sensible girl named Riko Amanai to the entity whose existence is the very essence of the jujutsu world. However, the mission plunges them into an exhausting swirl of moral conflict that threatens to destroy the already feeble amity between sorcerers and ordinary humans.

Twelve years later, students and sorcerers are the frontline defense against the rising number of high-level curses born from humans' negative emotions. As the entities grow in power, their self-awareness and ambition increase too. The curses unite for the common goal of eradicating humans and creating a world of only cursed energy users, led by a dangerous, ancient cursed spirit. To dispose of their greatest obstacle—the strongest sorcerer, Gojou—they orchestrate an attack at Shibuya Station on Halloween. Dividing into teams, the sorcerers enter the fight prepared to risk everything to protect the innocent and their own kind.",120,1266679,['MAPPA'],2023
Guilty Crown,7.39,"['Drama', 'Sci-Fi', 'Mecha', 'Super Power']",22,"On December 24, 2029—the day colloquially known as the ""Lost Christmas""—the Apocalypse Virus spread across Japan, bringing death to its citizens and plunging the country into utter chaos. In an effort to establish order, the United Nations sends the GHQ to assist with the crisis by containing the outbreak while removing all political autonomy in the process. A decade later, the country still lives under their control, unable to break free from their draconian rule.

Frustrated with the state of the nation, a resistance group named the Funeral Parlor aims to liberate Japan from the GHQ. Led by the charismatic Gai Tsutsugami, the group plots to steal a vial containing the ""Void Genome"" to further their goals. The vial falls into the hands of internet vocalist Inori Yuzuriha, who ends up being hunted by the GHQ's Anti-Bodies forces. Having nowhere to go, she seeks refuge in a warehouse where she meets Shuu Ouma—a socially awkward high school student who is a huge fan of her music.

Shuu gets dragged into the conflict the moment he rescues Inori, and the Void Genome shatters in his hand, granting him the ""Power of the Kings."" While learning how to control his grand new ability, Shuu must now fight to liberate Japan from its cruel oppressors.
",121,1263596,['Production I.G'],2011
Clannad: After Story,8.93,"['Drama', 'Romance']",24,"Tomoya Okazaki and Nagisa Furukawa have graduated from high school, and together, they experience the emotional rollercoaster of growing up. Unable to decide on a course for his future, Tomoya learns the value of a strong work ethic and discovers the strength of Nagisa's support. Through the couple's dedication and unity of purpose, they push forward to confront their personal problems, deepen their old relationships, and create new bonds.

Time also moves on in the Illusionary World. As the plains grow cold with the approach of winter, the Illusionary Girl and the Garbage Doll are presented with a difficult situation that reveals the World's true purpose.",122,1260878,['Kyoto Animation'],2008
Kuroshitsuji,7.65,"['Action', 'Mystery', 'Supernatural', 'Historical', 'Mythology', 'Shounen']",24,"Young Ciel Phantomhive is known as ""the Queen's Guard Dog,"" taking care of the many unsettling events that occur in Victorian England for Her Majesty. Aided by Sebastian Michaelis, his loyal butler with seemingly inhuman abilities, Ciel uses whatever means necessary to get the job done. But is there more to this black-clad butler than meets the eye?

In Ciel's past lies a secret tragedy that enveloped him in perennial darkness—during one of his bleakest moments, he formed a contract with Sebastian, a demon, bargaining his soul in exchange for vengeance upon those who wronged him. Today, not only is Sebastian one hell of a butler, but he is also the perfect servant to carry out his master's orders—all the while anticipating the delicious meal he will eventually make of Ciel's soul. As the two work to unravel the mystery behind Ciel's chain of misfortunes, a bond forms between them that neither heaven nor hell can tear apart.",123,1253040,['A-1 Pictures'],2008
Zankyou no Terror,8.08,"['Mystery', 'Suspense', 'Detective', 'Psychological']",11,"Painted in red, the word ""VON"" is all that is left behind after a terrorist attack on a nuclear facility in Japan. The government is shattered by their inability to act, and the police are left frantically searching for ways to crack down the perpetrators. The public are clueless—until, six months later, a strange video makes its way onto the internet. In it, two teenage boys who identify themselves only as ""Sphinx"" directly challenge the police, threatening to cause destruction and mayhem across Tokyo. Unable to stop the mass panic quickly spreading through the city and desperate for any leads in their investigation, the police struggle to act effectively against these terrorists, with Detective Kenjirou Shibazaki caught in the middle of it all.

Zankyou no Terror tells the story of Nine and Twelve, the two boys behind the masked figures of Sphinx. They should not exist, yet they stand strong in a world of deception and secrets while they make the city fall around them, all in the hopes of burying their own tragic truth.",124,1251614,['MAPPA'],2014
Sono Bisque Doll wa Koi wo Suru,8.14,"['Romance', 'Otaku Culture', 'School', 'Seinen']",12,"High school student Wakana Gojou spends his days perfecting the art of making hina dolls, hoping to eventually reach his grandfather's level of expertise. While his fellow teenagers busy themselves with pop culture, Gojou finds bliss in sewing clothes for his dolls. Nonetheless, he goes to great lengths to keep his unique hobby a secret, as he believes that he would be ridiculed were it revealed. 

Enter Marin Kitagawa, an extraordinarily pretty girl whose confidence and poise are in stark contrast to Gojou's meekness. It would defy common sense for the friendless Gojou to mix with the likes of Kitagawa, who is always surrounded by her peers. However, the unimaginable happens when Kitagawa discovers Gojou's prowess with a sewing machine and brightly confesses to him about her own hobby: cosplay. Because her sewing skills are pitiable, she decides to enlist his help.

As Gojou and Kitagawa work together on one cosplay outfit after another, they cannot help but grow close—even though their lives are worlds apart.
",125,1250648,['CloverWorks'],2022
Sousou no Frieren,9.29,"['Adventure', 'Drama', 'Fantasy', 'Shounen']",28,"During their decade-long quest to defeat the Demon King, the members of the hero's party—Himmel himself, the priest Heiter, the dwarf warrior Eisen, and the elven mage Frieren—forge bonds through adventures and battles, creating unforgettable precious memories for most of them.

However, the time that Frieren spends with her comrades is equivalent to merely a fraction of her life, which has lasted over a thousand years. When the party disbands after their victory, Frieren casually returns to her ""usual"" routine of collecting spells across the continent. Due to her different sense of time, she seemingly holds no strong feelings toward the experiences she went through.

As the years pass, Frieren gradually realizes how her days in the hero's party truly impacted her. Witnessing the deaths of two of her former companions, Frieren begins to regret having taken their presence for granted; she vows to better understand humans and create real personal connections. Although the story of that once memorable journey has long ended, a new tale is about to begin.",127,1239247,['Madhouse'],2023
Re:Zero kara Hajimeru Isekai Seikatsu 2nd Season,8.33,"['Drama', 'Fantasy', 'Suspense', 'Isekai', 'Psychological', 'Time Travel']",13,"A reunion that was supposed to spell the arrival of peaceful times is quickly shattered when Subaru Natsuki and Emilia return to Irlam village. Witnessing the devastation left behind by the calamities known as Sin Archbishops, Subaru sinks into the depths of despair as his ability to redo proves futile.

As the group makes their way to the Sanctuary in search of answers, Subaru has an unexpected encounter with the Witch of Greed—Echidna. Subjected to her untamed rhythm, he is forced to dive into the spirals of the past and future. At the same time, several mysterious threats set their sights on the Sanctuary, heralding a horrific fate for the hapless people trapped within.

Everlasting contracts, past sins, and unrequited love will clash and submerge into a river of blood in the second season of Re:Zero kara Hajimeru Isekai Seikatsu. Pushed to the brink of hopelessness, how long will Subaru's resolve to save his loved ones last?",128,1235960,['White Fox'],2020
Nisekoi,7.55,"['Comedy', 'Romance', 'Harem', 'School', 'Shounen']",20,"Raku Ichijou, a first-year student at Bonyari High School, is the sole heir to an intimidating yakuza family. Ten years ago, Raku made a promise to his childhood friend. Now, all he has to go on is a pendant with a lock, which can only be unlocked with the key which the girl took with her when they parted.

Now, years later, Raku has grown into a typical teenager, and all he wants is to remain as uninvolved in his yakuza background as possible while spending his school days alongside his middle school crush Kosaki Onodera. However, when the American Bee Hive Gang invades his family's turf, Raku's idyllic romantic dreams are sent for a toss as he is dragged into a frustrating conflict: Raku is to pretend that he is in a romantic relationship with Chitoge Kirisaki, the beautiful daughter of the Bee Hive's chief, so as to reduce the friction between the two groups. Unfortunately, reality could not be farther from this whopping lie—Raku and Chitoge fall in hate at first sight, as the girl is convinced he is a pathetic pushover, and in Raku's eyes, Chitoge is about as attractive as a savage gorilla. 

Nisekoi follows the daily antics of this mismatched couple who have been forced to get along for the sake of maintaining the city's peace. With many more girls popping up his life, all involved with Raku's past somehow, his search for the girl who holds his heart and his promise leads him in more unexpected directions than he expects.",129,1226400,['Shaft'],2014
Kyoukai no Kanata,7.71,"['Action', 'Supernatural', 'School']",12,"Mirai Kuriyama is the sole survivor of a clan of Spirit World warriors with the power to employ their blood as weapons. As such, Mirai is tasked with hunting down and killing ""youmu""—creatures said to be the manifestation of negative human emotions. One day, while deep in thought on the school roof, Mirai comes across Akihito Kanbara, a rare half-breed of youmu in human form. In a panicked state, she plunges her blood saber into him only to realize that he's an immortal being. From then on, the two form an impromptu friendship that revolves around Mirai constantly trying to kill Akihito, in an effort to boost her own wavering confidence as a Spirit World warrior. Eventually, Akihito also manages to convince her to join the Literary Club, which houses two other powerful Spirit World warriors, Hiroomi and Mitsuki Nase.

As the group's bond strengthens, however, so does the tenacity of the youmu around them. Their misadventures will soon turn into a fight for survival as the inevitable release of the most powerful youmu, Beyond the Boundary, approaches.",130,1225540,['Kyoto Animation'],2013
JoJo no Kimyou na Bouken Part 4: Diamond wa Kudakenai,8.5,"['Action', 'Adventure', 'Super Power', 'Shounen']",39,"The year is 1999. Morioh, a normally quiet and peaceful town, has recently become a hotbed of strange activity. Joutarou Kuujou, now a marine biologist, heads to the mysterious town to meet Jousuke Higashikata. While the two may seem like strangers at first, Jousuke is actually the illegitimate child of Joutarou's grandfather, Joseph Joestar. When they meet, Joutarou realizes that he may have more in common with Jousuke than just a blood relation.

Along with the mild-mannered Kouichi Hirose and the boisterous Okuyasu Nijimura, the group dedicates themselves to investigating recent disappearances and other suspicious occurrences within Morioh. Aided by the power of Stands, the four men will encounter danger at every street corner, as it is up to them to unravel the town's secrets, before another occurs.",131,1224213,['David Production'],2016
Saiki Kusuo no Ψ-nan,8.41,"['Comedy', 'Gag Humor', 'School', 'Super Power', 'Shounen']",120,"To the average person, psychic abilities might seem a blessing; for Kusuo Saiki, however, this could not be further from the truth. Gifted with a wide assortment of supernatural abilities ranging from telepathy to x-ray vision, he finds this so-called blessing to be nothing but a curse. As all the inconveniences his powers cause constantly pile up, all Kusuo aims for is an ordinary, hassle-free life—a life where ignorance is bliss.

Unfortunately, the life of a psychic is far from quiet. Though Kusuo tries to stay out of the spotlight by keeping his powers a secret from his classmates, he ends up inadvertently attracting the attention of many odd characters, such as the empty-headed Riki Nendou and the delusional Shun Kaidou. Forced to deal with the craziness of the people around him, Kusuo comes to learn that the ordinary life he has been striving for is a lot more difficult to achieve than expected.",132,1212696,"['J.C.Staff', 'Egg Firm']",2016
Goblin Slayer,7.42,"['Action', 'Adventure', 'Fantasy', 'Gore']",12,"Goblins are known for their ferocity, cunning, and rapid reproduction, but their reputation as the lowliest of monsters causes their threat to be overlooked. Raiding rural civilizations to kidnap females of other species for breeding, these vile creatures are free to continue their onslaught as adventurers turn a blind eye in favor of more rewarding assignments with larger bounties.

To commemorate her first day as a Porcelain-ranked adventurer, the 15-year-old Priestess joins a band of young, enthusiastic rookies to investigate a tribe of goblins responsible for the disappearance of several village women. Unprepared and inexperienced, the group soon faces its inevitable demise from an ambush while exploring a cave. With no one else left standing, the terrified Priestess accepts her fate—until the Goblin Slayer unexpectedly appears to not only rescue her with little effort, but destroy the entire goblin nest. 

As a holder of the prestigious Silver rank, the Goblin Slayer allows her to accompany him as he assists the Adventurer's Guild in all goblin-related matters. Together with the Priestess, High Elf, Dwarf, and Lizardman, the armored warrior will not rest until every single goblin in the frontier lands has been eradicated for good.",133,1208458,['White Fox'],2018
JoJo no Kimyou na Bouken Part 3: Stardust Crusaders - Egypt-hen,8.44,"['Action', 'Adventure', 'Super Power', 'Shounen']",24,"Joutarou Kuujou and his allies have finally made it to Egypt, where the immortal Dio awaits. Upon their arrival, the group gains a new comrade: Iggy, a mutt who wields the Stand ""The Fool."" It's not all good news however, as standing in their path is a new group of Stand users who serve Dio, each with a Stand representative of an ancient Egyptian god. As their final battle approaches, it is a race against time to break Joutarou's mother free from her curse and end Dio's reign of terror over the Joestar family once and for all.",134,1207944,['David Production'],2015
Ouran Koukou Host Club,8.16,"['Comedy', 'Romance', 'Crossdressing', 'Reverse Harem', 'School', 'Shoujo']",26,"Haruhi Fujioka is a studious girl who has recently enrolled at the prestigious Ouran Academy. One day, while looking for a quiet and peaceful place to study, she stumbles across a seemingly unused music room. Upon entering, Haruhi is welcomed by the members of the well-known Host Club: a club in which attractive boys amuse girls from across the entire school. However, when Tamaki Suou—the founder and president of the club—startles the bright scholarship student, she accidentally breaks an expensive vase.

With repayment looking difficult for Haruhi, the Host Club members come up with the perfect solution to the girl's problem: work for the club and ultimately become a Host herself! Mistaken for a boy by her peers, Haruhi has to entertain various female students while coping with her fellow Hosts' extravagant personalities.
",135,1204097,['Bones'],2006
Shokugeki no Souma: Ni no Sara,8.06,"['Gourmet', 'Ecchi', 'School', 'Shounen']",13,"The qualifiers of the Autumn Elections are now over, and only eight talented chefs remain. Now, they face off in one-on-one food wars, each with their own unique themes. Met with both new judges and new opponents all with their own specialties, Souma must stay on his toes if he hopes to make it to the top of both the Autumn Elections and Tootsuki Culinary Academy.",136,1190246,['J.C.Staff'],2016
Nanatsu no Taizai: Imashime no Fukkatsu,7.54,"['Action', 'Adventure', 'Fantasy', 'Shounen']",24,"The fierce battle between Meliodas, the captain of the Seven Deadly Sins, and the Great Holy Knight Hendrickson has devastating consequences. Armed with the fragments necessary for the revival of the Demon Clan, Hendrickson breaks the seal, allowing the Commandments to escape, all of whom are mighty warriors working directly under the Demon King himself. Through a mysterious connection, Meliodas instantly identifies them; likewise, the 10 Commandments, too, seem to sense his presence.

As the demons leave a path of destruction in their wake, the Seven Deadly Sins must find a way to stop them before the Demon Clan drowns Britannia in blood and terror.",137,1187752,['A-1 Pictures'],2018
Fate/Zero 2nd Season,8.54,"['Action', 'Fantasy', 'Urban Fantasy']",12,"As the Fourth Holy Grail War rages on with no clear victor in sight, the remaining Servants and their Masters are called upon by Church supervisor Risei Kotomine, in order to band together and confront an impending threat that could unravel the Grail War and bring about the destruction of Fuyuki City. The uneasy truce soon collapses as Masters demonstrate that they will do anything in their power, no matter how despicable, to win.

Seeds of doubt are sown between Kiritsugu Emiya and Saber, his Servant, as their conflicting ideologies on heroism and chivalry clash. Meanwhile, an ominous bond forms between Kirei Kotomine, who still seeks to find his purpose in life, and one of the remaining Servants. As the countdown to the end of the war reaches zero, the cost of winning begins to blur the line between victory and defeat.",138,1174673,['ufotable'],2012
Log Horizon,7.9,"['Action', 'Adventure', 'Fantasy', 'Adult Cast', 'Video Game']",25,"In the blink of an eye, thirty thousand bewildered Japanese gamers are whisked from their everyday lives into the world of the popular MMORPG, Elder Tale, after the game's latest update—unable to log out. Among them is the socially awkward college student Shiroe, whose confusion and shock lasts only a moment as, a veteran of the game, he immediately sets out to explore the limits of his new reality.

Shiroe must learn to live in this new world, leading others and negotiating with the NPC ""natives"" in order to bring stability to the virtual city of Akihabara. He is joined by his unfortunate friend Naotsugu, having logged in for the first time in years only to find himself trapped, and Akatsuki, a petite but fierce assassin who labels Shiroe as her master. A tale of fantasy, adventure, and politics, Log Horizon explores the elements of gaming through the eyes of a master strategist who attempts to make the best of a puzzling situation.",139,1167669,['Satelight'],2013
Dr. Stone: Stone Wars,8.15,"['Adventure', 'Comedy', 'Sci-Fi', 'Shounen']",11,"Senkuu has made it his goal to bring back two million years of human achievement and revive the entirety of those turned to statues. However, one man stands in his way: Tsukasa Shishiou, who believes that only the fittest of those petrified should be revived.

As the snow melts and spring approaches, Senkuu and his allies in Ishigami Village finish the preparations for their attack on the Tsukasa Empire. With a reinvented cell phone model now at their disposal, the Kingdom of Science is ready to launch its newest scheme to recruit the sizable numbers of Tsukasa's army to their side. However, it is a race against time; for every day the Kingdom of Science spends perfecting their inventions, the empire rapidly grows in number.

Reuniting with old friends and gaining new allies, Senkuu and the Kingdom of Science must stop Tsukasa's forces in order to fulfill their goal of restoring humanity and all its creations. With the two sides each in pursuit of their ideal world, the Stone Wars have now begun!",141,1165117,['TMS Entertainment'],2021
Fate/stay night: Unlimited Blade Works,8.18,"['Action', 'Fantasy', 'Urban Fantasy']",12,"The Holy Grail War is a battle royale among seven magi who serve as Masters. Masters, through the use of the command seals they are given when they enter the war, command Heroic Spirits known as Servants to fight for them in battle. In the Fifth Holy Grail War, Rin Toosaka is among the magi entering the competition. With her Servant, Archer, she hopes to obtain the ultimate prize—the Holy Grail, a magical artifact capable of granting its wielder any wish.

One of Rin's classmates, Shirou Emiya, accidentally enters the competition and ends up commanding a Servant of his own known as Saber. As they find themselves facing mutual enemies, Rin and Shirou decide to form a temporary alliance as they challenge their opponents in the Holy Grail War. ",142,1148895,['ufotable'],2014
Tonari no Kaibutsu-kun,7.45,"['Comedy', 'Romance', 'School', 'Shoujo']",13,"Shizuku Mizutani is apathetic toward her classmates, only caring about her grades. However, her cold view of life begins to change when she meets Haru Yoshida, a violent troublemaker who stopped attending class after getting into a fight early in the school year. He is not much different from her, though—he too understands little about human nature and does not have any friends. Much to Shizuku's surprise, he proclaims that she will be his friend and immediately confesses his feelings toward her upon meeting her.

Because of her lack of friends and social interaction, Shizuku has a hard time understanding her relationship with Haru. But slowly, their friendship begins to progress, and she discovers that there is more to Haru than violence. She begins to  develop feelings for him, but is unsure what kind of emotions she is experiencing. Together, Shizuku and Haru explore the true nature of their relationship and emotions.",143,1148122,"[""Brain's Base""]",2012
Yahari Ore no Seishun Love Comedy wa Machigatteiru. Zoku,8.2,"['Comedy', 'Romance', 'Love Polygon', 'School']",13,"With the Volunteer Service Club now firmly established, it is receiving more requests from students in search of solutions to their various issues. However, the club members often struggle to see eye to eye when it comes to their problem-solving ideals. The suggestions that Hachiman Hikigaya recommends frequently clash with those of Yukino Yukinoshita, fracturing the relationships within the club. 

Despite their differences, with the trio constantly trying to find common ground, they may soon reach a point where they discover something genuine.
",145,1136241,['feel.'],2015
Gintama,8.93,"['Action', 'Comedy', 'Sci-Fi', 'Gag Humor', 'Historical', 'Parody', 'Samurai', 'Shounen']",201,"Edo is a city that was home to the vigor and ambition of samurai across the country. However, following feudal Japan's surrender to powerful aliens known as the ""Amanto,"" those aspirations now seem unachievable. With the once-influential shogunate rebuilt as a puppet government, a new law is passed that promptly prohibits all swords in public. 

Enter Gintoki Sakata, an eccentric silver-haired man who always carries around a wooden sword and maintains his stature as a samurai despite the ban. As the founder of Yorozuya, a small business for odd jobs, Gintoki often embarks on endeavors to help other people—though usually in rather strange and unforeseen ways. 

Assisted by Shinpachi Shimura, a boy with glasses supposedly learning the way of the samurai; Kagura, a tomboyish girl with superhuman strength and an endless appetite; and Sadaharu, their giant pet dog who loves biting on people's heads, the Yorozuya encounter anything from alien royalty to scuffles with local gangs in the ever-changing world of Edo.",146,1131556,['Sunrise'],2006
Mahouka Koukou no Rettousei,7.37,"['Action', 'Fantasy', 'Romance', 'Sci-Fi', 'School', 'Urban Fantasy']",26,"In the dawn of the 21st century, magic, long thought to be folklore and fairy tales, has become a systematized technology and is taught as a technical skill. In First High School, the institution for magicians, students are segregated into two groups based on their entrance exam scores: ""Blooms,"" those who receive high scores, are assigned to the First Course, while ""Weeds"" are reserve students assigned to the Second Course.

Mahouka Koukou no Rettousei follows the siblings, Tatsuya and Miyuki Shiba, who are enrolled in First High School. Upon taking the exam, the prodigious Miyuki is placed in the First Course, while Tatsuya is relegated to the Second Course. Though his practical test scores and status as a ""Weed"" show him to be magically inept, he possesses extraordinary technical knowledge, physical combat capabilities, and unique magic techniques—making Tatsuya the irregular at a magical high school.",147,1130664,['Madhouse'],2014
JoJo no Kimyou na Bouken Part 5: Ougon no Kaze,8.58,"['Action', 'Adventure', 'Organized Crime', 'Super Power', 'Shounen']",39,"In the coastal city of Naples, corruption is teeming—the police blatantly conspire with outlaws, drugs run rampant around the youth, and the mafia governs the streets with an iron fist. However, various fateful encounters will soon occur.

Enter Giorno Giovanna, a 15-year-old boy with an eccentric connection to the Joestar family, who makes a living out of part-time jobs and pickpocketing. Furthermore, he is gifted with the unexplained Stand ability to give and create life—growing plants from the ground and turning inanimate objects into live animals, an ability he has dubbed ""Gold Experience."" Fascinated by the might of local gangsters, Giorno has dreamed of rising up in their ranks and becoming a ""Gang-Star,"" a feat made possible by his encounter with Bruno Bucciarati, a member of the Passione gang with his own sense of justice.

JoJo no Kimyou na Bouken: Ougon no Kaze follows the endeavors of Giorno after joining Bruno's team while working under Passione, fending off other gangsters and secretly plotting to overthrow their mysterious boss.",148,1124926,['David Production'],2018
Sword Art Online: Alicization,7.57,"['Action', 'Adventure', 'Fantasy', 'Video Game']",24,"The Soul Translator is a state-of-the-art full-dive interface which interacts with the user's Fluctlight—the technological equivalent of a human soul—and fundamentally differs from the orthodox method of sending signals to the brain. The private institute Rath aims to perfect their creation by enlisting the aid of Sword Art Online survivor Kazuto Kirigaya. He works there as a part-time employee to test the system's capabilities in the Underworld: the fantastical realm generated by the Soul Translator. As per the confidentiality contract, any memories created by the machine in the virtual world are wiped upon returning to the real world. Kazuto can only vaguely recall a single name, Alice, which provokes a sense of unease when mentioned in reality.

When Kazuto escorts Asuna Yuuki home one evening, they chance upon a familiar foe. Kazuto is mortally wounded in the ensuing fight and loses consciousness. When he comes to, he discovers that he has made a full-dive into the Underworld with seemingly no way to escape. He sets off on a quest, seeking a way back to the physical world once again.",149,1118751,['A-1 Pictures'],2018
Dragon Ball,7.98,"['Action', 'Adventure', 'Comedy', 'Fantasy', 'Martial Arts', 'Shounen']",153,"Gokuu Son is a young boy who lives in the woods all alone—that is, until a girl named Bulma runs into him in her search for a set of magical objects called the ""Dragon Balls."" Since the artifacts are said to grant one wish to whoever collects all seven, Bulma hopes to gather them and wish for a perfect boyfriend. Gokuu happens to be in possession of a dragon ball, but unfortunately for Bulma, he refuses to part ways with it, so she makes him a deal: he can tag along on her journey if he lets her borrow the dragon ball's power. With that, the two set off on the journey of a lifetime.

They don't go on the journey alone. On the way, they meet the old Muten-Roshi and wannabe disciple Kuririn, with whom Gokuu trains to become a stronger martial artist for the upcoming World Martial Arts Tournament. However, it's not all fun and games; the ability to make any wish come true is a powerful one, and there are others who would do much worse than just wishing for a boyfriend. To stop those who would try to abuse the legendary power, they train to become stronger fighters, using their newfound strength to help the people around them along the way.",150,1114384,['Toei Animation'],1986
ReLIFE,7.96,"['Drama', 'Romance', 'School']",13,"Dismissed as a hopeless loser by those around him, 27-year-old Arata Kaizaki bounces around from one job to another after quitting his first company. His unremarkable existence takes a sharp turn when he meets Ryou Yoake, a member of the ReLife Research Institute, who offers Arata the opportunity to change his life for the better with the help of a mysterious pill. Taking it without a second thought, Arata awakens the next day to find that his appearance has reverted to that of a 17-year-old.

Arata soon learns that he is now the subject of a unique experiment and must attend high school as a transfer student for one year. Though he initially believes it will be a cinch due to his superior life experience, Arata is proven horribly wrong on his first day: he flunks all his tests, is completely out of shape, and can't keep up with the new school policies that have cropped up in the last 10 years. Furthermore, Ryou has been assigned to observe him, bringing Arata endless annoyance. ReLIFE follows Arata's struggle to adjust to his hectic new lifestyle and avoid repeating his past mistakes, all while slowly discovering more about his fellow classmates.",151,1114230,['TMS Entertainment'],2016
Golden Time,7.74,"['Drama', 'Romance', 'Adult Cast', 'Love Polygon']",24,"Due to a tragic accident, Banri Tada is struck with amnesia, dissolving the memories of his hometown and past. However, after befriending Mitsuo Yanagisawa, he decides to move on and begin a new life at law school in Tokyo. But just as he is beginning to adjust to his college life, the beautiful Kouko Kaga dramatically barges into Banri's life, and their chance meeting marks the beginning of an unforgettable year. 

After having a glimpse of college life, Banri learns that he is in a new place and a new world—a place where he can be reborn, have new friends, fall in love, make mistakes, and grow. And as he begins to discover who he was, the path he has chosen leads him towards a blindingly bright life that he will never want to forget.",152,1112231,['J.C.Staff'],2013
K-On!,7.86,"['Comedy', 'CGDCT', 'Music', 'School']",13,"A fresh high school year always means much to come, and one of those things is joining a club. Being in a dilemma about which club to join, Yui Hirasawa stumbles upon and applies for the Light Music Club, which she misinterprets to be about playing simple instruments, such as castanets. Unable to play an instrument, she decides to visit to apologize and quit.

Meanwhile, the Light Music Club faces disbandment due to a lack of members. This causes the club members to offer anything, from food to slacking off during club time, in order to convince Yui to join. Despite their efforts, Yui insists on leaving due to her lack of musical experience. As a last resort, they play a piece for Yui, which sparks her fiery passion and finally convinces her to join the club.

From then onward, it is just plain messing around with bits and pieces of practice. The members of the Light Music Club are ready to make their time together a delightful one!",153,1107146,['Kyoto Animation'],2009
Overlord II,7.75,"['Action', 'Adventure', 'Fantasy', 'Isekai']",13,"Ainz Ooal Gown, the undead sorcerer formerly known as Momonga, has accepted his place in this new world. Though it bears similarities to his beloved virtual reality game Yggdrasil, it still holds many mysteries which he intends to uncover, by utilizing his power as ruler of the Great Tomb of Nazarick. However, ever since the disastrous brainwashing of one of his subordinates, Ainz has become wary of the impending dangers of the Slane Theocracy, as well as the possible existence of other former Yggdrasil players. Meanwhile, Albedo, Demiurge and the rest of Ainz's loyal guardians set out to prepare for the next step in their campaign: Nazarick's first war…

Overlord II picks up immediately after its prequel, continuing the story of Ainz Ooal Gown, his eclectic army of human-hating guardians, and the many hapless humans affected by the Overlord's arrival.",154,1105857,['Madhouse'],2018
Magi: The Labyrinth of Magic,8.01,"['Action', 'Adventure', 'Fantasy', 'Shounen']",25,"A Magi is a magician whose inclination toward magic is so immense that they can be said to shape the world. With their significant influence, each Magi chooses a worthy candidate to become a king, then helps them conquer strange labyrinths called ""Dungeons"" and acquire the power of mythical djinns within. Above all else, the Magi supervises their elected representative as they build a country that might one day bring the world to its knees.

Aladdin is a young Magi wandering the world in search of his true self. However, his journey is not a lonely one, as he is accompanied by his friend and mentor Ugo—a djinn he summons using his flute. In his travels, Aladdin also befriends Alibaba Saluja and guides him to a nearby Dungeon. With this newfound friendship, they begin an epic adventure across the world, witnessing various irregularities that seem more frequent than ever.
",155,1102747,['A-1 Pictures'],2012
Date A Live,7.14,"['Action', 'Fantasy', 'Romance', 'Sci-Fi', 'Harem', 'School', 'Urban Fantasy']",12,"Thirty years ago, the Eurasian continent was devastated by a supermassive ""spatial quake""—a phenomenon involving space vibrations of unknown origin—resulting in the deaths of over 150 million people. Since then, these quakes have been plaguing the world intermittently, albeit on a lighter scale.

Shidou Itsuka is a seemingly average high school student who lives with his younger sister, Kotori. When an imminent spatial quake threatens the safety of Tengu City, he rushes to save her, only to be caught in the resulting eruption. He discovers a mysterious girl at its source, who is revealed to be a ""Spirit,"" an otherworldly entity whose appearance triggers a spatial quake. Soon after, he becomes embroiled in a skirmish between the girl and the Anti-Spirit Team, a ruthless strike force with the goal of annihilating Spirits.

However, there is a third party that  believes in saving the spirits: ""Ratatoskr,"" which surprisingly is commanded by Shidou's little sister!  Kotori forcibly recruits Shidou after the clash, presenting to him an alternative method of dealing with the danger posed by the Spirits—make them fall in love with him. Now, the fate of the world rests on his dating prowess, as he seeks out Spirits in order to charm them.",157,1096221,['AIC PLUS+'],2013
Black Lagoon,8.03,"['Action', 'Adult Cast', 'Organized Crime', 'Seinen']",12,"Salaryman Rokurou Okajima spends his days trying to climb his company's corporate ladder, until one day when a business negotiation in Thailand goes awry. During the botched deal, he falls hostage to the Lagoon Company—a band of ruthless pirate mercenaries. Left to the whims of his captors after his managers refuse to pay his ransom, Rokurou does the unthinkable: instead of begging for his life, he joins the very crew who kidnapped him.

Now a member of the group, Rokurou must adjust to his new residence in the dissolute hellscape known as Roanapur, a city where corruption and crime run rampant, and even the smallest slipup could cost him his life. If not for one of the many crime syndicates on the island, Rokurou also constantly finds himself at odds with his brash, gunslinging colleague, Revy. 

As Rokurou struggles to abandon his past—and with more than just the profits from the Lagoon Company's illegal trading on the line—he must quickly find the resolve to make tough decisions in high-stress situations while keeping his humanity intact.
",158,1083425,['Madhouse'],2006
Spy x Family Part 2,8.21,"['Action', 'Comedy', 'Childcare', 'Super Power', 'Shounen']",13,"With Anya Forger successfully enrolled at the renowned Eden Academy, Operation Strix advances to its second phase. To investigate Ostanian politician Donovan Desmond, Anya must either befriend his son Damian or collect eight Stella Stars to become an Imperial Scholar. Fortunately, Anya has already acquired her first star. In celebration, her adoptive father, Loid, decides to fulfill her wish to adopt a dog.

During their canine search, Loid receives new orders from his superiors, who have found that a band of Berlint University students is plotting to assassinate Westalis' Minister Brantz using bombs worn by trained dogs. While Loid tries to stop their plans, Anya stumbles upon the terrorists' base of operations. There, she befriends a kindhearted, clairvoyant dog who the family later names Bond.

Although the Forgers continue to lead their individual lives in secrecy, the family—with a new fluffy addition—remains united through all of the unusual obstacles thrown their way.",159,1078499,"['Wit Studio', 'CloverWorks']",2022
Prison School,7.59,"['Comedy', 'Ecchi', 'Gag Humor', 'School', 'Seinen']",12,"Located on the outskirts of Tokyo, Hachimitsu Private Academy is a prestigious all-girls boarding school, famous for its high-quality education and disciplined students. However, this is all about to change due to the revision of the school's most iconic policy, as boys are now able to enroll as well.

At the start of the first semester under this new decree, a mere five boys have been accepted, effectively splitting the student body into a ratio of two hundred girls to one boy. Kiyoshi, Gakuto, Shingo, Andre, and Jo are quickly cast away without having a chance to make any kind of a first impression. Unable to communicate with their fellow female students, the eager boys set their sights on a far more dangerous task: peeping into the girls' bath!

It is only after their plan is thoroughly decimated by the infamous Underground Student Council that the motley crew find their freedom abruptly taken from them, as they are thrown into the school's prison with the sentence of an entire month as punishment. Thus begins the tale of the boys' harsh lives in Prison School, a righteous struggle that will ultimately test the bonds of friendship and perverted brotherhood.",160,1077671,['J.C.Staff'],2015
Tensei shitara Slime Datta Ken 2nd Season,8.35,"['Action', 'Comedy', 'Fantasy', 'Isekai', 'Reincarnation', 'Shounen']",12,"Taking a break from his time as a teacher, the powerful slime Rimuru Tempest returns to his kingdom, eponymously named Tempest, just in time to begin negotiations with a nearby nation—the Kingdom of Eurazania. While the negotiations are anything but peaceful, they do end successfully, allowing Rimuru to return and finish teaching. When trying to again return to Tempest, this time permanently, Rimuru is stopped by a mysterious figure who is somehow able to constrain the many magical abilities he has at his disposal. 

In Tempest, the situation is even worse. A group of unknown humans has invaded the land and are assaulting its citizens, both influential and innocent. They are not just trying to bring harm either—they have the intent to kill. Can Rimuru overcome his powerful and dangerous foe and return to Tempest before it is too late?  ",162,1074819,['8bit'],2021
Wotaku ni Koi wa Muzukashii,7.92,"['Comedy', 'Romance', 'Adult Cast', 'Otaku Culture', 'Workplace']",11,"Having slept through all four of her alarms, the energetic Narumi Momose finds herself running late for her first day of work at a new office. As she races to catch her train, she makes a promise to herself that none of her coworkers will find out about her dark secret: that she is an otaku and a fujoshi. Her plan goes instantly awry, though, when she runs into Hirotaka Nifuji, an old friend from middle school. Although she tries to keep her secret by inviting him out for drinks after work, her cover is blown when he casually asks her whether or not she will be attending the upcoming Summer Comiket. Luckily for her, the only witnesses—Hanako Koyanagi and Tarou Kabakura—are otaku as well.

Later that night, the pair go out for drinks so that they can catch up after all the years apart. After Narumi complains about her previous boyfriend breaking up with her because he refused to date a fujoshi, Hirotaka suggests that she try dating a fellow otaku, specifically himself. He makes a solemn promise to always be there for her, to support her, and to help her farm for rare drops in Monster Hunter. Blown away by the proposal, Narumi agrees immediately. Thus the two otaku start dating, and their adorably awkward romance begins.",163,1073325,['A-1 Pictures'],2018
Mushoku Tensei: Isekai Ittara Honki Dasu Part 2,8.62,"['Adventure', 'Drama', 'Fantasy', 'Ecchi', 'Isekai', 'Reincarnation']",12,"After the mysterious mana calamity, Rudeus Greyrat and his fierce student Eris Boreas Greyrat are teleported to the Demon Continent. There, they team up with their newfound companion Ruijerd Supardia—the former leader of the Superd's Warrior group—to form ""Dead End,"" a successful adventurer party. Making a name for themselves, the trio journeys across the continent to make their way back home to Fittoa.

Following the advice he received from the faceless god Hitogami, Rudeus saves Kishirika Kishirisu, the Great Emperor of the Demon World, who rewards him by granting him a strange power. Now, as Rudeus masters the powerful ability that offers a number of new opportunities, it might prove to be more than what he bargained for when unexpected dangers threaten to hinder their travels.",164,1073025,['Studio Bind'],2021
"Kanojo, Okarishimasu",6.88,"['Comedy', 'Romance', 'Adult Cast', 'Harem', 'Shounen']",12,"Kazuya Kinoshita is a 20-year-old college student who has a wonderful girlfriend: the bright and sunny Mami Nanami. But suddenly, he does not. Without warning, Mami breaks up with him, leaving him utterly heartbroken and lonely. Seeking to soothe the pain, he hires a rental girlfriend through an online app. His partner is Chizuru Mizuhara, who through her unparalleled beauty and cute demeanor, manages to gain Kazuya's affection.

But after reading similar experiences other customers had had with Chizuru, Kazuya believes her warm smile and caring personality were all just an act to toy with his heart, and he rates her poorly. Aggravated, Chizuru lambastes him for his shameless hypocrisy, revealing her true pert and hot-tempered self. This one-sided exchange is cut short, however, when Kazuya finds out that his grandmother has collapsed.

They dash toward the hospital and find Kazuya's grandmother already in good condition. Baffled by Chizuru's presence, she asks who this girl might be. On impulse, Kazuya promptly declares that they are lovers, forcing Chizuru to play the part. But with Kazuya still hung up on his previous relationship with Mami, how long can this difficult client and reluctant rental girlfriend keep up their act?",165,1064544,['TMS Entertainment'],2020
Kaguya-sama wa Kokurasetai: Ultra Romantic,8.97,"['Comedy', 'Romance', 'School', 'Seinen']",13,"The elite members of Shuchiin Academy's student council continue their competitive day-to-day antics. Council president Miyuki Shirogane clashes daily against vice-president Kaguya Shinomiya, each fighting tooth and nail to trick the other into confessing their romantic love. Kaguya struggles within the strict confines of her wealthy, uptight family, rebelling against her cold default demeanor as she warms to Shirogane and the rest of her friends.

Meanwhile, council treasurer Yuu Ishigami suffers under the weight of his hopeless crush on Tsubame Koyasu, a popular upperclassman who helps to instill a new confidence in him. Miko Iino, the newest student council member, grows closer to the rule-breaking Ishigami while striving to overcome her own authoritarian moral code.

As love further blooms at Shuchiin Academy, the student council officers drag their outsider friends into increasingly comedic conflicts.
",166,1063138,['A-1 Pictures'],2022
Fairy Tail (2014),7.66,"['Action', 'Adventure', 'Fantasy', 'Shounen']",102,"The Grand Magic Games reaches its climax following Natsu Dragneel and Gajeel Redfox's stunning victory over Sting Eucliffe and Rogue Cheney of the Sabertooth guild. This success pushes the Fairy Tail guild closer to being crowned the overall champions, but obtaining victory is not the only challenge they face. A mystery still surrounds a hooded stranger and the ominous Eclipse Gate, leaving more questions than answers.

More crazy adventures are on the horizon for Fairy Tail as their destructive antics and joyful rowdiness continue unabated. Their greatest trial is quickly approaching, but united as a family, the guild will always be ready to face any threat that comes their way.",167,1057786,"['A-1 Pictures', 'Bridge']",2014
Kimetsu no Yaiba: Katanakaji no Sato-hen,8.17,"['Action', 'Supernatural', 'Historical', 'Shounen']",11,"For centuries, the Demon Slayer Corps has sacredly kept the location of Swordsmith Village a secret. As the village of the greatest forgers, it provides Demon Slayers with the finest weapons, which allow them to fight night-crawling fiends and ensure the safety of humans. After his sword was chipped and deemed useless, Tanjirou Kamado, along with his precious little sister Nezuko, is escorted to the village to receive a new one.

Meanwhile, the death of an Upper Rank Demon disturbs the idle order in the demon world. As Tanjirou becomes acquainted with Mist Hashira Muichirou Tokitou and Love Hashira Mitsuri Kanroji, ferocious powers creep from the shadows and threaten to shatter the Demon Slayers' greatest line of defense.",168,1047438,['ufotable'],2023
Kami no Tou,7.56,"['Action', 'Adventure', 'Drama', 'Fantasy', 'Mystery']",13,"There is a tower that summons chosen people called ""Regulars"" with the promise of granting their deepest desires. Whether it be wealth, fame, authority, or something that surpasses them all—everything awaits those who reach the top.

Twenty-Fifth Bam is a boy who had only known a dark cave, a dirty cloth, and an unreachable light his entire life. So when a girl named Rachel came to him through the light, his entire world changed. Becoming close friends with Rachel, he learned various things about the outside world from her. But when Rachel says she must leave him to climb the Tower, his world shatters around him. Vowing to follow after her no matter what it takes, he sets his sight on the tower, and a miracle occurs.

Thus begins the journey of Bam, a young boy who was not chosen by the Tower but opened its gates by himself. They call his kind ""Irregulars""—beings that have shaken the very foundation of the Tower each time they set foot inside it.
",169,1044640,['Telecom Animation Film'],2020
Ore dake Level Up na Ken,8.22,"['Action', 'Adventure', 'Fantasy', 'Adult Cast', 'Urban Fantasy']",12,"Humanity was caught at a precipice a decade ago when the first gates—portals linked with other dimensions that harbor monsters immune to conventional weaponry—emerged around the world. Alongside the appearance of the gates, various humans were transformed into hunters and bestowed superhuman abilities. Responsible for entering the gates and clearing the dungeons within, many hunters chose to form guilds to secure their livelihoods.

Sung Jin-Woo is an E-rank hunter dubbed as the weakest hunter of all mankind. While exploring a supposedly safe dungeon, he and his party encounter an unusual tunnel leading to a deeper area. Enticed by the prospect of treasure, the group presses forward, only to be confronted with horrors beyond their imagination. Miraculously, Jin-Woo survives the incident and soon finds that he now has access to an interface visible only to him. This mysterious system promises him the power he has long dreamed of—but everything comes at a price.",170,1043400,['A-1 Pictures'],2024
Kimi ni Todoke,8.01,"['Drama', 'Romance', 'School', 'Shoujo']",25,"Known for her semblance to the Sadako character of The Ring series, Sawako Kuronuma is given the nickname ""Sadako"" and misunderstood to be frightening and malicious like her fictional counterpart, despite having a timid and sweet nature. Longing to make friends and live a normal life, Sawako is naturally drawn to the cheerful and friendly Shouta Kazehaya, the most popular boy in her class. From their first meeting, Sawako has admired Kazehaya's ability to be the center of attention and aspires to be like him.

When Kazehaya organizes a test of courage for the entire class and encourages her to attend, Sawako sees this as an opportunity to get along with her classmates, starting with Ayane Yano and Chizuru Yoshida. Through each new encounter and emotion she experiences, Sawako believes that meeting Kazehaya has changed her for the better. Little does Sawako know, her presence has also changed Kazehaya.",171,1042627,['Production I.G'],2009
5-toubun no Hanayome,7.63,"['Comedy', 'Romance', 'Harem', 'School', 'Shounen']",12,"Fuutarou Uesugi is an ace high school student, but leads an otherwise tough life. His standoffish personality and reclusive nature have left him friendless, and his father is debt-ridden, forcing his family to scrape by.

One day during his lunch break, Uesugi argues with a female transfer student who has claimed ""his seat,"" leading both of them to dislike each other. That same day, he is presented with a golden opportunity to clear his family's debt: a private tutoring gig for a wealthy family's daughter, with a wage of five times the market price. He accepts the proposal, but is horrified to discover that the client, Itsuki Nakano, is the girl he confronted earlier! 

After unsuccessfully trying to get back on Itsuki's good side, Uesugi finds out that his problems don't end there: Itsuki is actually a quintuplet, so in addition to her, he must also tutor her sisters—Miku, Yotsuba, Nino, and Ichika—who, despite the very real threat of flunking, want nothing to do with a tutor. However, his family's livelihood is on the line so Uesugi pushes on, adamant in his resolve to rid the sisters of their detest for studying and successfully lead them to graduation.",172,1037150,['Tezuka Productions'],2019
Shokugeki no Souma: San no Sara,7.97,"['Gourmet', 'Ecchi', 'School', 'Shounen']",12,"The Moon Festival is Tootsuki Academy's annual gourmet gala, where students compete against each other to earn the most profit through selling their cuisine of choice. But for Souma Yukihira, it is also his first opportunity to challenge the Elite Ten, the supreme council that rules over the academy.  

However, this is only the beginning of Souma's war against the Elite Ten; a nefarious plot is underway that will provide Souma with the challenge he desires but will also shake the very foundations of Tootsuki Academy itself.",173,1025629,['J.C.Staff'],2017
Haikyuu!! To the Top,8.37,"['Sports', 'School', 'Team Sports', 'Shounen']",13,"After their triumphant victory over Shiratorizawa Academy, the Karasuno High School volleyball team has earned their long-awaited ticket to nationals. As preparations begin, genius setter Tobio Kageyama is invited to the All-Japan Youth Training Camp to play alongside fellow nationally recognized players. Meanwhile, Kei Tsukishima is invited to a special rookie training camp for first-years within the Miyagi Prefecture. Not receiving any invitations himself, the enthusiastic Shouyou Hinata feels left behind.

However, Hinata does not back down. Transforming his frustration into self-motivation, he boldly decides to sneak himself into the same rookie training camp as Tsukishima. Even though Hinata only lands himself a job as the ball boy, he comes to see this as a golden opportunity. He begins to not only reflect on his skills as a volleyball player but also analyze the plethora of information available on the court and how he can apply it.

As the much-anticipated national tournament approaches, the members of Karasuno's volleyball team attempt to overcome their weak points and refine their skills, all while aiming for the top!",174,1024375,['Production I.G'],2020
Re:Zero kara Hajimeru Isekai Seikatsu 2nd Season Part 2,8.42,"['Drama', 'Fantasy', 'Suspense', 'Isekai', 'Psychological', 'Time Travel']",12,"After a stern yet compelling speech by Otto Suwen, Subaru Natsuki solemnly swears that he will successfully make it through this timeline and save everyone he can along the way. The first step toward achieving this goal is to help Emilia work through her past; however, that is easier said than done. Feeling as if she has been lied to by everyone around her, it will be difficult for Emilia to trust anyone, even Subaru, her self-proclaimed knight.

Re:Zero kara Hajimeru Isekai Seikatsu 2nd Season Part 2 presents the culmination of Subaru's experiences with the Sanctuary and its people, along with his unwillingness to give up hope on saving them.",175,1024013,['White Fox'],2021
Rakudai Kishi no Cavalry,7.41,"['Action', 'Fantasy', 'Romance', 'Ecchi', 'School', 'Urban Fantasy']",12,"There exist few humans in this world with the ability to manipulate their souls to form powerful weapons. Dubbed ""Blazers,"" these people study and train at the prestigious Hagun Academy to become Mage-Knights; among the students is so-called failure Ikki Kurogane, the sole F-rated Blazer. However, when the worst student in the academy sees Stella Vermillion, an A-ranked Blazer who also happens to be a princess, naked, she challenges him to a duel with dire stakes—the loser becomes the slave of the winner. There's no possible way that Stella can lose, right?

As he tries to prove his strength to a world that believes him to be the weakest, Ikki gains new friends, wisdom, and experience.",176,1013889,"['SILVER LINK.', 'Nexus']",2015
Youjo Senki,7.96,"['Action', 'Fantasy', 'Isekai', 'Military', 'Reincarnation']",12,"Tanya Degurechaff is a young soldier infamous for predatorial-like ruthlessness and an uncanny, tactical aptitude, earning her the nickname of the ""Devil of the Rhine."" Underneath her innocuous appearance, however, lies the soul of a man who challenged Being X, the self-proclaimed God, to a battle of wits—which resulted in him being reincarnated as a little girl into a world of magical warfare. Hellbent on defiance, Tanya resolves to ascend the ranks of her country's military as it slowly plunges into world war, with only Being X proving to be the strongest obstacle in recreating the peaceful life she once knew. But her perceptive actions and combat initiative have an unintended side effect: propelling the mighty Empire into becoming one of the most powerful nations in mankind's history.",177,1010342,['Nut'],2017
Plastic Memories,7.91,"['Drama', 'Romance', 'Sci-Fi']",13,"Eighteen-year-old Tsukasa Mizugaki has failed his college entrance exams, but after pulling some strings, he manages to land a job at the Sion Artificial Intelligence Corporation. SAI Corp is responsible for the creation of ""Giftias""—highly advanced androids which are almost indiscernible from normal humans. However, unlike humans, Giftias have a maximum lifespan of 81,920 hours, or around nine years and four months. Terminal Service One, the station Tsukasa was assigned to, is responsible for collecting Giftias that have met their expiration date, before they lose their memories and become hostile.

Promptly after joining Terminal Service One, Tsukasa is partnered with a beautiful Giftia named Isla. She is a Terminal Service veteran and considered the best in Giftia retrievals, contrary to her petite figure and placid nature. Time is fleeting though, and Tsukasa must come to terms with his feelings for Isla before her time is up. No matter how much someone desires it, nothing lasts forever.",179,1008287,['Doga Kobo'],2015
Mahoutsukai no Yome,8.05,"['Drama', 'Fantasy', 'Romance', 'Mythology', 'Urban Fantasy', 'Shounen']",24,"Chise Hatori, a 15-year-old Japanese girl, was sold for five million pounds at an auction to a tall masked gentleman. Abandoned at a young age and ridiculed by her peers for her unconventional behavior, she was ready to give herself to any buyer if it meant having a place to go home to. In chains and on her way to an unknown fate, she hears whispers from robed men along her path, gossiping and complaining that such a buyer got his hands on a rare Sleigh Beggy.

Ignoring the murmurs, the mysterious man leads the girl to a study, where he reveals himself to be Elias Ainsworth—a magus. After a brief confrontation and a bit of teleportation magic, the two open their eyes to Elias' picturesque cottage in rural England. Greeted by fairies and surrounded by weird and wonderful beings upon her arrival, these events mark the beginning of Chise's story as the apprentice and supposed bride of the ancient magus.",180,997274,['Wit Studio'],2017
Ao Haru Ride,7.63,"['Romance', 'Love Polygon', 'School', 'Shoujo']",12,"While most young girls make an effort to show off their feminine charms, Futaba Yoshioka deliberately behaves like she wants to repel anyone who might be attracted to her. Ostracized by her female classmates in middle school for being a little too popular with the boys, she desperately strives to avoid a similar situation in high school by being unnecessarily noisy and graceless.

Nevertheless, scattered among Futaba's unpleasant memories are the treasured moments with the boy she had a crush on, Kou Tanaka. Unfortunately, that spell abruptly ended on a sour note when he suddenly stopped attending school and never came back. When Futaba finds out that Kou has returned—with a different last name this time—she can already feel the butterflies in her stomach. However, Kou Mabuchi is not the warm boy that she remembers from her days in middle school; he is now taller, more charismatic and withdrawn—making him far less approachable.

Futaba believes that if she returns to her former self, Kou will begin to take notice of her again. But is she prepared to sacrifice her bubble of normalcy and risk losing her friends in the process?
",183,992515,['Production I.G'],2014
Darker than Black: Kuro no Keiyakusha,8.04,"['Action', 'Mystery', 'Super Power']",25,"It has been 10 years since Heaven's Gate appeared in South America and Hell's Gate appeared in Japan, veiling the once familiar night sky with an oppressive skyscape. Their purposes unknown, these Gates are spaces in which the very laws of physics are ignored. With the appearance of the Gates emerged Contractors, who, in exchange for their humanity, are granted supernatural abilities.

In the Japanese city surrounding Hell's Gate, Section 4 Chief Misaki Kirihara finds herself at odds with an infamous Contractor codenamed Hei. Called ""Black Reaper"" in the underground world, Hei, like his associates, undertakes missions for the mysterious and ruthless Syndicate while slowly peeling back the dark layers covering a nefarious plot that threatens the very existence of Contractors.

From the mind of Tensai Okamura comes a sci-fi thriller taking the form of a subtle exposé on a war in which political positions and justice have no sway—a war waged exclusively in the shadows.",184,992105,['Bones'],2007
[Oshi no Ko],8.56,"['Award Winning', 'Drama', 'Reincarnation', 'Showbiz', 'Seinen']",11,"In the entertainment world, celebrities often show exaggerated versions of themselves to the public, concealing their true thoughts and struggles beneath elaborate lies. Fans buy into these fabrications, showering their idols with undying love and support, until something breaks the illusion. Sixteen-year-old rising star Ai Hoshino of pop idol group B Komachi has the world captivated; however, when she announces a hiatus due to health concerns, the news causes many to become worried.

As a huge fan of Ai, gynecologist Gorou Amemiya cheers her on from his countryside medical practice, wishing he could meet her in person one day. His wish comes true when Ai shows up at his hospital—not sick, but pregnant with twins! While the doctor promises Ai to safely deliver her children, he wonders if this encounter with the idol will forever change the nature of his relationship with her.",185,988725,['Doga Kobo'],2023
Danganronpa: Kibou no Gakuen to Zetsubou no Koukousei The Animation,7.19,"['Horror', 'Mystery', 'Suspense', 'High Stakes Game', 'Psychological', 'School', 'Survival']",13,"Makoto Naegi, a teenager with no remarkable talent, is surprised to learn that he has been accepted into Hope's Peak Private Academy: an elite school that gathers the best students from various fields. Despite believing his admission was just a fluke, Naegi is delighted to attend an institution known for ensuring success to those who graduate. Determined, he enters the front doors of the prestigious academy.

However, after losing consciousness inside, Naegi wakes up in a seemingly abandoned classroom. Failing to comprehend how he got there, Naegi begins to explore, and to his surprise, finds his classmates assembled in the gym. While everyone is trying to figure out what happened, they are confronted by the school principal—Monokuma, a robotic teddy bear. The mysterious toy explains that the freshmen are trapped inside the school with only one means of escape—kill a classmate without being discovered.

Tension fills the air as Naegi and his classmates realize that they are faced with two choices: participate in Monokuma's killing game, or reside together in the school for the rest of their lives.
",186,988441,['Lerche'],2013
Overlord III,7.91,"['Action', 'Adventure', 'Fantasy', 'Isekai']",13,"Following the horrific assault on the Re-Estize capital city, the Guardians of the Great Tomb of Nazarick return home to their master Ainz Ooal Gown. After months of laying the groundwork, they are finally ready to set their plans of world domination into action.

As Ainz's war machine gathers strength, the rest of the world keeps moving. The remote Carne Village, which Ainz once saved from certain doom, continues to prosper despite the many threats on its doorstep. And in the northeastern Baharuth Empire, a certain Bloody Emperor sets his sights on the rising power of Nazarick.

Blood is shed, heroes fall, and nations rise. Can anyone, or anything, challenge the supreme power of Ainz Ooal Gown?",187,987515,['Madhouse'],2018
Fate/stay night,7.27,"['Action', 'Fantasy', 'Romance', 'Urban Fantasy']",24,"After a mysterious inferno kills his family, Shirou is saved and adopted by Kiritsugu Emiya, who teaches him the ways of magic and justice.

One night, years after Kiritsugu's death, Shirou is cleaning at school, when he finds himself caught in the middle of a deadly encounter between two superhumans known as Servants. During his attempt to escape, the boy is caught by one of the Servants and receives a life-threatening injury. Miraculously, he survives, but the same Servant returns to finish what he started. In desperation, Shirou summons a Servant of his own, a knight named Saber. The two must now participate in the Fifth Holy Grail War, a battle royale of seven Servants and the mages who summoned them, with the grand prize being none other than the omnipotent Holy Grail itself.

Fate/stay night follows Shirou as he struggles to find the fine line between a hero and a killer, his ideals clashing with the harsh reality around him. Will the boy become a hero like his foster father, or die trying?",188,987197,['Studio Deen'],2006
Gekkan Shoujo Nozaki-kun,7.81,"['Comedy', 'Romance', 'Otaku Culture', 'School']",12,"Chiyo Sakura is a cheerful high school girl who has fallen head over heels for the oblivious Umetarou Nozaki. Much to Chiyo's confusion, when she confesses to her beloved Nozaki, he hands her an unfamiliar autograph. As it turns out, the stoic teenage boy is actually a respected shoujo manga artist, publishing under the pen name Sakiko Yumeno! A series of misunderstandings leads to Chiyo becoming one of Nozaki's manga assistants.

Throughout the hilarious events that ensue, she befriends many of her quirky schoolmates, including her seemingly shameless fellow assistant, Mikoto Mikoshiba, and the ""Prince of the School,"" Yuu Kashima. Gekkan Shoujo Nozaki-kun follows Chiyo as she strives to help Nozaki with his manga and hopes that he will eventually notice her feelings.",189,983877,['Doga Kobo'],2014
Yakusoku no Neverland 2nd Season,5.25,"['Mystery', 'Suspense', 'Psychological', 'Survival', 'Shounen']",11,"Emma, Ray, and the rest of the older children have escaped the confines of the Grace Field House. However, with relentless demons set on capturing them, their arduous battle for freedom has only just begun.

Despite venturing into the treacherous wilderness, the children remain optimistic due to their possession of books written by William Minerva. Coded within his books are messages detailing the world outside the farm—information that can help them survive with the limited resources they have. But when their pursuers draw near, the children soon encounter their most dreadful situation yet. 

In Yakusoku no Neverland 2nd Season, the children struggle to survive in the strange ruthless world, striving to find a sanctuary they can truly call home.",190,981854,['CloverWorks'],2021
"Komi-san wa, Comyushou desu.",7.81,"['Comedy', 'School', 'Shounen']",12,"Hitohito Tadano is an ordinary boy who heads into his first day of high school with a clear plan: to avoid trouble and do his best to blend in with others. Unfortunately, he fails right away when he takes the seat beside the school's  madonna—Shouko Komi. His peers now recognize him as someone to eliminate for a chance to sit next to the most beautiful girl in class.

Gorgeous and graceful with long, dark hair, Komi is universally adored and immensely popular despite her mysterious persona. However, unbeknownst to everyone, she has crippling anxiety and a communication disorder which prevents her from wholeheartedly socializing with her classmates.

When left alone in the classroom, a chain of events forces Komi to interact with Tadano through writing on the blackboard, as if in a one-way conversation. Being the first person to realize she cannot communicate properly, Tadano picks up the chalk and begins to write as well. He eventually discovers that Komi's goal is to make one hundred friends during her time in high school. To this end, he decides to lend her a helping hand, thus also becoming her first-ever friend.",191,980843,['OLM'],2021
The God of High School,7.07,"['Action', 'Fantasy', 'Martial Arts', 'Urban Fantasy']",13,"The ""God of High School"" tournament has begun, seeking out the greatest fighter among Korean high school students! All martial arts styles, weapons, means, and methods of attaining victory are permitted. The prize? One wish for anything desired by the winner.

Taekwondo expert Jin Mo-Ri is invited to participate in the competition. There he befriends karate specialist Han Dae-Wi and swordswoman Yu Mi-Ra, who both have entered for their own personal reasons. Mo-Ri knows that no opponent will be the same and that the matches will be the most ruthless he has ever fought in his life. But instead of being worried, this prospect excites him beyond belief.

A secret lies beneath the facade of a transparent test of combat prowess the tournament claims to be—one that has Korean political candidate Park Mu-Jin watching every fight with expectant, hungry eyes. Mo-Ri, Dae-Wi, and Mi-Ra are about to discover what it really means to become the God of High School.",192,980593,['MAPPA'],2020
Suzumiya Haruhi no Yuuutsu,7.82,"['Award Winning', 'Comedy', 'Mystery', 'Sci-Fi', 'School']",14,"If a survey were conducted to see if people believed in aliens, time travelers, or maybe espers, most would say they do not; average high school student Kyon considers himself among the non-believers. However, on his first day of school, he meets a girl who soon turns his world upside down.

During class introductions, the beautiful Haruhi Suzumiya boldly announces her boredom with ""normal"" people and her intention of meeting supernatural beings. Dumbfounded, Kyon learns of her frustration with the lack of paranormal-focused clubs at their school and unwittingly inspires her to start her own club. She creates the Spreading Fun all Over the World with Haruhi Suzumiya Brigade, otherwise known as the SOS Brigade.

Following the SOS Brigade's founding, Haruhi manages to recruit Kyon and three other members: quiet bookworm Yuki Nagato, shy upperclassman Mikuru Asahina, and perpetually positive Itsuki Koizumi. Despite their normal appearance, the new members of the SOS Brigade each carry their own secrets related to Haruhi. Caught up in the mystery surrounding the eccentric club leader, Kyon is whisked away on a series of misadventures by Haruhi and the SOS Brigade, each one bringing him closer to the truth about who and what she is.",194,963581,['Kyoto Animation'],2006
Nichijou,8.47,"['Comedy', 'Gag Humor', 'School', 'Shounen']",26,"Nichijou primarily focuses on the daily antics of a trio of childhood friends—high school girls Mio Naganohara, Yuuko Aioi and Mai Minakami—whose stories soon intertwine with the young genius Hakase Shinonome, her robot caretaker Nano, and their talking cat Sakamoto. With every passing day, the lives of these six, as well as of the many people around them, experience both the calms of normal life and the insanity of the absurd. Walking to school, being bitten by a talking crow, spending time with friends, and watching the principal suplex a deer: they are all in a day's work in the extraordinary everyday lives of those in Nichijou. ",195,961970,['Kyoto Animation'],2011
Fumetsu no Anata e,8.35,"['Adventure', 'Drama', 'Supernatural', 'Shounen']",20,"An Orb, known only as It, is cast to Earth to be observed from afar. Capable of changing forms from beings whose reflections It captures, It first becomes a rock and then, due to the rising temperature, moss.

It does not move until one snowy day, a wolf at death's door barely crosses by. When It takes the animal's form, It attains awareness of its consciousness and starts to wander with an unclear destination in mind. Soon, It comes across the wolf's master—a young boy waiting for his tribe to return from a paradise abundant with fish and fruit in the south. Although the boy is lonely, he still hopes those whom he holds dear in his memories have not forgotten him and that he will reunite with them one day.

The boy wants to explore new surroundings and decides to abandon his home with It to find the paradise using the traces his tribe left behind. However, with a heavily injured body and no sight of his elder comrades, what will become of the boy?

Fumetsu no Anata e illustrates the story of an immortal being experiencing humanity, meeting all types of people in many places throughout time.",196,961228,"[""Brain's Base""]",2021
Tokyo Ghoul:re 2nd Season,6.47,"['Action', 'Fantasy', 'Horror', 'Suspense', 'Gore', 'Psychological', 'Urban Fantasy', 'Seinen']",12,"After the conclusion of the Tsukiyama Family Extermination Operation, the members of the Commission of Counter Ghouls (CCG) have grown exponentially in power and continue to pursue their goal of exterminating every ghoul in Japan. Having resigned from Quinx Squad, the now seemingly emotionless Haise Sasaki begins taking on more and more tasks from the CCG with no regard to the difficulty. Despite his vacant expressions, Ken Kaneki's memories are resurfacing in Haise, leaving him in a state of internal conflict. Meanwhile, his new coldhearted behavior is affecting the people around him. Quinx Squad are left in shambles, having to cope with the death of one of their members without the support of their former mentor.

Amidst this turmoil, both Quinx Squad and Haise must continue to fulfill their duties to the CCG, whether willingly or not. However, the presence of a mysterious group behind the CCG has been made known to Haise, and certain whispers of corruption have not gone unheard by the Quinx Squad as well.",197,960552,['Studio Pierrot'],2018
Black Bullet,7.07,"['Action', 'Mystery', 'Sci-Fi']",13,"In the year 2021, a parasitic virus known as ""Gastrea"" infects humans and turns them into monsters. What is left of mankind now lives within the Monolith walls, walls that are made of Varanium, the only material that can hurt Gastrea.

To counter the threat that the Gastrea pose, ""Cursed Children""—female children whose bodies contain trace amounts of the virus which grant them superhuman abilities—officially called Initiators by the Tendo Civil Security, are given partners called Promoters, people who work to guide and protect the young Initiators. These teams of two are sent out on missions to fight the monsters created by the Gastrea virus and keep them at bay. 

Black Bullet revolves around the team of Enju Aihara, an Initiator, and Satomi Rentaro, a Promoter, as they go on missions to fight the growing threat of Gastrea in their hometown of Tokyo.",198,957642,"['Kinema Citrus', 'Orange']",2014
High School DxD New,7.46,"['Action', 'Comedy', 'Romance', 'Supernatural', 'Ecchi', 'Harem', 'Mythology', 'School']",12,"The misadventures of Issei Hyoudou, high school pervert and aspiring Harem King, continue on in High School DxD New. As the members of the Occult Research Club carry out their regular activities, it becomes increasingly obvious that there is something wrong with their Knight, the usually composed and alert Yuuto Kiba. Soon, Issei learns of Kiba's dark, bloody past and its connection to the mysterious Holy Swords. Once the subject of a cruel experiment, Kiba now seeks revenge on all those who wronged him.

With the return of an old enemy, as well as the appearance of two new, Holy Sword-wielding beauties, it isn't long before Issei and his Devil comrades are plunged into a twisted plot once more.",199,955351,['TNK'],2013
Masamune-kun no Revenge,6.75,"['Comedy', 'Romance', 'Harem', 'School', 'Shounen']",12,"When Masamune Makabe was a child, he was rejected by a rich, beautiful girl named Aki Adagaki, who gave him the nickname ''Piggy'' for being overweight. Devastated, Masamune put great effort into working out to improve his appearance. Now a handsome yet narcissistic high school student, Masamune is determined to exact revenge—he will have Aki fall madly in love with him and ultimately reject her the next time they meet.

To his surprise, Masamune discovers he has transferred into Aki's school. Setting his plan into motion, Masamune first begins to form a relationship with the ''Brutal Princess'' but, despite his efforts, fails miserably at his initial attempts. Shockingly, when Masamune finally progresses towards his vengeance, he receives a mysterious letter addressing him by his old nickname. Unless Masamune discovers the sender's identity, his plan is doomed before it even starts!",200,950957,['SILVER LINK.'],2017
Baccano!,8.35,"['Action', 'Mystery', 'Supernatural', 'Adult Cast', 'Historical', 'Organized Crime']",13,"During the early 1930s in Chicago, the transcontinental train, Flying Pussyfoot, is starting its legendary journey that will leave a trail of blood all over the country. At the same time in New York, the ambitious scientist Szilard and his unwilling aide Ennis are looking for missing bottles of the immortality elixir. In addition, a war between the mafia groups is getting worse. On board the Advena Avis, in 1711, alchemists are about to learn the price of immortality.

Based on the award-winning light novels of the same name, Baccano! follows several events that initially seem unrelated, both in time and place, but are part of a much bigger story—one of alchemy, survival, and immortality. Merging these events together are the kindhearted would-be thieves, Isaac and Miria, connecting various people, all of them with their own hidden ambitions and agendas, and creating lifelong bonds and consequences for everyone involved.
",201,946445,"[""Brain's Base""]",2007
Banana Fish,8.45,"['Action', 'Adventure', 'Drama', 'Suspense', 'Delinquents', 'Organized Crime', 'Psychological', 'Shoujo']",24,"Aslan Jade Callenreese, known as Ash Lynx, was a runaway picked off the streets of New York City and raised by the infamous godfather of the mafia, Dino Golzine. Now 17 years old and the boss of his own gang, Ash begins investigating the mysterious ""Banana Fish""—the same two words his older brother, Griffin, has muttered since his return from the Iraq War. However, his inquiries are hindered when Dino sends his men after Ash at an underground bar he uses as a hideout.

At the bar, Skip, Ash's friend, introduces him to Shunichi Ibe and his assistant, Eiji Okumura, who are Japanese photographers reporting on American street gangs. However, their conversation is interrupted when Shorter Wong, one of Ash's allies, calls to warn him about Dino. Soon, Dino's men storm the bar, and in the ensuing chaos kidnap Skip and Eiji. Now, Ash must find a way to rescue them and continue his investigation into Banana Fish, but will his history with the mafia prevent him from succeeding?",202,938257,['MAPPA'],2018
Beastars,7.79,"['Drama', 'Suspense', 'Anthropomorphic', 'Psychological', 'School', 'Shounen']",12,"In a civilized society of anthropomorphic animals, an uneasy tension exists between carnivores and herbivores. At Cherryton Academy, this mutual distrust peaks after a predation incident results in the death of Tem, an alpaca in the school's drama club. Tem's friend Legoshi, a grey wolf in the stage crew, has been an object of fear and suspicion for his whole life. In the immediate aftermath of the tragedy, he continues to lay low and hide his menacing traits, much to the disapproval of Louis, a red deer and the domineering star actor of the drama club.

When Louis sneaks into the auditorium to train Tem's replacement for an upcoming play, he assigns Legoshi to lookout duty. That very night, Legoshi has a fateful encounter with Haru, a white dwarf rabbit scorned by her peers. His growing feelings for Haru, complicated by his predatory instincts, force him to confront his own true nature, the circumstances surrounding the death of his friend, and the undercurrent of violence plaguing the world around him.",203,936622,['Orange'],2019
Yuri!!! on Ice,7.9,"['Award Winning', 'Sports', 'Performing Arts']",12,"Reeling from his crushing defeat at the Grand Prix Finale, Yuuri Katsuki, once Japan's most promising figure skater, returns to his family home to assess his options for the future. At age 23, Yuuri's window for success in skating is closing rapidly, and his love of pork cutlets and aptitude for gaining weight are not helping either.

However, Yuuri finds himself in the spotlight when a video of him performing a routine previously executed by five-time world champion, Victor Nikiforov, suddenly goes viral. In fact, Victor himself abruptly appears at Yuuri's house and offers to be his mentor. As one of his biggest fans, Yuuri eagerly accepts, kicking off his journey to make it back onto the world stage. But the competition is fierce, as the rising star from Russia, Yuri Plisetsky, is relentlessly determined to defeat Yuuri and win back Victor's tutelage.",204,935879,['MAPPA'],2016
Bungou Stray Dogs 2nd Season,8.17,"['Action', 'Mystery', 'Adult Cast', 'Detective', 'Organized Crime', 'Super Power', 'Seinen']",12,"Despite their differences in position, three men—the youngest senior executive of the Port Mafia, Osamu Dazai; the lowest ranking member, Sakunosuke Oda; and the intelligence agent, Ango Sakaguchi—gather at the Lupin Bar at the end of the day to relax and take delight in the company of friends.

However, one night, Ango disappears. A photograph taken at the bar is all that is left of the three together.

Fast forward to the present, and Dazai is now a member of the Armed Detective Agency. The Guild, an American gifted organization, has entered the fray and is intent on taking the Agency's work permit. They must now divide their attention between the two groups, the Guild and the Port Mafia, who oppose their very existence.   ",205,933885,['Bones'],2016
Steins;Gate 0,8.55,"['Drama', 'Sci-Fi', 'Suspense', 'Time Travel']",23,"The eccentric, self-proclaimed mad scientist Rintarou Okabe has become a shell of his former self. Depressed and traumatized after failing to rescue his friend Makise Kurisu, he has decided to forsake his mad scientist alter ego and live as an ordinary college student. Surrounded by friends who know little of his time travel experiences, Okabe spends his days trying to forget the horrors of his adventures alone. 

While working as a receptionist at a college technology forum, Okabe meets the short, spunky Maho Hiyajo, who 
later turns out to be the interpreter at the forum's presentation, conducted by Professor Alexis Leskinen. In front of a stunned crowd, Alexis and Maho unveil Amadeus—a revolutionary AI capable of storing a person's memories and creating a perfect simulation of that person complete with their personality and quirks. Meeting with Maho and Alexis after the presentation, Okabe learns that the two were Kurisu's colleagues in university, and that they have simulated her in Amadeus. Hired by Alexis to research the simulation's behavior, Okabe is given the chance to interact with the shadow of a long-lost dear friend. Dangerously tangled in the past, Okabe must face the harsh reality and carefully maneuver around the disastrous consequences that come with disturbing the natural flow of time.
",206,932960,['White Fox'],2018
Kekkai Sensen,7.59,"['Action', 'Fantasy', 'Super Power', 'Urban Fantasy', 'Vampire', 'Shounen']",12,"Supersonic monkeys, vampires, talking fishmen, and all sorts of different supernatural monsters living alongside humans—this has been part of daily life in Hellsalem's Lot, formerly known as New York City, for some time now. When a gateway between Earth and the Beyond opened three years ago, New Yorkers and creatures from the other dimension alike were trapped in an impenetrable bubble and were forced to live together. Libra is a secret organization composed of eccentrics and superhumans, tasked with keeping order in the city and making sure that chaos doesn't spread to the rest of the world.

Pursuing photography as a hobby, Leonardo Watch is living a normal life with his parents and sister. But when he obtains the ""All-seeing Eyes of the Gods"" at the expense of his sister's eyesight, he goes to Hellsalem's Lot in order to help her by finding answers about the mysterious powers he received. He soon runs into Libra, and when Leo unexpectedly joins their ranks, he gets more than what he bargained for. Kekkai Sensen follows Leo's misadventures in the strangest place on Earth with his equally strange comrades—as the ordinary boy unwittingly sees his life take a turn for the extraordinary.",209,928924,['Bones'],2015
Kimetsu no Yaiba: Mugen Ressha-hen,8.35,"['Action', 'Supernatural', 'Historical', 'Shounen']",7,"A mysterious string of disappearances on a certain train has caught the attention of the Demon Slayer Corps, and they have sent one of their best to exterminate what can only be a demon responsible. However, the plan to board the Mugen Train is delayed by a lesser demon who is terrorizing the mechanics and targeting a kind, elderly woman and her granddaughter. Kyoujurou Rengoku, the Flame Hashira, must eliminate the threat before boarding the train.

Sent to assist the Hashira, Tanjirou Kamado, Inosuke Hashira, and Zenitsu Agatsuma enter the train prepared to fight. But their monstrous target already has a devious plan in store for them and the two hundred passengers: by delving deep into their consciousness, the demon intends to obliterate everyone in a stunning display of the power held by the Twelve Kizuki. ",210,924000,['ufotable'],2021
86,8.34,"['Drama', 'Sci-Fi', 'Mecha', 'Military']",11,"According to the Republic of San Magnolia, their ongoing war against the Giadian Empire has no casualties—however, that is mere propaganda. While the silver-haired Alba of the Republic's eighty-five sectors live safely behind protective walls, those of different appearances are interned in a secret eighty-sixth faction. Known within the military as the Eighty-Six, they are forced to fight against the Empire's autonomous Legion under the command of the Republican ""Handlers.""

Vladilena Milizé is assigned to the Spearhead squadron to replace their previous Handler. Shunned by her peers for being a fellow Eighty-Six supporter, she continues to fight against their inhumane discrimination. Shinei Nouzen is the captain of the Spearhead squadron. Infamous for being the sole survivor of every squadron he's been in, he insists on shouldering the names and wishes of his fallen comrades. When the fates of these young souls from two different worlds collide, will it ignite the spark that lights their path to salvation, or will they burn themselves in the flames of despair?",211,920963,['A-1 Pictures'],2021
Fruits Basket 1st Season,8.21,"['Drama', 'Romance', 'Supernatural', 'Love Polygon', 'School', 'Shoujo']",25,"Tooru Honda has always been fascinated by the story of the Chinese zodiac that her beloved mother told her as a child. However, a sudden family tragedy changes her life, and subsequent circumstances leave her all alone. Tooru is now forced to live in a tent, but little does she know that her temporary home resides on the private property of the esteemed Souma family. Stumbling upon their home one day, she encounters Shigure, an older Souma cousin, and Yuki, the ""prince"" of her school. Tooru explains that she lives nearby, but the Soumas eventually discover her well-kept secret of being homeless when they see her walking back to her tent one night.

Things start to look up for Tooru as they kindly offer to take her in after hearing about her situation. But soon after, she is caught up in a fight between Yuki and his hot-tempered cousin, Kyou. While trying to stop them, she learns that the Souma family has a well-kept secret of their own: whenever they are hugged by a member of the opposite sex, they transform into the animals of the Chinese zodiac.

With this new revelation, Tooru will find that living with the Soumas is an unexpected adventure filled with laughter and romance.",212,919291,['TMS Entertainment'],2019
Akatsuki no Yona,8.03,"['Adventure', 'Fantasy', 'Romance', 'Shoujo']",24,"The kingdom of Kouka is blessed with a beautiful princess whose childlike innocence charms all who come across her. Named Yona, she has grown up sheltered in the royal palace, shielded from any danger that may befall her. However, all good things must come to an end.

Yona's perfect world comes crashing down when a heinous act of treason threatens to erase all that she holds dear, including her birthright as the princess of Kouka. Left with no one to trust but her childhood friend and loyal bodyguard Son Hak, she is forced to flee the palace. Faced with the perils of surviving in the wild with a target on her back, Yona realizes that her kingdom is no longer the safe haven it once was.

Free from the shackles of naivety, Yona vows to do everything in her power to become strong enough to crush her enemies. With Hak by her side, she must piece together the remains of an ancient legend that might be the key to reclaiming her kingdom from those who conspired to steal it from her.",213,915965,['Studio Pierrot'],2014
Boruto: Naruto Next Generations,5.99,"['Action', 'Adventure', 'Fantasy', 'Martial Arts', 'Shounen']",293,"Following the successful end of the Fourth Shinobi World War, Konohagakure has been enjoying a period of peace, prosperity, and extraordinary technological advancement. This is all due to the efforts of the Allied Shinobi Forces and the village's Seventh Hokage, Naruto Uzumaki. Now resembling a modern metropolis, Konohagakure has changed, particularly the life of a shinobi. Under the watchful eye of Naruto and his old comrades, a new generation of shinobi has stepped up to learn the ways of the ninja.

Boruto Uzumaki is often the center of attention as the son of the Seventh Hokage. Despite having inherited Naruto's boisterous and stubborn demeanor, Boruto is considered a prodigy and is able to unleash his potential with the help of supportive friends and family. Unfortunately, this has only worsened his arrogance and his desire to surpass Naruto which, along with his father's busy lifestyle, has strained their relationship. However, a sinister force brewing within the village may threaten Boruto's carefree life.

New friends and familiar faces join Boruto as a new story begins.",215,914890,['Studio Pierrot'],2017
Kuroko no Basket 2nd Season,8.2,"['Sports', 'School', 'Team Sports', 'Shounen']",25,"With the Interhigh Championship finally over, Seirin's basketball team refocuses their efforts, training harder than ever to get the chance to participate in the Winter Cup. Both Tetsuya Kuroko and Taiga Kagami see old friends walk back into their lives, providing a challenge both on and off the court.

As new skills are developed and new alliances created, enemies from various teams—giants of high school basketball such as Yousen, Shuutoku, and Touou—stand in the way of Seirin's steadfast attempts to get to the top. All of these schools prove to be formidable foes whose abilities progress exponentially, while Kuroko struggles to find a balance between his resolve to play as part of a team and his desire to win. 

With old wounds reopening, new challenges to face on the court, and a new set of foes—the ""Uncrowned Kings""—vowing to defeat the new hopefuls, will Seirin ever be able to achieve their dream of beating the Generation of Miracles?",216,909780,['Production I.G'],2013
Fate/stay night: Unlimited Blade Works 2nd Season,8.32,"['Action', 'Fantasy', 'Urban Fantasy']",13,"In the midst of the Fifth Holy Grail War, Caster sets her plans into motion, beginning with the capture of Shirou's Servant Saber. With the witch growing ever more powerful, Rin and Archer determine she is a threat that must be dealt with at once. But as the balance of power in the war begins to shift, the Master and Servant find themselves walking separate ways.

Meanwhile, despite losing his Servant and stumbling from injuries, Shirou ignores Rin's warning to abandon the battle royale, forcing his way into the fight against Caster. Determined to show his resolve in his will to fight, Shirou's potential to become a protector of the people is put to the test.

Amidst the bloodshed and chaos, the motivations of each Master and Servant are slowly revealed as they sacrifice everything in order to arise as the victor and claim the Holy Grail.",217,902949,['ufotable'],2015
Haikyuu!! To the Top Part 2,8.56,"['Sports', 'School', 'Team Sports', 'Shounen']",12,"Once called a fallen powerhouse and known as ""Flightless Crows,"" Karasuno High School has finally taken flight at nationals. With a comprehensive performance against Tsubakihara Academy in their first match, the team is now facing its toughest opponent yet: the runners-up of the last Spring Tournament, Inarizaki High School. Furthermore, dealing with the formidable twin Miya brothers only makes things more difficult for Karasuno.

As soon as the match begins, Karasuno is overwhelmed by all the noise and jeers from the supporters of Inarizaki High but rekindles its strength thanks to its own loyal fans. Karasuno also gains some momentum by utilizing an attack centered on Shouyou Hinata, but the eccentric play of Atsumu and Osamu Miya delivers an unexpected blow that leaves their opponent astounded.

Things are bound to get intense as the match progresses between these two teams. Will Karasuno be able to defeat Inarizaki High and overcome the hurdles that threaten its pursuit to the top?",218,900975,['Production I.G'],2020
Great Teacher Onizuka,8.68,"['Comedy', 'Delinquents', 'School', 'Workplace', 'Shounen']",43,"Twenty-two-year-old Eikichi Onizuka—ex-biker gang leader, conqueror of Shonan, and virgin—has a dream: to become the greatest high school teacher in all of Japan. This isn't because of a passion for teaching, but because he wants a loving teenage wife when he's old and gray. Still, for a perverted, greedy, and lazy delinquent, there is more to Onizuka than meets the eye. So when he lands a job as the homeroom teacher of the Class 3-4 at the prestigious Holy Forest Academy—despite suplexing the Vice Principal—all of his talents are put to the test, as this class is particularly infamous.

Due to their utter contempt for all teachers, the class' students use psychological warfare to mentally break any new homeroom teacher they get, forcing them to quit and leave school. However, Onizuka isn't your average teacher, and he's ready for any challenge in his way.

Bullying, suicide, and sexual harassment are just a few of the issues his students face daily. By tackling the roots of their problems, Onizuka supports them with his unpredictable and unconventional methods—even if it means jumping off a building to save a suicidal child. Thanks to his eccentric charm and fun-loving nature, Class 3-4 slowly learns just how enjoyable school can be when you're the pupils of the Great Teacher Onizuka.",219,895989,['Studio Pierrot'],1999
Btooom!,7.26,"['Action', 'Sci-Fi', 'Suspense', 'Gore', 'High Stakes Game', 'Psychological', 'Survival', 'Seinen']",12,"Ryouta Sakamoto is unemployed and lives with his mother, his only real achievement being that he is Japan's top player of the popular online video game Btooom! However, his peaceful life is about to change when he finds himself stranded on an island in the middle of nowhere, with a small green crystal embedded in his left hand and no memory of how he got there. To his shock, someone has decided to recreate the game he is so fond of in real life, with the stakes being life or death.

Armed with a bag full of unique bombs known as ""BIM,"" the players are tasked with killing seven of their fellow participants and taking their green crystals in order to return home. Initially condemning any form of violence, Ryouta is forced to fight when he realizes that many of the other players are not as welcoming as they may seem. Teaming up with Himiko, a fellow Btooom! player, they attempt to get off of the island together, coming closer and closer to the truth behind this contest of death.",220,895201,['Madhouse'],2012
Dragon Ball Super,7.47,"['Action', 'Adventure', 'Comedy', 'Fantasy', 'Martial Arts', 'Shounen']",131,"Seven years after the defeat of Majin Buu, Earth is at peace, and its people live free from any dangers lurking in the universe. However, this peace is short-lived; a sleeping threat awakens in the dark reaches of the galaxy: Beerus, the ruthless God of Destruction.

Disturbed by a prophecy that he will be defeated by a ""Super Saiyan God,"" Beerus and his angelic attendant Whis search the universe for this mysterious being. Before long, they reach Earth and encounter Gokuu Son, one of the planet's mightiest warriors, and his powerful friends.",221,892737,['Toei Animation'],2015
Trinity Seven,7.03,"['Action', 'Comedy', 'Fantasy', 'Romance', 'Ecchi', 'Harem', 'School', 'Shounen']",12,"One day, the bright red sun stopped shining, causing the ""Breakdown Phenomenon""—the destruction of Arata Kasuga's town and the disappearance of the people inhabiting it. All, however, is not yet lost; by utilizing the magical grimoire given to him by his childhood friend and cousin Hijiri Kasuga, Arata's world gets artificially reconstructed.

In order to investigate the phenomenon, Lilith Asami appears before Arata, whose artificial world suddenly disintegrates. He is given two choices: hand over the book, or die. However, Arata chooses the third option—enrolling in the top-secret magic school Royal Biblia Academy, where six other magical users await him. Together with Lilith, these six form the Trinity Seven, the elite of the school who each bolster their own power and skill.

With the ambition to save Hijiri and the help of his newfound friends, Arata stops at nothing to prevent the destruction of his beloved hometown and to bring his best friend back.",222,887724,['Seven Arcs Pictures'],2014
Dungeon ni Deai wo Motomeru no wa Machigatteiru Darou ka II,7.24,"['Action', 'Adventure', 'Fantasy']",12,"It is business as usual in the massive city of Orario, where legions of adventurers gather to explore the monster-infested ""Dungeon."" Among them is the easily flustered yet brave Bell Cranel, the sole member of the Hestia Familia. With the help of his demi-human supporter Liliruca Arde and competent blacksmith Welf Crozzo, Bell has earned the title of Little Rookie by becoming Orario's fastest-growing adventurer thanks to his endeavors within the deeper levels of the Dungeon.

Dungeon ni Deai wo Motomeru no wa Machigatteiru Darou ka II continues Bell's adventures as he tries to bring glory to his goddess and protect those he cares about. However, various familias and gods across the city begin to take notice of his achievements and attempt to add him to their ranks.
",223,886598,['J.C.Staff'],2019
Mushishi,8.65,"['Adventure', 'Mystery', 'Slice of Life', 'Supernatural', 'Adult Cast', 'Historical', 'Iyashikei', 'Seinen']",26,"""Mushi"": the most basic forms of life in the world. They exist without any goals or purposes aside from simply ""being."" They are beyond the shackles of the words ""good"" and ""evil."" Mushi can exist in countless forms and are capable of mimicking things from the natural world such as plants, diseases, and even phenomena like rainbows.

This is, however, just a vague definition of these entities that inhabit the vibrant world of Mushishi, as to even call them a form of life would be an oversimplification. Detailed information on Mushi is scarce because the majority of humans are unaware of their existence.

So what are Mushi and why do they exist? This is the question that a ""Mushishi,"" Ginko, ponders constantly. Mushishi are those who research Mushi in hopes of understanding their place in the world's hierarchy of life.

Ginko chases rumors of occurrences that could be tied to Mushi, all for the sake of finding an answer.

It could, after all, lead to the meaning of life itself.",224,886423,['Artland'],2005
Magi: The Kingdom of Magic,8.2,"['Action', 'Adventure', 'Fantasy', 'Shounen']",25,"After celebrating their victory against Al-Thamen, Aladdin and his friends depart the land of Sindria. With the end of the battle, however, comes the time for each of them to go their separate ways. Hakuryuu and Kougyoku are ordered to go back to their home country, the Kou Empire. Meanwhile Aladdin announces he needs to head for Magnostadt—a mysterious country ruled by magicians—to investigate the mysterious events occurring in this new kingdom and become more proficient in magic. For their part, encouraged by Aladdin's words, Alibaba and Morgiana also set off in pursuit of their own goals: training and going to her homeland, respectively.

Magi: The Kingdom of Magic follows these friends as they all go about their separate adventures, each facing their own challenges. However, a new threat begins to rise as a great war looms over the horizon...",225,884939,['A-1 Pictures'],2013
Enen no Shouboutai: Ni no Shou,7.83,"['Action', 'Fantasy', 'Sci-Fi', 'Urban Fantasy', 'Shounen']",24,"After his confrontation in the Nether with his younger brother Shou, Shinra Kusakabe's resolve to become a hero that saves lives from the flame terror strengthens. Finding a way to turn the Infernals back into people, unraveling the mystery of the Evangelist and Adolla Burst, and saving his mother and Shou—these are the goals Shinra has in mind. However, he has come to realize that attaining these goals will not be easy, especially with the imminent danger the Evangelist poses.

The Evangelist's plan is clear: to gather the eight pillars—the individuals who possess Adolla Burst—and sacrifice them to recreate the Great Cataclysm from 250 years ago. Having been revealed by the First Pillar that the birth of a new pillar is approaching, Shinra is determined to protect his fellow pillars from the Evangelist. Thus, the fiery battle between the Special Fire Force and the Evangelist ignites. Together with the Special Fire Force, Shinra's fight continues as he uncovers the truth about the Great Cataclysm and the nature of Adolla Bursts, as well as the mysteries behind human combustion. ",226,883735,['David Production'],2020
Orange,7.63,"['Drama', 'Romance', 'Sci-Fi', 'Love Polygon', 'School', 'Time Travel', 'Shoujo']",13,"Naho Takamiya's first day of her sophomore year of high school is off to an uneasy start. After waking up late, she receives a strange letter addressed to her. However, the letter is from herself—10 years in the future! At first, Naho is skeptical of the note; yet, after witnessing several events described to take place, she realizes the letter really is from her 26-year-old self.

The note details that Naho's future life is filled with regrets, and she hopes that her younger self can correct the mistakes that were made in the past. The letter also warns her to keep a close eye on the new transfer student, Kakeru Naruse. Naho must be especially careful in making decisions involving him, as Kakeru is not around in the future. With the letter as her guide, Naho now has the power to protect Kakeru before she comes to regret it once more.",227,881657,['Telecom Animation Film'],2016
"Maou Gakuin no Futekigousha: Shijou Saikyou no Maou no Shiso, Tensei shite Shison-tachi no Gakkou e Kayou",7.32,"['Action', 'Fantasy', 'Reincarnation', 'School']",13,"In the distant past, a war between humans and demons brought about widespread chaos and bloodshed. To put an end to this seemingly endless conflict, Demon King Anos Voldigoad willingly sacrificed his life, hoping to be reborn in a peaceful future.

In preparation for their king's return, the demon race created the Demon King Academy, an elite institution tasked with determining Anos' identity when he reawakens. He reincarnates two millennia later, but to his surprise, he soon learns that the level of magic in the world has drastically waned during his absence. Moreover, when he enrolls at the academy to reclaim his rightful title, he finds out that demonkind remembers him differently. His personality, his deeds, and even his legacy are all falsified—masked beneath the name of an impostor. This ""lack"" of common knowledge renders him the academy's outlier—a misfit never before seen in history.

Despite these drawbacks, Anos remains unfazed. As he sets out to uncover those altering his glorious past, he takes it upon himself to make his descendants recognize that their ruler has finally returned.",228,880297,['SILVER LINK.'],2020
Kokoro Connect,7.72,"['Drama', 'Romance', 'Supernatural', 'Love Polygon', 'School']",13,"When five students at Yamaboshi Academy realize that there are no clubs where they fit in, they band together to form the Student Cultural Society, or ""StuCS"" for short. The club consists of: Taichi Yaegashi, a hardcore wrestling fan; Iori Nagase, an indecisive optimist; Himeko Inaba, a calm computer genius; Yui Kiriyama, a petite karate practitioner; and Yoshifumi Aoki, the class clown.

One day, Aoki and Yui experience a strange incident when, without warning, they switch bodies for a short period of time. As this supernatural phenomenon continues to occur randomly amongst the five friends, they begin to realize that it is not just fun and games. Now forced to become closer than ever, they soon discover each other's hidden secrets and emotional scars, which could end up tearing the StuCS and their friendship apart.",230,875654,['SILVER LINK.'],2012
Grand Blue,8.45,"['Comedy', 'Adult Cast', 'Gag Humor', 'Seinen']",12,"Iori Kitahara moves to the coastal town of Izu for his freshman year at its university, taking residence above Grand Blue, his uncle's scuba diving shop. Iori has high hopes and dreams about having the ideal college experience, but when he enters the shop he is sucked into the alcoholic activities of the carefree members of the Diving Club who frequent the place. Persuaded by upperclassmen Shinji Tokita and Ryuujirou Kotobuki, Iori reluctantly joins their bizarre party. His cousin Chisa Kotegawa later walks in and catches him in the act, earning Iori her utter disdain.

Based on Kenji Inoue and Kimitake Yoshioka's popular comedy manga, Grand Blue follows Iori's misadventures with his eccentric new friends as he strives to realize his ideal college dream, while also learning how to scuba dive.",231,874774,['Zero-G'],2018
Tensei shitara Slime Datta Ken 2nd Season Part 2,8.3,"['Action', 'Comedy', 'Fantasy', 'Isekai', 'Reincarnation', 'Shounen']",12,"The nation of Tempest is in a festive mood after successfully overcoming the surprise attack from the Falmuth Army and the Western Holy Church. Beyond the festivities lies a meeting between Tempest and its allies to decide the future of the Nation of Monsters. The aftermath of the Falmuth invasion, Milim Nava's suspicious behavior, and the disappearance of Demon Lord Carrion—the problems seem to keep on piling up.

Rimuru Tempest, now awakened as a True Demon Lord, decides to go on the offensive against Clayman. With the fully revived Storm Dragon Veldora, Ultimate Skill Raphael, and other powerful comrades, the ruler of the Tempest is confident in taking down his enemies one by one until he can face the man pulling the strings.",232,874606,['8bit'],2021
Danshi Koukousei no Nichijou,8.23,"['Comedy', 'Gag Humor', 'School']",12,"Roaming the halls of the all-boys Sanada North High School are three close comrades: the eccentric ringleader with a hyperactive imagination Hidenori, the passionate Yoshitake, and the rational and prudent Tadakuni. Their lives are filled with giant robots, true love, and intense drama... in their colorful imaginations, at least. In reality, they are just an everyday trio of ordinary guys trying to pass the time, but who said everyday life couldn't be interesting? Whether it's an intricate RPG reenactment or an unexpected romantic encounter on the riverbank at sunset, Danshi Koukousei no Nichijou is rife with bizarre yet hilariously relatable situations that are anything but mundane.",233,870863,['Sunrise'],2012
Koutetsujou no Kabaneri,7.28,"['Action', 'Fantasy', 'Horror', 'Suspense', 'Gore', 'Historical', 'Survival']",12,"The world is in the midst of the industrial revolution when horrific creatures emerge from a mysterious virus, ripping through the flesh of humans to sate their never-ending appetite. The only way to kill these beings, known as ""Kabane,"" is by destroying their steel-coated hearts. However, if bitten by one of these monsters, the victim is doomed to a fate worse than death, as the fallen rise once more to join the ranks of their fellow undead.

Only the most fortified of civilizations have survived this turmoil, as is the case with the island of Hinomoto, where mankind has created a massive wall to protect themselves from the endless hordes of Kabane. The only way into these giant fortresses is via heavily-armored trains, which are serviced and built by young men such as Ikoma. Having created a deadly weapon that he believes will easily pierce through the hearts of Kabane, Ikoma eagerly awaits the day when he will be able to fight using his new invention. Little does he know, however, that his chance will come much sooner than he expected...",234,867607,['Wit Studio'],2016
"Gate: Jieitai Kanochi nite, Kaku Tatakaeri",7.68,"['Action', 'Adventure', 'Fantasy', 'Isekai', 'Military']",12,"Off-duty Japan Self-Defense Forces (JSDF) officer and otaku Youji Itami is on his way to attend a doujin convention in Ginza, Tokyo when a mysterious portal in the shape of a large gate suddenly appears. From this gate, supernatural creatures and warriors clad in medieval armor emerge, charging through the city, killing and destroying everything in their path. With swift actions, Youji saves as many lives as he can while the rest of the JSDF direct their efforts toward stopping the invasion.

Three months after the attack, Youji has been tasked with leading a special recon team, as part of a JSDF task force, that will be sent to the world beyond the gate—now being referred to as the ""Special Region."" They must travel into this unknown world in order to learn more about what they are dealing with and attempt to befriend the locals in hopes of creating peaceful ties with the ruling empire. But if they fail, they face the consequence of participating in a devastating war that will engulf both sides of the gate.",235,866331,['A-1 Pictures'],2015
Serial Experiments Lain,8.1,"['Avant Garde', 'Award Winning', 'Drama', 'Mystery', 'Sci-Fi', 'Supernatural', 'Suspense', 'Psychological']",13,"Lain Iwakura, an awkward and introverted fourteen-year-old, is one of the many girls from her school to receive a disturbing email from her classmate Chisa Yomoda—the very same Chisa who recently committed suicide. Lain has neither the desire nor the experience to handle even basic technology; yet, when the technophobe opens the email, it leads her straight into the Wired, a virtual world of communication networks similar to what we know as the internet. Lain's life is turned upside down as she begins to encounter cryptic mysteries one after another. Strange men called the Men in Black begin to appear wherever she goes, asking her questions and somehow knowing more about her than even she herself knows. With the boundaries between reality and cyberspace rapidly blurring, Lain is plunged into more surreal and bizarre events where identity, consciousness, and perception are concepts that take on new meanings.

Written by Chiaki J. Konaka, whose other works include Texhnolyze, Serial Experiments Lain is a psychological avant-garde mystery series that follows Lain as she makes crucial choices that will affect both the real world and the Wired. In closing one world and opening another, only Lain will realize the significance of their presence.",236,866331,['Triangle Staff'],1998
"Ijiranaide, Nagatoro-san",7.2,"['Comedy', 'Romance', 'Love Status Quo', 'School']",12,"Every day, Naoto Hachiouji is teased relentlessly by Hayase Nagatoro, a first year student he meets one day in the library while working on his manga. After reading his story and seeing his awkward demeanor, she decides from that moment on to toy with him, even calling him ""Senpai"" in lieu of using his real name.

At first, Nagatoro's relentless antics are more bothersome than anything and leave him feeling embarrassed, as he is forced to cater to her whims. However, as they spend more time together, a strange sort of friendship develops between them, and Naoto finds that life with Nagatoro can even be fun. But one thing's for sure: his days will never be dull again.",237,865427,['Telecom Animation Film'],2021
Jigokuraku,8.09,"['Action', 'Adventure', 'Supernatural', 'Gore', 'Historical', 'Samurai', 'Shounen']",13,"Sentenced to death, ninja Gabimaru the Hollow finds himself apathetic. After leading a blood-soaked life, Gabimaru believes he deserves to die. However, every attempt to execute him inexplicably fails. Finally, Sagiri Yamada Asaemon, a fledgling member of a famed executioner clan, is asked to take Gabimaru's life; yet Sagiri makes no move to kill him as requested.

Insisting that Gabimaru will not die because of his love for his wife, Sagiri instead offers him the chance to obtain a full pardon for his crimes. If he can travel to the island of Shinsekyo and obtain the Elixir of Life—which supposedly grants immortality—and bring it back for the shogun, then his freedom will be assured.

But of the many who have traveled to Shinsekyo in search of the mythical Elixir, not a single person has returned sound of mind, if at all. Though unaware of the numerous dangers ahead, Gabimaru decides to accept the offer—alongside ten other death row convicts—in hope that he and his wife may finally live in peace.",238,865053,['MAPPA'],2023
Shimoneta to Iu Gainen ga Sonzai Shinai Taikutsu na Sekai,7.21,"['Comedy', 'Ecchi', 'Gag Humor', 'School']",12,"With the introduction of strict new morality laws, Japan has become a nation cleansed of all that is obscene and impure. By monitoring citizens using special devices worn around their necks, authorities have taken extreme measures to ensure that society remains chaste. 

In this world of sexual suppression, Tanukichi Okuma—son of an infamous terrorist who opposed the chastity laws—has just entered high school, offering his help to the student council in order to get close to president Anna Nishikinomiya, his childhood friend and crush. Little does he know that the vice president Ayame Kajou has a secret identity: Blue Snow, a masked criminal dedicated to spreading lewd material amongst the sheltered public—and Tanukichi has caught the girl's interest due to his father's notoriety.

Soon, Tanukichi is dragged into joining her organization called SOX, where he is forced to spread obscene propaganda, helping to launch an assault against the government's oppressive rule. With their school set as the first point of attack, Tanukichi will have to do the unthinkable when he realizes that their primary target is the person he admires most.",240,860991,['J.C.Staff'],2015
Ookami to Koushinryou,8.21,"['Adventure', 'Drama', 'Romance', 'Supernatural', 'Adult Cast']",13,"Holo is a powerful wolf deity who is revered in the small town of Pasloe for blessing the annual harvest. Yet as years go by and the villagers become more self-sufficient, Holo has been reduced to a mere folktale. When a traveling merchant named Kraft Lawrence stops at the settlement, Holo offers to become his business partner if he takes her to her northern home of Yoitsu. The savvy trader recognizes Holo's unusual ability to evaluate a person's character and accepts her proposition. 

Now in the possession of both sharp bargaining skills and a charismatic negotiator, Lawrence inches closer to his goal of opening his own shop. However, as Lawrence travels the countryside with Holo in search of economic opportunities, he begins to realize that his aspirations are slowly morphing into something unexpected.
",242,859092,['Imagin'],2008
Zero no Tsukaima,7.2,"['Action', 'Adventure', 'Comedy', 'Fantasy', 'Romance', 'Ecchi', 'Harem', 'Isekai', 'School']",13,"Louise Françoise Le Blanc de La Vallière is a self-absorbed mage in a world of wands, cloaks, and royalty. Although she studies at Tristain Academy, a prestigious school for magicians, she has a major problem: Louise is unable to cast magic properly, earning her the nickname of ""Louise the Zero"" from her classmates.

When the first year students are required to perform a summoning ritual, Louise's summoning results in a catastrophic explosion! Everyone deems this to be yet another failure, but when the smoke clears, a boy named Saito Hiraga appears. Now Louise's familiar, Saito is treated as a slave, forced to clean her clothes and eat off the ground. But when an unfamiliar brand is found etched on Saito's hand from the summoning ritual, it is believed to be the mark of a powerful familiar named Gandalfr.

Wild, adventurous, and explosive, Zero no Tsukaima follows Saito as he comes to terms with his new life and as Louise proves that there is more to her than her nickname suggests.",243,856693,['J.C.Staff'],2006
Dandadan,8.46,"['Action', 'Comedy', 'Supernatural', 'Shounen']",12,"Reeling from her recent breakup, Momo Ayase, a popular high schooler, shows kindness to her socially awkward schoolmate, Ken Takakura, by standing up to his bullies. Takakura misunderstands her intentions, believing he has made a new friend who shares his obsession with aliens and UFOs. However, Momo's own eccentric occult beliefs lie in the supernatural realm; she thinks aliens do not exist. A rivalry quickly brews as each becomes determined to prove the other wrong.

Despite their initial clash over their opposing beliefs, Momo and Takakura form an unexpected but intimate friendship, a bond forged in a series of supernatural battles and bizarre encounters with urban legends and paranormal entities. As both develop unique superhuman abilities, they learn to supplement each other's weaknesses, leading them to wonder if their newfound partnership may be about more than just survival.",244,856438,['Science SARU'],2024
Toaru Majutsu no Index,7.34,"['Action', 'Fantasy', 'Sci-Fi', 'Super Power', 'Urban Fantasy']",24,"Academy City, Japan, is at the forefront of science. Besides being 30 years ahead of the world technologically, more than three-fourths of this peculiar city's population consists of students developing their psychic abilities as espers in various institutions. Among these students is Touma Kamijou, a high school boy with the lowest psychic rank of zero, but with a mysterious power no scientist can understand: ""Imagine Breaker,"" which allows him to negate other supernatural abilities.

This, however, doesn't affect Kamijou's life in the least as he plays his role as a regular teenager; that is, until he meets the strange Index Librorum Prohibitorum, a young girl who has memorized the entirety of the forbidden grimoires, and now a dangerous organization is hunting Index down. With several magicians looking to harm the girl, Kamijou will defend his new companion at all costs as he discovers a strange new realm of the supernatural.",245,854519,['J.C.Staff'],2008
Blue Lock,8.15,"['Sports', 'Team Sports', 'Shounen']",24,"Yoichi Isagi was mere moments away from scoring a goal that would have sent his high school soccer team to the nationals, but a split-second decision to pass the ball to his teammate cost him that reality. Bitter, confused, and disappointed, Isagi wonders if the outcome would have been different had he not made the pass. When the young striker returns home, an invitation from the Japan Football Union awaits him. Through an arbitrary and biased decision-making process, Isagi is one of three hundred U-18 strikers selected for a controversial project named Blue Lock. 

The project's ultimate goal is to turn one of the selected players into the star striker for the Japanese national team. To find the best participant, each diamond in the rough must compete against others through a series of solo and team competitions to rise to the top. Putting aside his ethical objections to the project, Isagi feels compelled to fight his way to the top, even if it means ruthlessly crushing the dreams of 299 aspiring young strikers.",247,847360,['8bit'],2022
InuYasha,7.87,"['Action', 'Adventure', 'Fantasy', 'Romance', 'Historical', 'Love Polygon', 'Mythology', 'Time Travel', 'Shounen']",167,"Kagome Higurashi's 15th birthday takes a sudden turn when she is forcefully pulled by a demon into the old well of her family's shrine. Brought to the past, when demons were a common sight in feudal Japan, Kagome finds herself persistently hunted by these vile creatures, all yearning for an item she unknowingly carries: the Shikon Jewel, a small sphere holding extraordinary power. 

Amid such a predicament, Kagome encounters a half-demon boy named Inuyasha who mistakes her for Kikyou, a shrine maiden he seems to resent. Because of her resemblance to Kikyou, Inuyasha takes a violent dislike to Kagome. However, after realizing the dire circumstances they are both in, he sets aside his hostility and lends her a hand. 

Unfortunately, during a fight for the Shikon Jewel, the miraculous object ends up shattered into pieces and scattered across the land. Fearing the disastrous consequences of this accident, Kagome and Inuyasha set out on a challenging quest to recover the shards before they fall into the wrong hands.
",248,845039,['Sunrise'],2000
Higurashi no Naku Koro ni,7.87,"['Horror', 'Mystery', 'Suspense', 'Gore', 'Psychological']",26,"Keiichi Maebara has just moved to the quiet little village of Hinamizawa in the summer of 1983, and quickly becomes inseparable friends with schoolmates Rena Ryuuguu, Mion Sonozaki, Satoko Houjou, and Rika Furude. However, darkness lurks underneath the seemingly idyllic life they lead. 

As the village prepares for its annual festival, Keiichi learns about the local legends surrounding it. To his horror, he discovers that there have been several murders and disappearances in the village in the recent years, and that they all seem to be connected to the festival and the village's patron god, Oyashiro. Keiichi tries to ask his new friends about these incidents, but they are suspiciously silent and refuse to give him the answers he needs. As more and more bizarre events occur, he wonders just what else his friends might be keeping from him, and if he can even trust them at all.

When madness and paranoia begin taking root in Keiichi's heart, he will stumble straight into the mysteries at work in Higurashi no Naku Koro ni, a story that is told across multiple arcs.",249,844444,['Studio Deen'],2006
Tate no Yuusha no Nariagari Season 2,6.53,"['Action', 'Adventure', 'Drama', 'Fantasy', 'Isekai']",13,"With another Wave happening in a week, Naofumi Iwatani and his party have no time to waste. However, when bat familiars raid Lurolona Village and the Wave countdown comes to a halt, the Four Cardinal Heroes reconvene with the queen, Mirelia Q Melromarc, for a quick briefing. The queen presumes that the odd occurrences are linked to the Spirit Tortoise—a threatening creature that has awakened from its slumber, back to cause havoc once again. A plan to put the Spirit Tortoise to rest is devised—but out of the four men, only the cursed Shield Hero agrees to help.
",250,843346,"['Kinema Citrus', 'DR Movie']",2022
Boku wa Tomodachi ga Sukunai,7.13,"['Comedy', 'Romance', 'Ecchi', 'Harem', 'School']",12,"When Kodaka Hasegawa finds out that he will be transferring to a new school, he is determined to make a positive impression, and maybe even some friends. However, Kodaka discovers he is out of luck when he immediately gets labeled as a violent delinquent due to his blond hair and intimidating expression. Although a month has passed, Kodaka is still alone thanks to his notorious reputation. However, his life begins to change when he finds fellow loner Yozora Mikazuki talking to her imaginary friend in an empty classroom.

After sharing stories of their lonely high school life, Kodaka and Yozora decide to overcome the difficulties of making friends together by starting the Neighbor's Club. Created for people who don't have friends, daily activities involve learning social skills and how to fit in, which will hopefully allow them to make friends. Joined by the eroge-loving Sena Kashiwazaki, and other eccentric outcasts, Kodaka may finally have managed to find people he can call friends, in this club filled with hilarious oddballs.",251,842984,['AIC Build'],2011
Owari no Seraph: Nagoya Kessen-hen,7.61,"['Action', 'Drama', 'Fantasy', 'Military', 'Vampire', 'Shounen']",12,"Yuuichirou Hyakuya is finally reunited with his childhood friend Mikaela Hyakuya, whom he had long presumed to be dead. Upon their reunion, however, he discovers that Mikaela has been turned into a vampire. Determined to help his friend, Yuuichirou vows to get stronger so that he can protect Mikaela as well as the comrades in the Moon Demon Company.

Kureto Hiiragi receives information that a large group of vampires will be gathering in Nagoya, preparing for their assault on the Imperial Demon Army's main forces in Tokyo. Led by Guren Ichinose, Yuuichirou's team is one of many selected to intercept and eliminate the vampire nobles.

With the Nagoya mission quickly approaching, the members of Shinoa squad continue to work towards fully mastering their weapons, while learning how to improve their teamwork. Yuuichirou must gain the power he needs to slay the nobles and save his best friend, before he succumbs to the demon of the Cursed Gear.",252,838688,['Wit Studio'],2015
High School DxD BorN,7.41,"['Action', 'Comedy', 'Romance', 'Supernatural', 'Ecchi', 'Harem', 'Mythology', 'School']",12,"The Red Dragon Emperor, Issei Hyoudou, and the Occult Research Club are back in action as summer break comes for the students of Kuoh Academy. After their fight with Issei’s sworn enemy, Vali and the Chaos Brigade, it is clear just how inexperienced Rias Gremory's team is. As a result, she and Azazel lead the club on an intense training regime in the Underworld to prepare them for the challenges that lie ahead.

While they slowly mature as a team, Issei will once again find himself in intimate situations with the girls of the Occult Research Club. Meanwhile, their adversaries grow stronger and more numerous as they rally their forces. And with the sudden appearance of Loki, the Evil God of Norse Mythology, the stage is set for epic fights and wickedly powerful devils in High School DxD BorN!",253,838409,['TNK'],2015
Free!,7.32,"['Sports', 'School']",12,"Haruka Nanase has a love for water and a passion for swimming. In elementary school, he competed in and won a relay race with his three friends Rin Matsuoka, Nagisa Hazuki, and Makoto Tachibana. After claiming victory at the tournament, the four friends went their separate ways. Years later, they reunite as high school students; however, Rin couldn't care less about returning to the way things used to be. Not only does he attend a different school, but the sole thing important to him is proving that he is a better swimmer than Haruka.

After the bitter reunion, Haruka, Nagisa, and Makoto decide to form the Iwatobi High School Swim Club, but they will need a fourth member if they hope to take part in the upcoming tournament. Enter Rei Ryuugazaki, a former member of the track team whom Nagisa recruits. As the time to compete draws near, the four develop a close bond while training intensely to come out on top and settle things between Haruka and Rin once and for all.",255,834789,"['Kyoto Animation', 'Animation Do']",2013
Sword Art Online: Alicization - War of Underworld,7.58,"['Action', 'Adventure', 'Fantasy', 'Video Game']",12,"Despite the defeat of Quinella—the pontifex of the Axiom Church—things have not seemed to calm down yet. Upon contacting the real world, Kazuto ""Kirito"" Kirigaya finds out that the Ocean Turtle—a mega-float controlled by Rath—was raided. Due to a sudden short-circuit caused by the raiders, Kirito's fluctlight is damaged, leaving him comatose. Feeling insecure about the people at the Axiom Church, Alice brings the unconscious Kirito back to their hometown—Rulid Village, disregarding her banishment due to an unabsolved crime. Now, Alice is living an ordinary and peaceful life close by the village, wishing for Kirito to wake up.

However, tragedy strikes when Alice notices that the Dark Territory has already started to invade the Human Empire. Reassuming her previous alias, Alice Synthesis Thirty, she promises to defeat the Dark Territory in order to defend the world that Kirito and Eugeo worked so hard to protect.",257,825299,['A-1 Pictures'],2019
Kakegurui××,7.18,"['Drama', 'Mystery', 'Suspense', 'High Stakes Game', 'Psychological', 'School', 'Strategy Game', 'Shounen']",12,"As Yumeko Jabami's fame grows and the reputation of the student council dwindles, Kirari Momobami decides to revolutionize the group. To this end, she announces an election for its next president. The rules are simple: each student in the school receives one chip. Whoever has the most chips by the end of thirty days becomes both the new president and the head of the Momobami clan.

Upon receiving news of this development, the Momobami branch families spring into action. Eleven transfer students arrive at Hyakkao Private Academy, each aiming to lead both the school and the Momobami clan. Equipped with unique talents, they will compete to get as many chips as possible—but their chips are not the only things on the line.
",258,824402,['MAPPA'],2019
Sakamoto desu ga?,7.54,"['Comedy', 'Gag Humor', 'School', 'Seinen']",12,"Sophisticated, suave, sublime; all words which describe the exceedingly handsome and patently perfect Sakamoto. Though it is only his first day in high school, his attractiveness, intelligence, and charm already has the girls swooning and the guys fuming with jealousy. No one seems able to derail him, as all attempts at tripping him up are quickly foiled. His sangfroid is indomitable, his wits peerless. Will any of Sakamoto's classmates, or even teachers, be able to reach his level of excellence? Probably not, but they just might learn a thing or two trying...",259,815430,['Studio Deen'],2016
Wonder Egg Priority,7.55,"['Drama', 'Supernatural', 'Suspense', 'Psychological']",12,"Following the suicide of her best and only friend, Koito Nagase, Ai Ooto is left grappling with her new reality. With nothing left to live for, she follows the instructions of a mysterious entity and gets roped into purchasing an egg, or specifically, a Wonder Egg.

Upon breaking the egg in a world that materializes during her sleep, Ai is tasked with saving people from the adversities that come their way. In doing so, she believes that she has moved one step closer to saving her best friend. With this dangerous yet tempting opportunity in the palms of her hands, Ai enters a place where she must recognize the relationship between other people's demons and her own.

As past trauma, unforgettable regrets, and innate fears hatch in the bizarre world of Wonder Egg Priority, a young girl discovers the different inner struggles tormenting humankind and rescues them from their worst fears.",260,815199,['CloverWorks'],2021
Mob Psycho 100 III,8.71,"['Action', 'Comedy', 'Supernatural']",12,"After foiling a world-threatening plot, Shigeo ""Mob"" Kageyama returns to tackle the more exhausting aspects of his mundane life—starting with filling out his school's nerve-racking career form. Meanwhile, he continues to assist his mentor Arataka Reigen and the office's new recruit, Katsuya Serizawa, in solving paranormal cases of their clients. While continuing his duties, Mob also works on gaining more independence in his esper and human lives, as well as trying to integrate better with the people around him.

However, new supernatural and ordinary challenges test Mob’s emotional stability and force him to confront the realities around him. As he strives to continue forward on the path to maturity, Mob must resolve his emotional crises and reassess the naivety he has held on for so long.",261,814597,['Bones'],2022
Kuroko no Basket 3rd Season,8.29,"['Sports', 'School', 'Team Sports', 'Shounen']",25,"Seirin prepares to face major obstacles on their path to winning the Winter Cup, including the teams each possessing a member of the Generation of Miracles. Kuroko goes head-to-head with his old teammates once more as he attempts to show them that individual skill is not the only way to play basketball. His firm belief that his form of basketball, team play, is the right way to play the sport will clash with the talents of a perfect copy and an absolute authority.

While Kuroko tries to prove that his basketball is ""right,"" he and the rest of Seirin High ultimately have one goal: to win the Winter Cup and overcome the strength of the Generation of Miracles, who have long dominated the scene of middle and high school basketball.",262,814392,['Production I.G'],2015
Trigun,8.22,"['Action', 'Adventure', 'Sci-Fi', 'Adult Cast', 'Shounen']",26,"Vash the Stampede is the man with a $$60,000,000,000 bounty on his head. The reason: he's a merciless villain who lays waste to all those that oppose him and flattens entire cities for fun, garnering him the title ""The Humanoid Typhoon."" He leaves a trail of death and destruction wherever he goes, and anyone can count themselves dead if they so much as make eye contact—or so the rumors say. In actuality, Vash is a huge softie who claims to have never taken a life and avoids violence at all costs.

With his crazy doughnut obsession and buffoonish attitude in tow, Vash traverses the wasteland of the planet Gunsmoke, all the while followed by two insurance agents, Meryl Stryfe and Milly Thompson, who attempt to minimize his impact on the public. But soon, their misadventures evolve into life-or-death situations as a group of legendary assassins are summoned to bring about suffering to the trio. Vash's agonizing past will be unraveled and his morality and principles pushed to the breaking point.",263,814025,['Madhouse'],1998
Tonikaku Kawaii,7.85,"['Comedy', 'Romance', 'Shounen']",12,"Nasa Yuzaki is determined to leave his name in the history books. Ranking first in the national mock exam and aiming for a distinguished high school, he is certain that he has his whole life mapped out. However, fate is a fickle mistress. On his way home one snowy evening, Nasa's eyes fall upon a peerless beauty across the street. Bewitched, Nasa tries to approach her—only to get blindsided by an oncoming truck. 

Thankfully, his life is spared due to the girl's swift action. Bleeding by the side of an ambulance, he watches as the girl walks away under the moonlight—reminiscent of Princess Kaguya leaving for the moon. Refusing to let this chance meeting end, he forces his crippled body to chase after her and asks her out. Surprised by his foolhardiness and pure resolve, the girl accepts his confession under a single condition: they can only be together if he marries her!",264,813816,['Seven Arcs'],2020
Kage no Jitsuryokusha ni Naritakute!,8.24,"['Action', 'Comedy', 'Fantasy', 'Isekai', 'Reincarnation']",20,"For as long as he can remember, Minoru Kagenou has been fixated on becoming as strong as possible, which has led him to undertake all kinds of rigorous training. This wish, however, does not stem from a desire to be recognized by others; rather, Minoru does everything he can to blend in with the crowd. So, while pretending to be a completely average student during the day, he arms himself with a crowbar and ruthlessly thrashes local biker gangs at night. Yet when Minoru finds himself in a truck accident, his ambitions seemingly come to a sudden end. In his final moments, he laments his powerlessness—no matter how much he trained, there was nothing he could do to overcome his human limitations.

But instead of dying, Minoru reawakens as Cid, the second child of the noble Kagenou family, in another world—one where magic is commonplace. With the power he so desired finally within his grasp, he dons the moniker ""Shadow"" and establishes Shadow Garden: a group whose sole purpose is to combat the enigmatic Cult of Diablos, an organization born from Cid's imagination. However, as Shadow Garden grows in both membership and influence, it becomes increasingly apparent that the Cult of Diablos is not as fictional as Cid had intended.",265,812971,['Nexus'],2022
Domestic na Kanojo,6.62,"['Drama', 'Romance', 'Love Polygon', 'School', 'Shounen']",12,"In their teenage years, few things can hurt people more than the heartaches that come with unrequited love. Such is the case for Natsuo Fujii, who has found himself entranced by his school's ever-cheerful teacher Hina. Deflated by this unreachable desire, Natsuo humors his friends and attends a mixer. There he meets Rui, a girl whose lack of excitement rivals that of himself. After bonding over their mutual awkwardness, Rui takes Natsuo to her house and asks him to have sex with her, hoping that the experience will stop her friends from treating her like a clueless child. With his hopeless feelings towards Hina still on his mind, Natsuo hesitantly agrees.

Equally unfulfilled by their ""first times,"" the two decide to part ways as strangers. However, before he even has a chance to process this experience, Natsuo's father drops a major bombshell: he is getting remarried, and his new wife Tsukiko Tachibana is coming over now to meet Natsuo. As if that was not enough of a shock, her daughters—and, in turn, Natsuo's new sisters—are Hina and Rui Tachibana, the woman he's in love with and the girl with whom he shared his first night. Now, Natsuo must come to terms with the feelings he has for his step-siblings as his eyes open to a darker side of love.",266,812029,['Diomedéa'],2019
Shinsekai yori,8.25,"['Drama', 'Fantasy', 'Horror', 'Mystery', 'Sci-Fi', 'Suspense', 'Psychological']",25,"In the year 2011, a small percentage of humans began manifesting psychokinetic abilities known as ""Cantus."" Over a millennium later, in the small town of Kamisu 66, Saki Watanabe is the last of her friends to awaken her powers and join the Sage Academy, a school for psychics like her. Although everyone at the institution has Cantus, they are not all equal; shortly after Saki enrolls, one of her classmates who is regarded as being weaker than the others suddenly disappears.

Walking home one day with her friends—the determined Maria Akizuki, the intelligent Shun Aonuma, the observant Satoru Asahina, and the timid Mamoru Itou—she comes across two unfamiliar creatures known as ""Monster Rats."" These beings resemble moles and worship those with Cantus as gods. As a result, when Saki uses her abilities to save one from trouble, she is met with exceptional gratitude.

Now unsure about the Monster Rats' place in society, Saki and her friends find out about another disappearance. As time passes, they slowly look for answers to the mysteries that surround them and begin to realize that this seemingly ""perfect"" new world masks humanity's dark past.",267,811567,['A-1 Pictures'],2012
Ao no Exorcist: Kyoto Fujouou-hen,7.34,"['Action', 'Supernatural', 'Mythology', 'School', 'Shounen']",12,"The ExWire of True Cross Academy are beset with shock and fear in the aftermath of discovering that one of their own classmates, Rin Okumura, is the son of Satan. But for the moment, they have more pressing concerns than that of Rin's parentage: the left eye of the Impure King, a powerful demon, has been stolen from the academy's Deep Keep. After an attempt is made to steal the right eye in Kyoto as well, Rin and the other ExWires are sent to investigate the mystery behind the Impure King and the ultimate goal of the thief.

While this mission has them cooperating for the time being, Rin has never felt more distant from his fellow exorcists. In his attempt to reconcile with them, he undergoes specialized training to control his dark power. However, when the right eye is stolen not long after their arrival, the unthinkable threat of a traitor amongst them leaves them in need of all the power they can get.",268,810325,['A-1 Pictures'],2017
NHK ni Youkoso!,8.31,"['Comedy', 'Drama', 'Romance', 'Otaku Culture', 'Psychological']",24,"Twenty-two-year-old college dropout Tatsuhiro Satou has been a hikikomori for almost four years now. In his isolation, he has come to believe in many obscure conspiracy theories, but there is one in particular which he holds unshakable faith in: the theory that the evil conspirator behind his shut-in NEET (Not in Employment, Education or Training) status is the Nihon Hikikomori Kyokai (NHK)—an evil and secret organization dedicated to fostering the spread of hikikomori culture.

NHK ni Youkoso! is a psychological dramedy that follows Tatsuhiro as he strives to escape from the NHK's wicked machinations and the disease of self-wrought isolation, while struggling to even just leave his apartment and find a job. His unexpected encounter with the mysterious Misaki Nakahara might signal a reversal of fortune for Tatsuhiro, but with this meeting comes the inevitable cost of having to face his greatest fear—society.",269,809819,['Gonzo'],2006
Yahari Ore no Seishun Love Comedy wa Machigatteiru. Kan,8.35,"['Comedy', 'Romance', 'Love Polygon', 'School']",12,"Resolved to become a more independent person, Yukino Yukinoshita decides to smoothen things out with her parents, and the first step toward achieving that goal is to prove herself.

As graduation draws closer for the third-year students, Iroha Isshiki—the president of the student council—requests a graduation prom in collaboration with the Volunteer Service Club. Yukino accepts this request of her own volition, hoping to use it as a chance to demonstrate her self-reliance, but what lies ahead of her may prove to be a hard hurdle to cross.

Yahari Ore no Seishun Love Comedy wa Machigatteiru. Kan revolves around the graduation prom as emotions are poured into the preparations for the event. At the same time, a chance for the Volunteer Service Club members to better understand each other presents itself. And thus, Hachiman Hikigaya's hectic and bittersweet high school life begins to draw to a close.",271,797847,['feel.'],2020
K,7.42,"['Action', 'Mystery', 'Super Power']",13,"""Kings"" are individuals who have been bestowed with incredible supernatural powers and granted the ability to recruit others into their clans. Protecting the lives and honor of their clansmen is an integral part of the Kings' duties. After a video depicting the heinous murder of a Red Clansman spreads virally, the unassuming student Yashiro Isana is accused of homicide. Now, a manhunt is underway for his head, bringing him into contact with the infamous ""Black Dog"" Kurou Yatogami—a skilled swordsman and martial artist determined to follow the wishes of his late master, the Seventh King.

Meanwhile, the current Red King, Mikoto Suou, faces his own imminent demise as the search for Yashiro narrows. But during Yashiro's struggle to prove his innocence, a greater conspiracy is unraveling behind the scenes; clouds begin to appear in his memory, and close friends start to question his very existence. What began as a simple murder is now leading towards a full blown war between Kings with the very fate of the world at stake. ",273,793900,['GoHands'],2012
Rokudenashi Majutsu Koushi to Akashic Records,7.11,"['Action', 'Fantasy', 'School']",12,"The Alzano Empire is home to one of the most distinguished magic schools in the world: the Alzano Imperial Magic Academy. Here, ambitious young students undergo training to become competent magicians. Sistine Fibel—a stern noble girl—and her bright-eyed best friend Rumia Tingel attend the Academy, determined to cultivate their magical skills.

However, their world is thrown for a loop when their favorite teacher suddenly retires and the enigmatic Glenn Radars replaces him. His lazy and indifferent attitude toward life and magic quickly puts him at odds with his class. What's more, nefarious forces hidden within the empire's walls start to become active, and Sistine, Rumia, and Glenn find themselves caught up in their schemes.

Rokudenashi Majutsu Koushi to Akashic Records follows Sistine, who is captivated by a mysterious floating Sky Castle; Rumia, who is haunted by a troubled past; and Glenn, who may be more than meets the eye. Though completely different on the surface, they are inexplicably bound together by a thread of fate.",274,793814,['LIDENFILMS'],2017
Arifureta Shokugyou de Sekai Saikyou,6.72,"['Action', 'Adventure', 'Fantasy', 'Harem', 'Isekai']",13,"The ordinary life of 17-year-old otaku Hajime Nagumo is disrupted when he and his classmates are summoned to a fantasy world and tasked with saving mankind. While his classmates are gifted with impressive abilities useful in combat, Hajime is belittled for only gaining an inferior transmutation skill that lacks any real offensive power. 

During an expedition in the Great Orcus Labyrinth, Hajime is betrayed by one of his classmates, plummeting him to the bottom of an abyss. Though he survives the fall, Hajime is faced with menacing monsters and misfortunes that send him spiraling into a grim nightmare. Desperate to live and return home one day, he resolves to fight for his survival—only to meet an imprisoned vampire he names Yue, who is also seeking to escape the labyrinth. Taking an interest in him, Yue and a few others along the way accompany Hajime on his journey to find a way back home, while steadily transforming from commonplace to the world's strongest. ",276,791909,"['asread.', 'White Fox']",2019
Vinland Saga Season 2,8.82,"['Action', 'Adventure', 'Drama', 'Gore', 'Historical', 'Seinen']",24,"After his father's death and the destruction of his village at the hands of English raiders, Einar wishes for a peaceful life with his family on their newly rebuilt farms. However, fate has other plans: his village is invaded once again. Einar watches helplessly as the marauding Danes burn his lands and slaughter his family. The invaders capture Einar and take him back to Denmark as a slave. 

Einar clings to his mother's final words to survive. He is purchased by Ketil, a kind slave owner and landlord who promises that Einar can regain his freedom in return for working in the fields. Soon, Einar encounters his new partner in farm cultivation—Thorfinn, a dejected and melancholic slave. As Einar and Thorfinn work together toward their freedom, they are haunted by both sins of the past and the ploys of the present. Yet they carry on, grasping for a glimmer of hope, redemption, and peace in a world that is nothing but unjust and unforgiving.",277,790835,['MAPPA'],2023
Monster Musume no Iru Nichijou,6.92,"['Comedy', 'Fantasy', 'Romance', 'Ecchi', 'Anthropomorphic', 'Harem', 'Urban Fantasy', 'Seinen']",12,"With his parents abroad, Kimihito Kurusu lived a quiet, unremarkable life alone until monster girls came crowding in! This alternate reality presents cutting-edge Japan, the first country to promote the integration of non-human species into society. After the incompetence of interspecies exchange coordinator Agent Smith leaves Kimihito as the homestay caretaker of a Lamia named Miia, the newly-minted ""Darling"" quickly attracts girls of various breeds, resulting in an ever-growing harem flush with eroticism and attraction.

Unfortunately for him and the ladies, sexual interactions between species is forbidden by the Interspecies Exchange Act! The only loophole is through an experimental marriage provision. Kimihito's life becomes fraught with an abundance of creature-specific caveats and sensitive interspecies law as the passionate, affectionate, and lusty women hound his every move, seeking his romantic and sexual affections. With new species often appearing and events materializing out of thin air, where Kimihito and his harem go is anyone's guess!",278,790056,['Lerche'],2015
Hai to Gensou no Grimgar,7.66,"['Action', 'Adventure', 'Drama', 'Fantasy', 'Isekai']",12,"Fear, survival, instinct. Thrown into a foreign land with nothing but hazy memories and the knowledge of their name, they can feel only these three emotions resonating deep within their souls. A group of strangers is given no other choice than to accept the only paying job in this game-like world—the role of a soldier in the Reserve Army—and eliminate anything that threatens the peace in their new world, Grimgar.

When all of the stronger candidates join together, those left behind must create a party together to survive: Manato, a charismatic leader and priest; Haruhiro, a nervous thief; Yume, a cheerful hunter; Shihoru, a shy mage; Moguzo, a kind warrior; and Ranta, a rowdy dark knight. Despite its resemblance to one, this is no game—there are no redos or respawns; it is kill or be killed. 

It is now up to this ragtag group of unlikely fighters to survive together in a world where life and death are separated only by a fine line. ",279,789308,['A-1 Pictures'],2016
5-toubun no Hanayome ∬,8.01,"['Comedy', 'Romance', 'Harem', 'School', 'Shounen']",12,"Through their tutor Fuutarou Uesugi's diligent guidance, the Nakano quintuplets' academic performance shows signs of improvement, even if their path to graduation is still rocky. However, as they continue to cause various situations that delay any actual tutoring, Fuutarou becomes increasingly involved with their personal lives, further complicating their relationship with each other.

On another note, Fuutarou slowly begins to realize the existence of a possible connection between him and the past he believes to have shared with one of the five girls. With everyone's feelings beginning to develop and overlap, will they be able to keep their bond strictly to that of a teacher and his students—or will it mature into something else entirely?",281,787523,['Bibury Animation Studios'],2021
Kiznaiver,7.36,"['Drama', 'Romance', 'Sci-Fi']",12,"Katsuhira Agata is a quiet and reserved teenage boy whose sense of pain has all but vanished. His friend, Chidori Takashiro, can only faintly remember the days before Katsuhira had undergone this profound change. Now, his muffled and complacent demeanor make Katsuhira a constant target for bullies, who exploit him for egregious sums of money. But their fists only just manage to make him blink, as even emotions are far from his grasp.

However, one day Katsuhira, Chidori, and four other teenagers are abducted and forced to join the Kizuna System as official ""Kiznaivers."" Those taking part are connected through pain: if one member is injured, the others will feel an equal amount of agony. These individuals must become the lab rats and scapegoats of an incomplete system designed with world peace in mind. With their fates literally intertwined, the Kiznaivers must expose their true selves to each other, or risk failing much more than just the Kizuna System.",282,784721,['Trigger'],2016
Chuunibyou demo Koi ga Shitai! Ren,7.55,"['Comedy', 'Romance', 'School']",12,"The awkward lovebirds, Yuuta Togashi and Rikka Takanashi are now living together as they enter a new school year, but their adorable relationship remains stagnant. Yuuta struggles to adapt to having a chuuni girlfriend while the gang—Sanae Dekomori, Shinka Nibutani and Kumin Tsuyuri—are still keeping up with their quirks despite having advanced a grade. Making matters worse, another chuuni girl from Yuuta's middle school, Satone Shichimiya, appears...

With the various events revolving around Yuuta, will he be able to develop his relationship with Rikka?
",283,783448,['Kyoto Animation'],2014
Isekai Maou to Shoukan Shoujo no Dorei Majutsu,6.82,"['Action', 'Comedy', 'Fantasy', 'Romance', 'Ecchi', 'Harem', 'Isekai']",12,"When it comes to the fantasy MMORPG Cross Reverie, none can match the power of the Demon King Diablo. Possessing the game's rarest artifacts and an unrivaled player level, he overpowers all foolish enough to confront him. But despite his fearsome reputation, Diablo's true identity is Takuma Sakamoto, a shut-in gamer devoid of any social skills. Defeating hopeless challengers day by day, Takuma cares about nothing else but his virtual life—that is, until a summoning spell suddenly transports him to another world where he has Diablo's appearance! 

In this new world resembling his favorite game, Takuma is greeted by the two girls who summoned him: Rem Galeu, a petite Pantherian adventurer, and Shera L. Greenwood, a busty Elf summoner. They perform an Enslavement Ritual in an attempt to subjugate him, but the spell backfires and causes them to become his slaves instead. With the situation now becoming more awkward than ever, Takuma decides to accompany the girls in finding a way to unbind their contract while learning to adapt to his new existence as the menacing Demon King.",284,780201,['Ajia-do'],2018
Nanatsu no Taizai: Kamigami no Gekirin,6.47,"['Action', 'Adventure', 'Fantasy', 'Shounen']",24,"After saving the Kingdom of Liones from the 10 Commandments, Meliodas and the Seven Deadly Sins are enjoying their time off. However, things aren't as peaceful as they seem, as the Sins are put through various trials to become strong enough to defeat the 10 Commandments and to overcome their past trauma.

With help from past figures, the Sins are tasked with defeating the 10 Commandments and putting an end to their evil plans that began ten thousand years ago. The Sins begin to uncover the truth about each other, as well as those who stood before them. With this knowledge in hand, the battle against the 10 Commandments has only just begun.

Nanatsu no Taizai: Kamigami no Gekirin continues to follow the Seven Deadly Sins and those that they meet on their journey. Through their adventures, they realize that their actions have had greater consequences on the present than they could have ever expected.",285,779026,['Studio Deen'],2019
91 Days,7.82,"['Action', 'Drama', 'Suspense', 'Adult Cast', 'Historical', 'Organized Crime']",12,"As a child living in the town of Lawless, Angelo Lagusa has witnessed a tragedy: his parents and younger brother have been mercilessly slaughtered by the Vanetti mafia family. Losing everything he holds dear, he leaves both his name and hometown behind, adopting the new identity of Avilio Bruno.

Seven years later, Avilio finally has his chance for revenge when he receives a mysterious letter prompting him to return to Lawless. Obliging, he soon encounters the Vanetti don's son, Nero, and seeks to befriend him using the skills he has quietly honed for years.

Set during the Prohibition era, 91 Days tells the story of Avilio's dark, bloodstained path to vengeance, as he slowly ends each of the men involved in the killing of his family.",286,776426,['Shuka'],2016
Hellsing,7.5,"['Action', 'Horror', 'Supernatural', 'Adult Cast', 'Gore', 'Vampire', 'Seinen']",13,"Hellsing, an organization specializing in dealing with supernatural threats, is called in to eliminate a vampire that is turning the villagers of Cheddar into ghouls. To put an end to this, the leader of the organization, Sir Integra Fairbrook Wingates Hellsing, dispatches her most formidable asset: a powerful vampire known as Alucard.

Armed with only a single handgun, Alucard wreaks havoc on the monsters plaguing Cheddar. However, a young police officer, Seras Victoria, gets caught up in the chaos and becomes mortally wounded as a result. Taking pity on the girl, Alucard gives her a choice: die as a human or live on as a vampire. Seras accepts his offer and begins a new life as a member of Hellsing.

Though it was her decision, Seras struggles with the fact that she is no longer human. Nevertheless, she must embrace being a creature of the night soon if she wants to survive on the front lines in the fight between humans and the supernatural.",287,774763,['Gonzo'],2001
Tsurezure Children,7.54,"['Comedy', 'Romance', 'School', 'Shounen']",12,"Young love—it takes many unique and fascinating forms that flourish as children begin to mature into adults. From being unable to confess to not knowing what real love actually feels like, various obstacles can arise when learning about romantic attraction for the first time. But underneath all that, young love is something truly beautiful to behold, leading to brand new experiences for those young and in love.

Tsurezure Children depicts various scenarios of young love coming to fruition, along with the struggles and joys that it entails.",288,769682,['Studio Gokumi'],2017
Boku no Hero Academia 6th Season,8.22,"['Action', 'School', 'Super Power', 'Shounen']",25,"With Tomura Shigaraki at its helm, the former Liberation Army is now known as the Paranormal Liberation Front. This organized criminal group poses an immense threat to the Hero Association, not only because of its sheer size and strength, but also the overpowering quirks of Jin ""Twice"" Bubaigawara and Gigantomachia.

As new intel from the covert hero Keigo ""Hawks"" Takami confirms that Shigaraki is nowhere to be seen, the Hero Association decides to strike the enemy headquarters with a surprise attack using the entirety of its assets—and the UA students find themselves on the battlefield once again. As the fight rages on, the unsuspecting villains must regroup and push back, but the brave heroes are determined to eradicate every last one of them.",289,768577,['Bones'],2022
Nisemonogatari,8.12,"['Comedy', 'Mystery', 'Supernatural', 'Ecchi']",11,"Koyomi Araragi has recently survived a vampire attack and met several girls plagued by supernatural entities. On top of all this, he wakes up one morning to find himself kidnapped and tied up by his girlfriend Hitagi Senjougahara. Araragi's sister Karen has run afoul of Deishuu Kaiki, a swindler who once conned Senjougahara's family. As a result, Senjougahara has imprisoned Araragi to keep him safe from the devious Kaiki. But when Araragi receives a frantic message from Karen, he sets out to rescue her.

Along with Karen's troubles, Tsukihi, Araragi's other sister, faces issues of her own. And when two mysterious women step into their lives, not even Araragi can anticipate their true goals, nor the catastrophic truths about his family soon to be revealed.",291,763721,['Shaft'],2012
Shokugeki no Souma: San no Sara - Tootsuki Ressha-hen,7.93,"['Gourmet', 'Ecchi', 'School', 'Shounen']",12,"A dark age of cooking befalls Tootsuki Culinary Academy. With the Elite Ten's devastating coup d'état, Azami Nakiri is now the director of the prestigious school. Students must now conform to Azami's ideology of ""true gourmet food"" and are forbidden to express creativity, or else face expulsion.

However, Souma Yukihira and the members of the Polar Star Dormitory refuse to accept these changes. Aided by other rebellious first-years, including the tenth seat, Erina Nakiri, Souma and his allies band together to fight off supporters of Azami's regime. But corrupt instructors and the menacing Central organization stand in their way, and so they must work together, harder than ever before, to survive every underhanded plot designed to banish them from the school.
",292,761985,['J.C.Staff'],2018
Nanatsu no Taizai: Seisen no Shirushi,6.95,"['Action', 'Adventure', 'Fantasy', 'Shounen']",4,"The Seven Deadly Sins, along with Elizabeth Liones and Hawk, have won the Kingdom of Leones back from the Holy Knights. At long last, it's their time to indulge in the peaceful lives they fought for. From inedible meat pies, overdue battles, unexpected stalkers, and the butterflies of first love, the Sins are accompanied by their friends in their carefree, fun-filled time together. However, the calm is broken with the premonition of a new threat, bringing upon the signs of Holy War and threatening to shatter the peace of the Sins' easygoing days.",293,758776,['A-1 Pictures'],2016
Youkoso Jitsuryoku Shijou Shugi no Kyoushitsu e 2nd Season,8.07,"['Drama', 'Suspense', 'Psychological', 'School']",13,"Life back on the cruise following the Island Special Examination is anything but smooth sailing. Almost immediately after their return, the first-year students of Tokyo Metropolitan Advanced Nurturing High School face yet another special exam, with both class and individual points on the line.

In addition to the complicated ruleset, more issues arise in the form of Kakeru Ryuuen and Kei Karuizawa. Angered by the previous test's outcome, Ryuuen is dead set on outdoing every class in the new challenge using any means necessary. Meanwhile, Karuizawa, a crucial pillar of Class D, is close to crumbling under the pressure of her past.

The stage is now set for Kiyotaka Ayanokouji to once again—using the full extent of his planning, foresight, and ruthless manipulation—steer Class D to victory as dangerously close enemy forces try to bring it down.",294,757927,['Lerche'],2022
Eromanga-sensei,6.32,"['Comedy', 'Romance', 'Ecchi', 'Otaku Culture']",12,"One year ago, Sagiri Izumi became step-siblings with Masamune Izumi. But the sudden death of their parents tears their new family apart, resulting in Sagiri becoming a shut-in which cut her off from her brother and society.

While caring for what's left of his family, Masamune earns a living as a published light novel author with one small problem: he's never actually met his acclaimed illustrator, Eromanga-sensei, infamous for drawing the most lewd erotica. Through an embarrassing chain of events, he learns that his very own little sister was his partner the whole time!

As new characters and challenges appear, Masamune and Sagiri must now face the light novel industry together. Eromanga-Sensei follows the development of their relationship and their struggle to become successful; and as Sagiri slowly grows out of her shell, just how long will she be able to hide her true persona from the rest of the world?",295,756122,['A-1 Pictures'],2017
Nana,8.57,"['Drama', 'Romance', 'Adult Cast', 'Love Polygon', 'Music', 'Shoujo']",47,"Departing from their respective hometowns, two young women with identical names are brought together in their pursuit of new beginnings. With their hearts set on going to Tokyo, Nana Komatsu dreams about blissful love, while Nana Osaki aims for a successful music career.

The former has a cheerful and friendly nature, but her naivety has steered her romantic life astray until she meets her dependable boyfriend—Shouji Endo. Without letting herself be dismayed by Shouji's decision to study in Tokyo, Nana works hard to earn enough money and follow him there. Meanwhile, her namesake is a solitary punk vocalist whose impassioned romance with her band's bassist, Ren Honjou, comes to a sudden end. Though heartbroken, Nana bravely looks forward and travels to the capital with the ambition of becoming a recognized artist.

Shortly after they arrive in Tokyo, the girls cross paths again due to an unexpected coincidence that ultimately leads them to live under the same roof. As they grow closer, the two strive to support one another amid their struggles to forge a future for themselves.",296,751776,['Madhouse'],2006
Mashle,7.62,"['Action', 'Comedy', 'Fantasy', 'Gag Humor', 'Parody', 'School', 'Shounen']",12,"In this magical world, one is easily identified as having magical abilities by a distinctive mark on their face. Those unable to practice magic are swiftly exterminated to maintain the magical integrity of society. However, deep within a forest lies an anomaly in Mash Burnedead, who can be found pumping iron with one arm and lifting a cream puff with the other. This aloof boy with superhuman strength—but no magical abilities—leads a quiet life with his father, far removed from society.

Mash's peace is soon disturbed when the authorities discover his lack of magical powers. They issue him an ultimatum: compete to become a Divine Visionary, which would force everyone to accept him, or be persecuted forever. To protect his family, he enrolls in the prestigious Easton Magic Academy, which only the most elite and gifted students are allowed to attend. Now, Mash must overcome his shortcomings as a magic-less being and surpass the other students—relying solely on his muscles.",297,743527,['A-1 Pictures'],2023
Kenpuu Denki Berserk,8.6,"['Action', 'Adventure', 'Drama', 'Fantasy', 'Horror', 'Gore', 'Military', 'Psychological', 'Seinen']",25,"Guts, a man who will one day be known as the Black Swordsman, is a young traveling mercenary characterized by the large greatsword he carries. He accepts jobs that offer the most money, but he never stays with one group for long—until he encounters the Band of the Falcon. Ambushed after completing a job, Guts crushes many of its members in combat. Griffith, The Band of the Falcon's leader and founder, takes an interest in Guts and duels him. While the others are no match for Guts, Griffith defeats him in one blow.

Incapacitated and taken into the Band of the Falcon's camp to recover, Guts wakes up two days later. He confronts Griffith, and the two duel yet again, only this time with a condition: Guts will join the Band of the Falcon if he loses. Due to his fresh injuries, Guts loses the fight and is inducted by Griffith.

In three years' time, Guts has become one of the Band of the Falcon's commanders. On the battlefield, his combat prowess is second only to Griffith as he takes on large groups of enemies all on his own. With Guts' immense strength and Griffith's leadership, the Band of the Falcon dominate every battle they partake in. But something menacing lurks in the shadows, threatening to change Guts' life forever.",299,738657,['OLM'],1997
Accel World,7.2,"['Action', 'Romance', 'Sci-Fi', 'School', 'Video Game']",24,"Haruyuki Arita is an overweight, bullied middle schooler who finds solace in playing online games. But his life takes a drastic turn one day, when he finds that all his high scores have been topped by Kuroyukihime, the popular vice president of the student council. She then invites him to the student lounge and introduces him to ""Brain Burst,"" a program which allows the users to accelerate their brain waves to the point where time seems to stop. Brain Burst also functions as an augmented reality fighting game, and in order to get more points to accelerate, users must win duels against other players. However, if a user loses all their points, they will also lose access to Brain Burst forever.

Kuroyukihime explains that she chose to show Haruyuki the program because she needs his help. She wants to meet the creator of Brain Burst and uncover the reason of why it was created, but that's easier said than done; to do so, she must defeat the ""Six Kings of Pure Color,"" powerful faction leaders within the game, and reach level 10, the highest level attainable. After the girl helps Haruyuki overcome the bullies that torment him, he vows to help her realize her goal, and so begins the duo's fight to reach the top.",300,738604,['Sunrise'],2012
Yuu☆Yuu☆Hakusho,8.46,"['Action', 'Supernatural', 'Martial Arts', 'Mythology', 'Shounen']",112,"One fateful day, Yuusuke Urameshi, a 14-year-old delinquent with a dim future, gets a miraculous chance to turn it all around when he throws himself in front of a moving car to save a young boy. His ultimate sacrifice is so out of character that the authorities of the spirit realm are not yet prepared to let him pass on. Koenma, heir to the throne of the spirit realm, offers Yuusuke an opportunity to regain his life through completion of a series of tasks. With the guidance of the death god Botan, he is to thwart evil presences on Earth as a Spirit Detective.

To help him on his venture, Yuusuke enlists ex-rival Kazuma Kuwabara, and two demons, Hiei and Kurama, who have criminal pasts. Together, they train and battle against enemies who would threaten humanity's very existence.",301,737743,['Studio Pierrot'],1992
K-On!!,8.18,"['Award Winning', 'Comedy', 'CGDCT', 'Music', 'School']",26,"It is the new year, which means that the senior members of the Light Music Club are now third-years, with Azusa Nakano being the only second-year. The seniors soon realize that Azusa will be the only member left once they graduate and decide to recruit new members. Despite trying many methods of attracting underclassmen—handing out fliers, bringing people into the clubroom, and performing at the welcoming ceremony—there are no signs of anyone that plans to join.

While heading to the clubroom, Azusa overhears Yui Hirasawa say that the club is fine with only five people and that they can do many fun things together. Changing her mind, she decides that they do not need to recruit any members for the time being. 

K-On!! revolves around the members of the Light Music Club as they experience their daily high school life. From rehearsing for concerts to just messing around, they are ready to make their last year together an exciting one!",302,737431,['Kyoto Animation'],2010
Bocchi the Rock!,8.74,"['Comedy', 'CGDCT', 'Music']",12,"Yearning to make friends and perform live with a band, lonely and socially anxious Hitori ""Bocchi"" Gotou devotes her time to playing the guitar. On a fateful day, Bocchi meets the outgoing drummer Nijika Ijichi, who invites her to join Kessoku Band when their guitarist, Ikuyo Kita, flees before their first show. Soon after, Bocchi meets her final bandmate—the cool bassist Ryou Yamada. 

Although their first performance together is subpar, the girls feel empowered by their shared love for music, and they are soon rejoined by Kita. Finding happiness in performing, Bocchi and her bandmates put their hearts into improving as musicians while making the most of their fleeting high school days.",303,735762,['CloverWorks'],2022
Kusuriya no Hitorigoto,8.86,"['Drama', 'Mystery', 'Historical', 'Medical']",24,"Maomao, an apothecary's daughter, has been plucked from her peaceful life and sold to the lowest echelons of the imperial court. Now merely a maid, Maomao settles into her new mundane life and hides her extensive knowledge of medicine in order to avoid any unwanted attention.

Not long after Maomao's arrival, the emperor's infant children inexplicably begin to experience grave symptoms—almost as if a curse has been cast. The curious Maomao easily solves the mystery and, to remain out of the limelight, attempts to leave an anonymous tip. Unfortunately, the dashing and perceptive eunuch Jinshi sees through it and manages to single her out.

In recognition of her talent, Maomao is promoted to lady-in-waiting for the emperor's favorite concubine, Gyokuyou. As Maomao continues to remedy the numerous ailments afflicting the imperial court, her pharmaceutical expertise quickly proves indispensable.",304,735290,"['OLM', 'TOHO animation STUDIO']",2023
Nisekoi:,7.34,"['Comedy', 'Romance', 'Harem', 'School', 'Shounen']",12,"Despite having seemingly quelled the war between their respective gangs, Raku Ichijou and Chitoge Kirisaki still carry on with their fake relationship. Eventually, as Chitoge's perception of Raku slowly changes, she even begins to see him as a little charming. 

Chitoge struggles to come to terms with her newfound feelings for Raku, as a new girl joins the slew of Raku's admirers and the competition among those vying for the yakuza heir's attention grows even fiercer. And amidst all this, Raku's search for his first love and the contents of the mysterious sealed locket continues in Nisekoi:, which picks up where the first season left off.",305,731681,['Shaft'],2015
Ousama Ranking,8.49,"['Adventure', 'Fantasy']",23,"The people of the kingdom look down on the young Prince Bojji, who can neither hear nor speak. They call him ""The Useless Prince"" while jeering at his supposed foolishness.

However, while Bojji may not be physically strong, he is certainly not weak of heart. When a chance encounter with a shadow creature should have left him traumatized, it instead makes him believe that he has found a friend amidst those who only choose to notice his shortcomings. He starts meeting with Kage, the shadow, regularly, to the point where even the otherwise abrasive creature begins to warm up to him.

Kage and Bojji's unlikely friendship lays the budding foundations of the prince's journey, one where he intends to conquer his fears and insecurities. Despite the constant ridicule he faces, Bojji resolves to fulfill his desire of becoming the best king he can be.",306,729825,['Wit Studio'],2021
Great Pretender,8.19,"['Action', 'Adventure', 'Mystery', 'Adult Cast', 'Organized Crime']",23,"A series of unfortunate events has led Makoto Edamura to adopt the life of crime—pickpocketing and scamming others for a living. However, after swindling a seemingly clueless tourist, Makoto discovers that he was the one tricked and, to make matters worse, that the police are now after him. 

While making his escape, he runs into the tourist once again, who turns out to be a fellow con man named Laurent Thierry, and ends up following him to Los Angeles. In an attempt to defend his self-proclaimed title of ""Japan's Greatest Swindler,"" Makoto challenges his rival to determine the better scammer. Accepting the competition, Laurent drops them off outside a huge mansion and claims that their target will be the biggest mafia boss on the West Coast.

As Makoto becomes increasingly involved with the cunning Laurent, his colorful associates, and the world of international high-stakes fraud, he soon realizes that he got more than what he bargained for as his self-declared skills are continually put to the test.",307,727884,['Wit Studio'],2020
Yofukashi no Uta,7.95,"['Romance', 'Supernatural', 'Vampire', 'Shounen']",13,"Kou Yamori is an average middle school student who struggles with grasping the complex concept of love. Because he sees little sense in surrendering to the norm, he soon stops going to school. Plagued with insomnia due to his idleness, Kou begins roaming the lonesome streets at night.

One night, Kou encounters a bizarre girl named Nazuna Nanakusa who believes that people stay awake during the night because they are dissatisfied with how they spent their day and cannot rest until they release their inhibitions. Nazuna offers to help Kou with his sleep issues and invites him over to her place, where she convinces him to share a futon with her. Feeling uncomfortable, Kou only pretends to doze off—which is when Nazuna suddenly bites his neck, revealing herself to be a vampire!

While Kou thinks the bite will turn him into a vampire, the specifics of transforming are not that simple. In order to change, he must be bitten by someone he truly loves. Ready to let go of his dreary mortal life, Kou decides on a new goal: he will fall in love with Nazuna and become a vampire himself.
",308,726704,['LIDENFILMS'],2022
Himouto! Umaru-chan,7.09,"['Comedy', 'Otaku Culture', 'School', 'Seinen']",12,"People are not always who they appear to be, as is the case with Umaru Doma, the perfect high school girl—that is, until she gets home! Once the front door closes, the real fun begins. When she dons her hamster hoodie, she transforms from a refined, over-achieving student into a lazy, junk food-eating otaku, leaving all the housework to her responsible older brother Taihei. Whether she's hanging out with her friends Nana Ebina and Kirie Motoba, or competing with her self-proclaimed ""rival"" Sylphinford Tachibana, Umaru knows how to kick back and have some fun!

Himouto! Umaru-chan is a cute story that follows the daily adventures of Umaru and Taihei, as they take care of—and put up with—each other the best they can, as well as the unbreakable bonds between friends and siblings.",309,726584,['Doga Kobo'],2015
Akagami no Shirayuki-hime,7.76,"['Drama', 'Romance', 'Medical', 'Shoujo']",12,"Although her name means ""snow white,"" Shirayuki is a cheerful, red-haired girl living in the country of Tanbarun who works diligently as an apothecary at her herbal shop. Her life changes drastically when she is noticed by the silly prince of Tanbarun, Prince Raji, who then tries to force her to become his concubine. Unwilling to give up her freedom, Shirayuki cuts her long red hair and escapes into the forest, where she is rescued from Raji by Zen Wistalia, the second prince of a neighboring country, and his two aides. Hoping to repay her debt to the trio someday, Shirayuki sets her sights on pursuing a career as the court herbalist in Zen's country, Clarines.

Akagami no Shirayuki-hime depicts Shirayuki's journey toward a new life at the royal palace of Clarines, as well as Zen's endeavor to become a prince worthy of his title. As loyal friendships are forged and deadly enemies formed, Shirayuki and Zen slowly learn to support each other as they walk their own paths.",310,724707,['Bones'],2015
Kuzu no Honkai,7.08,"['Drama', 'Romance', 'Love Polygon', 'School', 'Seinen']",12,"To the outside world, Hanabi Yasuraoka and Mugi Awaya are the perfect couple. But in reality, they just share the same secret pain: they are both in love with other people they cannot be with. 

Hanabi has loved her childhood friend and neighbor Narumi Kanai for as long as she can remember, so she is elated to discover that he is her new homeroom teacher. However, Narumi is soon noticed by the music teacher, Akane Minagawa, and a relationship begins to blossom between them, much to Hanabi's dismay. 

Mugi was tutored by Akane in middle school, and has been in love with her since then. Through a chance meeting in the hallway, he encounters Hanabi. As these two lonely souls spend more time together, they decide to use each other as a substitute for the one they truly love, sharing physical intimacy with one another in order to stave off their loneliness. ",311,724110,['Lerche'],2017
Satsuriku no Tenshi,6.96,"['Adventure', 'Horror', 'Suspense', 'Gore', 'Psychological']",16,"With dead and lifeless eyes, Rachel Gardner wishes only to die. Waking up in the basement of a building, she has no idea how or why she's there. She stumbles across a bandaged murderer named Zack, who is trying to escape. After promising to kill her as soon as he is free, Rachel and Zack set out to ascend through the building floor by floor until they escape.

However, as they progress upward, they meet more twisted people, and all of them seem familiar with Rachel. What is her connection to the building, and why was she placed in it? Facing a new boss on each floor, can Rachel and Zack both achieve their wishes?",312,722627,['J.C.Staff'],2018
D.Gray-man,8.0,"['Action', 'Adventure', 'Fantasy', 'Urban Fantasy', 'Shounen']",103,"Losing a loved one is so painful that one may sometimes wish to be able to resurrect them—a weakness that the enigmatic Millennium Earl exploits. To make his mechanical weapons known as ""Akuma,"" he uses the souls of the dead that are called back. Once a soul is placed in an Akuma, it is trapped forever, and the only way to save them is to exorcise them from their vessel using the Anti-Akuma weapon, ""Innocence.""

After spending three years as the disciple of General Cross, Allen Walker is sent to the Black Order—an organization comprised of those willing to fight Akuma and the Millennium Earl—to become an official Exorcist. With an arm as his Innocence and a cursed eye that can see the suffering souls within an Akuma, it's up to Allen and his fellow Exorcists to stop the Millennium Earl's ultimate plot: one that can lead to the destruction of the world.",313,722091,['TMS Entertainment'],2006
Ore Monogatari!!,7.89,"['Comedy', 'Romance', 'Shoujo']",24,"With his muscular build and tall stature, Takeo Gouda is no ordinary high school freshman. However, behind Takeo's intimidating appearance lies a pure heart of gold, and he is considered a hero by his male peers for his courage and chivalry. 

Unfortunately for Takeo, his appearance does not bode well for his love life. As if his looks were not already enough to scare the opposite sex away, Takeo's cool, handsome best friend and constant companion Makoto Sunakawa easily, and unintentionally, steals the hearts of the female students—including every girl Takeo has ever liked.

One day, when Takeo saves cute Rinko Yamato from being molested, he falls in love with her instantly. Unfortunately, he suspects that she might be interested in Sunakawa. Despite his romantic feelings for Yamato continuing to bloom, Takeo decides to act as her cupid, even as he yearns for his own love story.
",314,721113,['Madhouse'],2015
3-gatsu no Lion,8.37,"['Drama', 'Childcare', 'Strategy Game', 'Seinen']",22,"Having reached professional status in middle school, Rei Kiriyama is one of the few elite in the world of shogi. Due to this, he faces an enormous amount of pressure, both from the shogi community and his adoptive family. Seeking independence from his tense home life, he moves into an apartment in Tokyo. As a 17-year-old living on his own, Rei tends to take poor care of himself, and his reclusive personality ostracizes him from his peers in school and at the shogi hall.

However, not long after his arrival in Tokyo, Rei meets Akari, Hinata, and Momo Kawamoto, a trio of sisters living with their grandfather who owns a traditional wagashi shop. Akari, the oldest of the three girls, is determined to combat Rei's loneliness and poorly sustained lifestyle with motherly hospitality. The Kawamoto sisters, coping with past tragedies, also share with Rei a unique familial bond that he has lacked for most of his life. As he struggles to maintain himself physically and mentally through his shogi career, Rei must learn how to interact with others and understand his own complex emotions.",315,719869,['Shaft'],2016
Shinmai Maou no Testament,6.68,"['Action', 'Supernatural', 'Ecchi', 'Harem']",12,"Running into your new stepsister in the bathroom is not the best way to make a good first impression, which Basara Toujou learns the hard way. When his father suddenly brings home two beautiful girls and introduces them as his new siblings, he has no choice but to accept into his family the Naruse sisters: busty redhead Mio and petite silver-haired Maria.

But when these seemingly normal girls reveal themselves as demons—Mio the former Demon Lord's only daughter and Maria her trusted succubus servant—Basara is forced to reveal himself as a former member of a clan of ""Heroes,"" sworn enemies of the demons. However, having begun to care for his new sisters, Basara instead decides to protect them with his powers and forms a master-servant contract with Mio to keep watch over her.

With the Heroes observing his every move and the constant threat of hostile demons, Basara has to do the impossible to protect his new family members. Moreover, the protector himself is hiding his own dark secret that still haunts him to this day...",316,718734,['Production IMS'],2015
Rosario to Vampire,6.73,"['Comedy', 'Romance', 'Supernatural', 'Ecchi', 'Harem', 'Mythology', 'School', 'Vampire', 'Shounen']",13,"Youkai Academy is a seemingly normal boarding school, except that its pupils are monsters learning to coexist with humans. All students attend in human form and take normal academic subjects, such as literature, gym, foreign language, and mathematics. However, there is one golden rule at Youkai Academy—all humans found on school grounds are to be executed immediately!

Tsukune Aono is an average teenager who is unable to get into any high school because of his bad grades. His parents inadvertently enroll him into Youkai Academy as a last-ditch effort to secure his education. As Tsukune unknowingly enters this new world, he has a run-in with the most attractive girl on campus, Moka Akashiya. Deciding to stay in the perilous realm in order to further his relationship with Moka, he does not realize that beneath her beauty lies a menacing monster—a vampire.

Rosario to Vampire is a supernatural school comedy that explores Tsukune's romantic exploits, experiences, and misadventures with a bevy of beautiful but dangerous creatures.",317,718344,['Gonzo'],2008
Blood Lad,7.23,"['Action', 'Comedy', 'Fantasy', 'Delinquents', 'Mythology', 'Vampire', 'Seinen']",10,"Staz Charlie Blood is a powerful vampire who rules the Eastern district of Demon World. According to rumors, he is a bloodthirsty and merciless monster, but in reality, Staz is just an otaku obsessed with Japanese culture and completely uninterested in human blood. Leaving the management of his territory to his underlings, Staz spends his days lazing around, indulging in anime, manga, and games.

When Fuyumi Yanagi, a Japanese girl, accidentally wanders through a portal leading into the demon world, Staz is overjoyed. But just as he is starting to feel an unusual attraction to her, his territory is attacked, resulting in Fuyumi's untimely death. She turns into a wandering ghost and the crestfallen Staz vows to resurrect her as this would mean being able to travel to the human world, something he has always dreamed of.

Blood Lad follows Staz and Fuyumi, soon joined by the spatial magician Bell and the half-werewolf Wolf, as they travel to find a magic that can bring humans back to life.",318,717140,"[""Brain's Base""]",2013
Ore no Imouto ga Konnani Kawaii Wake ga Nai,6.93,"['Comedy', 'Otaku Culture']",12,"Kirino Kousaka embodies the ideal student with equally entrancing looks. Her grades are near perfect, and to cover her personal expenses, she works as a professional model alongside her best friend Ayase Aragaki, who abhors liars and all things otaku. But what Ayase doesn't know is that Kirino harbors a deep, entrenched secret that will soon be brought to light.

At home one day, Kyousuke, Kirino's perfectly average brother, stumbles upon an erotic game that belongs to none other than his seemingly flawless little sister. With her reputation at stake, Kirino places a gag order on her sibling while simultaneously introducing him to the world of eroge and anime. Through Kirino, Kyousuke encounters the gothic lolita Ruri Gokou and the bespectacled otaku Saori Makishima, thus jump-starting an entirely new lifestyle. But as he becomes more and more involved in his little sister's secret life, it becomes that much harder to keep under wraps. ",319,711057,['AIC Build'],2010
Claymore,7.73,"['Action', 'Adventure', 'Fantasy', 'Gore', 'Shounen']",26,"When a shapeshifting demon with a thirst for human flesh, known as ""youma,"" arrives in Raki's village, a lone woman with silver eyes walks into town with only a sword upon her back. She is a ""Claymore,"" a being manufactured as half-human and half-youma, for the express purpose of exterminating these monsters. After Raki's family is killed, the Claymore saves his life, but he is subsequently banished from his home. With nowhere else to go, Raki finds the Claymore, known as Clare, and decides to follow her on her journeys.

As the pair travel from town to town, defeating youma along the way, more about Clare's organization and her fellow warriors comes to light. With every town cleansed and every demon destroyed, they come closer to the youma on which Clare has sought vengeance ever since she chose to become a Claymore.",320,710550,['Madhouse'],2007
Mushoku Tensei II: Isekai Ittara Honki Dasu,8.21,"['Adventure', 'Drama', 'Fantasy', 'Ecchi', 'Isekai', 'Reincarnation']",12,"After his relationship with Eris Boreas Greyrat reaches new heights, Rudeus Greyrat is ecstatic. Unfortunately, his joy is short-lived, as Eris suddenly abandons him to embark on her own journey. Believing that Eris has lost all interest in him, a heartbroken and depressed Rudeus sets forth to the Northern Territories. With his sole goal being to locate his mother on the vast continent, Rudeus wonders if persisting through daily life is worth the pain, falling into a robotic routine as he endlessly ruminates on his lost love.

However, the dangers of the North soon prove that one cannot survive with a dulled mind. While on a quest with the party Counter Arrow, with whom he recently became acquainted, Rudeus has a brush with death—an experience that forces him to finally snap out of his despair. With his newfound teammates, Rudeus rediscovers the pleasure of daily adventuring and moves forward with his original goal of living his second lease on life to the fullest.",321,709604,['Studio Bind'],2023
Kamisama Hajimemashita,8.12,"['Comedy', 'Romance', 'Supernatural', 'Mythology', 'Shoujo']",13,"High schooler Nanami Momozono has quite a few problems of late, beginning with her absentee father being in such extreme debt that they lose everything. Downtrodden and homeless, she runs into a man being harassed by a dog. After helping him, she explains her situation, and to her surprise, he offers her his home in gratitude. But when she discovers that said home is a rundown shrine, she tries to leave; however, she is caught by two shrine spirits and a fox familiar named Tomoe. They mistake her for the man Nanami rescued—the land god of the shrine, Mikage. Realizing that Mikage must have sent her there as a replacement god, Tomoe leaves abruptly, refusing to serve a human.

Rather than going back to being homeless, Nanami immerses herself in her divine duties. But if she must keep things running smoothly, she will need the help of a certain hot-headed fox. In her fumbling attempt to seek out Tomoe, she lands in trouble and ends up sealing a contract with him. Now the two must traverse the path of godhood together as god and familiar; but it will not be easy, for new threats arise in the form of a youkai who wants to devour the girl, a snake that wants to marry her, and Nanami's own unexpected feelings for her new familiar.",322,708518,['TMS Entertainment'],2012
Monogatari Series: Second Season,8.76,"['Comedy', 'Mystery', 'Romance', 'Supernatural', 'Vampire']",26,"Apparitions, oddities, and gods continue to manifest around Koyomi Araragi and his close-knit group of friends: Tsubasa Hanekawa, the group's modest genius; Shinobu Oshino, the resident doughnut-loving vampire; athletic deviant Suruga Kanbaru; bite-happy spirit Mayoi Hachikuji; Koyomi's cute admirer Nadeko Sengoku; and Hitagi Senjougahara, Koyomi's eclectic girlfriend.

A new semester has begun and with graduation looming over Koyomi, he must quickly decide the paths he will walk, as well as the relationships he will form and friends that he will save. But as strange events begin to unfold, Koyomi is nowhere to be found, and a vicious tiger apparition has appeared in his absence. Hanekawa has become its target, and she quickly finds she must fend for herself.",323,707132,['Shaft'],2013
Saenai Heroine no Sodatekata,7.47,"['Comedy', 'Romance', 'Ecchi', 'Harem', 'Otaku Culture', 'School']",12,"Tomoya Aki, an otaku, has been obsessed with collecting anime and light novels for years, attaching himself to various series with captivating stories and characters. Now, he wants to have a chance of providing the same experience for others by creating his own game, but unfortunately, Tomoya cannot do this task by himself.

He successfully recruits childhood friend Eriri Spencer Sawamura to illustrate and literary elitist Utaha Kasumigaoka to write the script for his visual novel, while he directs. Super-group now in hand, Tomoya only needs an inspiration to base his project on, and luckily meets the beautiful, docile Megumi Katou, who he then models his main character after.

Using what knowledge he has, Tomoya creates a new doujin circle with hopes to touch the hearts of those who play their game. What he does not realize, is that to invoke these emotions, the creators have had to experience the same feelings in their own lives.",324,703704,['A-1 Pictures'],2015
Barakamon,8.36,"['Slice of Life', 'Childcare', 'Iyashikei', 'Visual Arts']",12,"Seishuu Handa is an up-and-coming calligrapher: young, handsome, talented, and unfortunately, a narcissist to boot. When a veteran labels his award-winning piece as ""unoriginal,"" Seishuu quickly loses his cool with severe repercussions.

As punishment, and also in order to aid him in self-reflection, Seishuu's father exiles him to the Goto Islands, far from the comfortable Tokyo lifestyle the temperamental artist is used to. Now thrown into a rural setting, Seishuu must attempt to find new inspiration and develop his own unique art style—that is, if boisterous children (headed by the frisky Naru Kotoishi), fujoshi middle schoolers, and energetic old men stop barging into his house! The newest addition to the intimate and quirky Goto community only wants to get some work done, but the islands are far from the peaceful countryside he signed up for. Thanks to his wacky neighbors who are entirely incapable of minding their own business, the arrogant calligrapher learns so much more than he ever hoped to.",325,701460,['Kinema Citrus'],2014
Kimetsu no Yaiba: Hashira Geiko-hen,8.06,"['Action', 'Supernatural', 'Historical', 'Shounen']",8,"After a series of mighty clashes with Upper Rank Demons, the Ubuyashiki clan prepares for one last battle with the hellish forces of Muzan Kibutsuji. In order to finally defeat the Demon leader once and for all, the clan devises a training camp for the Demon Slayer Corps, one led by the remaining Hashira—the most elite warriors in the organization. Each Hashira forms a specialized exercise that will hone both their own abilities and the skills of the ordinary soldiers.

Tanjirou Kamado, a boy at the heart of the brewing conflict, recovers from wounds received in a recent fight. While his half-Demon sister Nezuko is studied by researchers like Shinobu Kochou, Tanjirou embarks to train with the Hashira, seeking mastery in each of their assigned areas of expertise to be best prepared for the coming war—skills vital to Tanjirou, as he has vowed to be the very warrior who will eliminate Muzan for good.",326,700544,['ufotable'],2024
Saiki Kusuo no Ψ-nan 2,8.41,"['Comedy', 'Gag Humor', 'School', 'Super Power', 'Shounen']",24,"The disastrous life of the gifted psychic Kusuo Saiki continues, despite his utmost effort to live an ordinary life. Although he has certainly grown accustomed to dealing with his troublesome friends—who are his biggest hurdle to achieving a peaceful life—he still has a long way to go. Also joining the usual oddballs are a few new faces whose shenanigans add to Saiki's misery, making his dreams of a hassle-free life a distant fantasy.",327,700459,"['J.C.Staff', 'Egg Firm']",2018
School Days,5.51,"['Drama', 'Romance', 'Harem', 'School']",12,"High school student Makoto Itou first notices Kotonoha Katsura at the start of his second semester, freshman year. Immediately, he becomes entranced by her beauty, but his bashfulness doesn't allow him to approach her, even though they ride the same train every day. Instead, he snaps a photo of her in secret and sets it as his cell phone's wallpaper: a charm that, if kept under wraps, would supposedly help you realize your love. However, classmate Sekai Saionji spots the picture, but instead of ratting him out, she offers to help set him up with Kotonoha—going so far as befriending her just for him. Thus, the trio begins a rather impromptu friendship.

School Days follows the lives of these three teenagers as they traverse the joys and hardships that come with being a high schooler. In a story alive and brimming with romance and melancholy, the tale of these three students will linger in memory long after the momentous conclusion. ",328,698942,['TNK'],2007
Ergo Proxy,7.9,"['Mystery', 'Sci-Fi', 'Suspense', 'Adult Cast', 'Psychological']",23,"Within the domed city of Romdo lies one of the last human civilizations on Earth. Thousands of years ago, a global ecological catastrophe doomed the planet; now, life outside these domes is virtually impossible. To expedite mankind's recovery, ""AutoReivs,"" humanoid-like robots, have been created to assist people in their day-to-day lives. However, AutoReivs have begun contracting an enigmatic disease called the ""Cogito Virus,"" which grants them self-awareness. Re-l Mayer, the  granddaughter of Romdo's ruler, is assigned to investigate this phenomenon alongside her AutoReiv partner, Iggy. But what begins as a routine investigation quickly spirals into a conspiracy as Re-l is confronted by humanity's darkest sins.

Elsewhere in Romdo, an AutoReiv specialist by the name of Vincent Law must also face his demons when surreal events begin occurring around him. Re-l, Iggy, Vincent, and the child AutoReiv named Pino will form an unlikely faction as they struggle to uncover Romdo's mysteries and discover the true purpose of the mythical beings called ""Proxies.""",329,698004,['Manglobe'],2006
Little Witch Academia (TV),7.8,"['Adventure', 'Comedy', 'Fantasy', 'School']",25,"""A believing heart is your magic!""—these were the words that Atsuko ""Akko"" Kagari's idol, the renowned witch Shiny Chariot, said to her during a magic performance years ago. Since then, Akko has lived by these words and aspired to be a witch just like Shiny Chariot, one that can make people smile. Hence, even her non-magical background does not stop her from enrolling in Luna Nova Magical Academy.

However, when an excited Akko finally sets off to her new school, the trip there is anything but smooth. After her perilous journey, she befriends the shy Lotte Yansson and the sarcastic Sucy Manbavaran. To her utmost delight, she also discovers Chariot's wand, the Shiny Rod, which she takes as her own. Unfortunately, her time at Luna Nova will prove to be more challenging than Akko could ever believe. She absolutely refuses to stay inferior to the rest of her peers, especially to her self-proclaimed rival, the beautiful and gifted Diana Cavendish, so she relies on her determination to compensate for her reckless behavior and ineptitude in magic.

In a time when wizardry is on the decline, Little Witch Academia follows the magical escapades of Akko and her friends as they learn the true meaning of being a witch.",331,696970,['Trigger'],2017
Gakusen Toshi Asterisk,6.8,"['Action', 'Comedy', 'Fantasy', 'Romance', 'Ecchi', 'Harem', 'School', 'Urban Fantasy']",12,"In the previous century, an unprecedented disaster known as the Invertia drastically reformed the world. The powers of existing nations declined significantly, paving the way for a conglomerate called the Integrated Empire Foundation to assume control. But more importantly, the Invertia led to the emergence of a new species of humans who are born with phenomenal physical capabilities—the Genestella. Its elite are hand-picked across the globe to attend the top six schools, and they duel amongst themselves in entertainment battles called Festas.

Ayato Amagiri is a scholarship transfer student at the prestigious Seidoukan Academy, which has recently been suffering from declining performances. Through a series of events, he accidentally sees the popular Witch of Resplendent Flames, Julis-Alexia von Riessfeld, half-dressed! Enraged, Julis challenges him to a duel for intruding on her privacy. After said duel is voided by the student council president, Ayato reveals that he has no interest in Festas. Instead, he has enrolled in the academy to investigate the whereabouts of his missing elder sister. But when a more devious plot unravels, Ayato sets out to achieve victory, while being surrounded by some of the most talented Genestella on the planet.
",332,695116,['A-1 Pictures'],2015
Blend S,7.24,"['Comedy', 'Otaku Culture', 'Workplace']",12,"Wishing to be independent, 16-year-old Maika Sakuranomiya is desperate to nail down a part-time job so that she can afford to study abroad. Unfortunately, her applications are constantly rejected due to the menacing look she unintentionally makes whenever she smiles, despite her otherwise cheerful disposition.

After yet another failed interview, she chances upon Café Stile, a coffee shop where the servers interact with the customers while roleplaying distinctive characteristics. The Italian store manager, Dino, becomes infatuated with Maika's cuteness at first sight, and offers her a job as a waitress with a sadistic nature. Coupled with her inherent clumsiness, she successfully manages to serve a pair of masochistic customers in accordance with her new, ruthless persona. Alongside Kaho Hinata as the tsundere and Mafuyu Hoshikawa as the younger sister, Maika decides to make the most out of her unique quirk and cements her position in the cafe with merciless cruelty!",333,693011,['A-1 Pictures'],2017
Bungou Stray Dogs 3rd Season,8.2,"['Action', 'Mystery', 'Adult Cast', 'Detective', 'Organized Crime', 'Super Power', 'Seinen']",12,"Following the conclusion of the three-way organizational war, government bureaucrat Ango Sakaguchi recalls an event that transpired years ago, after the death of the former Port Mafia boss. Osamu Dazai, still a new recruit at the time, was tasked with investigating rumors related to a mysterious explosion that decimated part of the city years ago—and its connection to the alleged reappearance of the former boss.

Due to circumstances out of his control, he is partnered with Chuuya Nakahara, the gifted yet impulsive leader of a rival clan known as the Sheep, to uncover the truth behind the case and shine a light on the myth of Arahabaki—the god of fire who might just lead Dazai to the case's solution.

Meanwhile, in the present day, it is business as usual once again for the Armed Detective Agency. Their peaceful break will not last for long, however, as enemies old and new gather their strength and prepare for another face-off.",334,692331,['Bones'],2019
Amagi Brilliant Park,7.45,"['Comedy', 'Supernatural', 'Workplace']",13,"Seiya Kanie, a smart and extremely narcissistic high school student, believes that the beautiful but reserved Isuzu Sento has invited him on a date at an amusement park called Amagi Brilliant Park. Much to his chagrin, not only is the location a run-down facility, the supposed date is merely a recruitment tour where Sento and Princess Latifa Fleuranza, the owner of the theme park, ask him to become the park's new manager. Their cause for desperation? As stipulated in a land-use contract, Amagi has less than three months to meet a quota of 500,000 guests, or the park will be closed for good and the land redeveloped by a greedy real-estate company.

Seiya is won over by the revelation that Amagi is no ordinary amusement park; many of its employees are Maple Landers—mysterious magical beings who live in the human world and are nourished by the energy created by people having fun. Entrusted with the hopes and dreams of this far-off enchanted land, Seiya must now use his many skills to bring Amagi back on its feet, or watch it crumble before his eyes.",335,690972,['Kyoto Animation'],2014
Inuyashiki,7.63,"['Action', 'Drama', 'Sci-Fi', 'Suspense', 'Gore', 'Psychological', 'Seinen']",11,"Ichirou Inuyashiki is a 58-year-old family man who is going through a difficult time in his life. Though his frequent back problems are painful, nothing hurts quite as much as the indifference and distaste that his wife and children have for him. Despite this, Ichirou still manages to find solace in Hanako, an abandoned Shiba Inu that he adopts into his home. However, his life takes a turn for the worse when a follow-up physical examination reveals that Ichirou has stomach cancer and only three months to live; though he tries to be strong, his family's disinterest causes an emotional breakdown. Running off into a nearby field, Ichirou embraces his dog and weeps—until he notices a strange figure standing before him.

Suddenly, a bright light appears and Ichirou is enveloped by smoke and dust. When he comes to, he discovers something is amiss—he has been reborn as a mechanized weapon wearing the skin of his former self. Though initially shocked, the compassionate Ichirou immediately uses his newfound powers to save a life, an act of kindness that fills him with happiness and newfound hope.

However, the origins of these strange powers remain unclear. Who was the mysterious figure at the site of the explosion, and are they as kind as Ichirou when it comes to using this dangerous gift?",336,689975,['MAPPA'],2017
Gamers!,6.73,"['Comedy', 'Romance', 'Love Polygon', 'Otaku Culture', 'School', 'Video Game']",12,"Keita Amano is a typical high school gamer living out an average student's life. One day, however, he has an unexpected meeting with the cutest girl in school that makes him want to disappear without a trace! 

This girl, Karen Tendou, is an exemplary student who is proclaimed to be the school's idol. She discovers that Amano is a gamer, and this newfound knowledge incites a passionate desire within her to recruit him into the game club. Upon visiting the club, Amano is forcefully made aware of a side to gaming wildly different than the one he loves so dearly. 

Tendou's interest in Amano begins shaking up what was once an uneventful life, filling it with spontaneity, awkwardness, and a little bit of mayhem. As a result, every day becomes a comical battle for Amano's sanity as he tries to adapt to these wild, unexpected changes.",337,689333,['PINE JAM'],2017
Watashi ga Motenai no wa Dou Kangaetemo Omaera ga Warui!,6.99,"['Comedy', 'Otaku Culture', 'School']",12,"After living 50 simulated high school lives and dating over 100 virtual boys, Tomoko Kuroki believes that she is ready to conquer her first year of high school. Little does she know that she is much less prepared than she would like to think. In reality, Tomoko is an introverted and awkward young girl, and she herself is the only one who doesn't realize it! With the help of her best friend, Yuu Naruse, and the support and love of her brother Tomoki, Tomoko attempts to brave the new world of high school life.

Watashi ga Motenai no wa Dou Kangaetemo Omaera ga Warui! chronicles the life of a socially awkward and relatively friendless high school otaku as she attempts to overcome her personal barriers in order to live a fulfilling life.",338,688759,['SILVER LINK.'],2013
Hataraku Saibou,7.55,"['Comedy', 'Anthropomorphic', 'Educational', 'Medical', 'Shounen']",13,"Inside the human body, roughly 37.2 trillion cells work energetically 24 hours a day and 365 days a year. Fresh out of training, the cheerful and somewhat airheaded Sekkekkyuu AE3803 is ready to take on the ever-so-important task of transporting oxygen. As usual, Hakkekkyuu U-1146 is hard at work patrolling and eliminating foreign bacteria seeking to make the body their new lair. Elsewhere, little platelets are lining up for a new construction project. 

Dealing with wounds and allergies, getting lost on the way to the lungs, and bickering with similar cell types, the daily lives of cells are always hectic as they work together to keep the body healthy!",339,686732,['David Production'],2018
Suki tte Ii na yo.,7.39,"['Drama', 'Romance', 'School', 'Shoujo']",13,"Friends will only let you down—that is the sad truth Mei Tachibana lives with, ever since she was wrongfully blamed for the death of a class pet by her so-called friends in grade school. Since then, she has stayed away from people in order to avoid ever being hurt again. However, Mei's life begins to change drastically when a misunderstanding in high school causes her to encounter popular student Yamato Kurosawa.

Yamato finds her intriguing and insists on being her friend, even though Mei wants nothing to do with him. But when a dangerous situation ends with Yamato kissing Mei to save her from the unwanted attention of a stalker, Mei begins to develop feelings for him. On the heels of her discovery that their feelings are mutual, they start dating and she gains not only a boyfriend, but friends as well. Mei, however, finds it very hard to adapt to this new lifestyle, especially in expressing her true feelings towards Yamato.

Throughout misunderstandings of their new relationship, each other, and the attentions of other girls, Mei and Yamato slowly grow closer and learn the true meaning of those three little words: ""I love you.""",340,685970,['Zexcs'],2012
Psycho-Pass 2,7.41,"['Action', 'Mystery', 'Sci-Fi', 'Suspense', 'Adult Cast', 'Detective', 'Psychological']",11,"A year and a half after the events of the original sci-fi psychological thriller, Akane Tsunemori continues her work as an inspector—enforcing the Sibyl System's judgments. Joining her are new enforcers and junior inspector Mika Shimotsuki, a young woman blindly and inflexibly loyal to Sibyl. As Akane ponders both the nature of her job and the legitimacy of Sibyl's verdicts, a disturbing new menace emerges.

A mysterious figure has discovered a way to control the Crime Coefficient—a number compiled from mental scans that allows Sibyl to gauge psychological health and identify potential criminals. Through these means, he is able to murder an enforcer, leaving behind a cryptic clue: ""WC?"" scrawled in blood on a wall.

Akane and the rest of Division 01 soon find themselves playing a deadly game against their new foe, coming face-to-face with a conspiracy threatening not only the authority of the Sibyl System, but the very foundation of Akane's own convictions.",342,684786,['Tatsunoko Production'],2014
Lucky☆Star,7.75,"['Comedy', 'CGDCT', 'Gag Humor', 'Otaku Culture', 'School']",24,"Lucky☆Star follows the daily lives of four cute high school girls—Konata Izumi, the lazy otaku; the Hiiragi twins, Tsukasa and Kagami (sugar and spice, respectively); and the smart and well-mannered Miyuki Takara.

As they go about their lives at school and beyond, they develop their eccentric and lively friendship and making humorous observations about the world around them. Be it Japanese tradition, the intricacies of otaku culture, academics, or the correct way of preparing and eating various foods—no subject is safe from their musings.",343,684340,['Kyoto Animation'],2007
Ore dake Level Up na Ken Season 2: Arise from the Shadow,8.63,"['Action', 'Adventure', 'Fantasy', 'Adult Cast', 'Urban Fantasy']",13,"Sung Jin-Woo, dubbed the weakest hunter of all mankind, grows stronger by the day with the supernatural powers he has gained. However, keeping his skills hidden becomes more difficult as dungeon-related incidents pile up around him.

When Jin-Woo and a few other low-ranked hunters are the only survivors of a dungeon that turns out to be a bigger challenge than initially expected, he draws attention once again, and hunter guilds take an increased interest in him. Meanwhile, a strange hunter who has been lost for ten years returns with a dire warning about an upcoming catastrophic event. As the calamity looms closer, Jin-Woo must continue leveling up to make sure nothing stops him from reaching his ultimate goal—saving the life of his mother.",344,681968,['A-1 Pictures'],2025
Shinchou Yuusha: Kono Yuusha ga Ore Tueee Kuse ni Shinchou Sugiru,7.47,"['Action', 'Adventure', 'Comedy', 'Fantasy', 'Isekai', 'Parody']",12,"There is a popular saying: ""you can never be too careful."" It is very important to prepare for every situation you may face, even if it seems like an unnecessary waste of time. Also, in games like RPGs, it is good to exceed the level of your enemies to achieve total victory.

These words describe Seiya Ryuuguuin a little too perfectly. After being summoned by the goddess Ristarte to save the world of Gaeabrande from destruction, the hero prepares himself for his noble journey. While this might be normal, he spends a very long time training himself, despite having overpowered stats. He fights weak enemies using his strongest skills and buys excessive amounts of supplies and potions—all to stay safe.

While his attitude may be a bit annoying, it might just be the saving grace of Gaeabrande, especially considering that it is a world where the forces of evil dominate each and every expectation.",345,677809,['White Fox'],2019
Gintama°,9.05,"['Action', 'Comedy', 'Sci-Fi', 'Gag Humor', 'Historical', 'Parody', 'Samurai', 'Shounen']",51,"Gintoki, Shinpachi, and Kagura return as the fun-loving but broke members of the Yorozuya team! Living in an alternate-reality Edo, where swords are prohibited and alien overlords have conquered Japan, they try to thrive on doing whatever work they can get their hands on. However, Shinpachi and Kagura still haven't been paid... Does Gin-chan really spend all that cash playing pachinko?

Meanwhile, when Gintoki drunkenly staggers home one night, an alien spaceship crashes nearby. A fatally injured crew member emerges from the ship and gives Gintoki a strange, clock-shaped device, warning him that it is incredibly powerful and must be safeguarded. Mistaking it for his alarm clock, Gintoki proceeds to smash the device the next morning and suddenly discovers that the world outside his apartment has come to a standstill. With Kagura and Shinpachi at his side, he sets off to get the device fixed; though, as usual, nothing is ever that simple for the Yorozuya team.

Filled with tongue-in-cheek humor and moments of heartfelt emotion, Gintama's fourth season finds Gintoki and his friends facing both their most hilarious misadventures and most dangerous crises yet.",346,677536,['Bandai Namco Pictures'],2015
Date A Live II,7.18,"['Action', 'Fantasy', 'Romance', 'Sci-Fi', 'Harem', 'School', 'Urban Fantasy']",10,"Spirits are otherworldly entities with immense power, capable of creating spatial quakes whenever they appear. One way of dealing with them is through brute force and killing them... or making them fall in love and sealing their powers. 

Having sealed three Spirits, Shidou Itsuka continues his mission with Ratatoskr in locating more spirits and dating them, to ensure the world's safety from further destruction. However, this time around, their problems will not be limited to Spirits as a more imposing threat seems to have noticed their activities.
",347,675466,['Production IMS'],2014
To LOVE-Ru,6.96,"['Comedy', 'Romance', 'Sci-Fi', 'Ecchi', 'Harem', 'School', 'Shounen']",26,"Timid 16-year-old Rito Yuuki has yet to profess his love to Haruna Sairenji—a classmate and object of his infatuation since junior high. Sadly, his situation becomes even more challenging when one night, a mysterious, stark-naked girl crash-lands right on top of a bathing Rito.

To add to the confusion, Rito discovers that the girl, Lala Satalin Deviluke, is the crown princess of an alien empire and has run away from her home. Despite her position as the heiress to the most dominant power in the entire galaxy, Lala is surprisingly more than willing to marry the decidedly average Rito in order to avoid an unwanted political marriage.

To LOVE-Ru depicts Rito's daily struggles with the bizarre chaos that begins upon the arrival of Lala. With an evergrowing legion of swooning beauties that continuously foil his attempted confessions to Haruna, To LOVE-Ru  is a romantic comedy full of slapstick humor, sexy girls, and outlandishly lewd moments that defy the laws of physics.",348,672428,['Xebec'],2008
Sword Art Online: Alicization - War of Underworld 2nd Season,7.51,"['Action', 'Adventure', 'Fantasy', 'Video Game']",11,"The final battle against the Dark Territory drags on, as players from all over the world flood the Underworld's servers and plunge the Human Empire into utter chaos. Asuna Yuuki and her friends defend their new allies with everything they have, but their numbers are falling. Meanwhile, Alice Zuberg heads toward the World's End Altar while Gabriel ""Vecta"" Miller relentlessly pursues her.

Meanwhile, members of Rath strategize a plan in an attempt to restore Kirito's damaged fluctlight. However, the intruders occupying the main control room have other plans. Surrounded by death and despair, when all hope seems to be lost, one voice reaches out to Kirito—a familiar one saying, ""I will always be by your side.""

Sword Art Online: Alicization - War of Underworld 2nd Season is the epic conclusion to Akihiko Kayaba's dream of creating artificial human intelligence. Now it is up to Kirito and his friends to protect this collapsing world from the people that still think it is just a game.",349,670228,['A-1 Pictures'],2020
Jibaku Shounen Hanako-kun,7.82,"['Supernatural', 'School', 'Shounen']",12,"The famous Seven Mysteries that every school seems to have are a staple of Japanese urban legends. One of the most well-known of these tales is that of Hanako-san: the ghost of a young girl who haunts the school's bathrooms.

Kamome Academy has its own version of Hanako-san's legend. Rumors claim that if one successfully manages to summon Hanako-san, she will grant her summoner any wish. Lured by the gossip, many people have tried to call upon her, yet every attempt has failed. However, when Nene Yashiro, a girl hoping for romantic fortune, dares to summon Hanako-san, she discovers that the rumored ""girl"" is actually a boy!

After a series of unfortunate events involving Yashiro's romantic desires, she is unwillingly entangled in the world of the supernatural, becoming Hanako-kun's assistant. Soon, she finds out about Hanako-kun's lesser-known duty: maintaining the fragile balance between mortals and apparitions.",350,669017,['Lerche'],2020
Hajime no Ippo,8.78,"['Sports', 'Combat Sports', 'Shounen']",75,"In his father's absence, teenager Ippo Makunouchi works hard to help his mother run her fishing boat rental business. Ippo's timid nature, his lack of sleep, and the sea smell make him an easy target for relentless bullies who leave him bruised and beaten on a daily basis. Mamoru Takamura, an up-and-coming boxer, rescues Ippo from a violent after-school incident and takes him back to the Kamogawa Boxing Gym for recovery. Takamura and his fellow boxers, Masaru Aoki and Tatsuya Kimura, are stunned by Ippo's powerful punches—a result of strong muscles developed through years serving his physically taxing family business. 

Following brief training under Takamura, Ippo impresses the other boxers in a practice match against prodigy Ichirou Miyata. He gains a rival in Miyata and a coach in Genji Kamogawa, the gym owner and a former boxer himself. As Ippo takes the first steps in his official boxing career, he faces off against a series of challenging opponents, each more powerful than the last. Victory, loss, and a cycle of dedicated training await Ippo on his journey to achieve greatness. With his tough body and unstoppable fighting spirit, the kind young man seeks to take on the world.
",351,668418,['Madhouse'],2000
Pokemon,7.41,"['Action', 'Adventure', 'Comedy', 'Fantasy', 'Kids']",276,"Pokémon are peculiar creatures with a vast array of different abilities and appearances; many people, known as Pokémon trainers, capture and train them, often with the intent of battling others. Young Satoshi has not only dreamed of becoming a Pokémon trainer but also a ""Pokémon Master,"" and on the arrival of his 10th birthday, he finally has a chance to make that dream a reality. Unfortunately for him, all three Pokémon available to beginning trainers have already been claimed and only Pikachu, a rebellious Electric-type Pokémon, remains. However, this chance encounter would mark the start of a lifelong friendship and an epic adventure!

Setting off on a journey to become the very best, Satoshi and Pikachu travel across beautiful, sprawling regions with their friends Kasumi, a Water-type trainer, and Takeshi, a Rock-type trainer. But danger lurks around every corner. The infamous Team Rocket is always nearby, seeking to steal powerful Pokémon through nefarious schemes. It'll be up to Satoshi and his friends to thwart their efforts as he also strives to earn the eight Pokémon Gym Badges he'll need to challenge the Pokémon League, and eventually claim the title of Pokémon Master. ",352,667923,['OLM'],1997
IS: Infinite Stratos,6.6,"['Action', 'Comedy', 'Romance', 'Sci-Fi', 'Ecchi', 'Harem', 'School']",12,"An exoskeleton weapon engineered by Japan, Infinite Stratos (IS) can be piloted only by women. Its power and combat prowess are so immense that an international treaty has been signed banning its use as a military asset. 

When it is discovered that 15-year-old Ichika Orimura is the only male capable of steering an IS, he is forcibly enrolled in the Infinite Stratos Academy: an all-female boarding school, the students of which graduate to become IS pilots. At this training school, Ichika is reunited with two of his childhood friends, Houki Shinonono and Lingyin Huang, and befriends Cecilia Alcott, an IS representative from the United Kingdom.

Guided by the legendary pilot Chifuyu Orimura—their strict homeroom teacher and Ichika's older sister—Ichika and the girls will need to use everything at their disposal to defend themselves and their academy against the dangers that will arise during the course of their thrilling school life.",353,667431,['8bit'],2011
Kaijuu 8-gou,8.25,"['Action', 'Fantasy', 'Sci-Fi', 'Adult Cast', 'Military', 'Urban Fantasy', 'Shounen']",12,"After the destruction of their hometown, childhood friends Kafka Hibino and Mina Ashiro make a pact to become officers in the Defense Force—a militarized organization tasked with protecting Japan from colossal monsters known as ""kaijuu."" Decades later, the 32-year-old Kafka has all but given up on his dreams of heroism. Instead, he cleans up the remains of the slaughtered kaijuu after they are defeated by valiant soldiers—including Mina, who has successfully achieved their shared goal.

Upon meeting his new coworker, Reno Ichikawa, Kafka faces a mirror of his past self: an ambitious young man whose one desire is to fight as a member of the Defense Force. Unfortunately, the two are soon involved in a freak encounter with a rogue kaijuu. Though Kafka demonstrates his innate heroic nature and rescues Reno from certain doom, he is left gravely injured.

While both men recover in a hospital, Kafka is seemingly attacked by another one of the beasts. As a result, he gains the ability to transform into a humanoid kaijuu with the strength and powers of the massive monsters menacing Japan. Dubbed ""Kaijuu No. 8"" by the military, Kafka resolves to use his newfound gifts for the greater good. Tied together by mutual respect, Kafka and Reno set out to join warriors like Mina at the forefront of the Defense Force.",354,666827,['Production I.G'],2024
Dragon Ball GT,6.51,"['Action', 'Adventure', 'Comedy', 'Fantasy', 'Martial Arts', 'Shounen']",64,"Emperor Pilaf finally has his hands on the Black Star Dragon Balls after years of searching, which are said to be twice as powerful as Earth's normal ones. Pilaf is about to make his wish for world domination when he is interrupted by Gokuu Son. As a result, Pilaf flubs his wish and accidentally turns Gokuu back into a child.

After the wish is granted, the Black Star Dragon Balls scatter across the galaxy. However, Gokuu discovers that they will cause the Earth to explode unless they are all brought back within a year. Uniting with his granddaughter Pan and a young adult Trunks, Gokuu sets off on an adventure through the universe to find the Black Star Dragon Balls and save his planet from destruction.",355,666527,['Toei Animation'],1996
Rokka no Yuusha,7.25,"['Action', 'Fantasy', 'Mystery']",12,"An ancient legend states that with the revival of the Demon God, six heroes—the Braves of the Six Flowers—will be chosen by the Goddess of Fate, granting them power to rise up against the fiends attempting to turn the world into a living hell. Adlet Mayer, self-proclaimed ""Strongest Man in the World,"" has arrived at the continent of Piena in hopes of becoming a Brave. Although it doesn't go as smoothly as he had planned, Adlet is ultimately chosen as one of the six heroes shortly after being greeted by Nashetania Loei Piena Augustra, crown princess and fellow Brave.

Rokka no Yuusha follows the two as they embark upon their destined journey to fight the Demon God, intending to meet up with their fellow heroes at a small temple outside of the Land of the Howling Demons, the fiends' domain. However, when they finally unite, seven heroes are present, and soon the others begin to suspect Adlet to be a fraud. Now on the run, Adlet must utilize his unique skill set and wit in a fight for his life to identify which member of the group is the true impostor before it's too late!",356,665149,['Passione'],2015
Strike the Blood,7.01,"['Action', 'Fantasy', 'Ecchi', 'Harem', 'School', 'Urban Fantasy', 'Vampire']",24,"Kojou Akatsuki's days as an ordinary high school student in the Demon District of Itogami Island come to an abrupt end after a fateful encounter leaves him with the remarkable abilities of a vampire.

It isn't long before he is thrust into the center of attention when it is discovered that he is the fourth primogenitor, an immensely powerful vampire whom most consider to be merely a legend. Fearing Kojou's destructive potential, the Lion King Organization sends in an apprentice sword-shaman, Yukina Himeragi, to monitor, and should he become a threat, kill the boy deemed the world's most powerful vampire. Forced together by circumstance, the two form an unlikely alliance as Kojou comes to terms with his abilities and they both struggle to protect the city from various emerging chaotic forces.",357,664188,"['SILVER LINK.', 'Connect']",2013
Bleach: Sennen Kessen-hen,8.99,"['Action', 'Adventure', 'Supernatural', 'Shounen']",13,"Substitute Soul Reaper Ichigo Kurosaki spends his days fighting against Hollows, dangerous evil spirits that threaten Karakura Town. Ichigo carries out his quest with his closest allies: Orihime Inoue, his childhood friend with a talent for healing; Yasutora Sado, his high school classmate with superhuman strength; and Uryuu Ishida, Ichigo's Quincy rival.

Ichigo's vigilante routine is disrupted by the sudden appearance of Asguiaro Ebern, a dangerous Arrancar who heralds the return of Yhwach, an ancient Quincy king. Yhwach seeks to reignite the historic blood feud between Soul Reaper and Quincy, and he sets his sights on erasing both the human world and the Soul Society for good.

Yhwach launches a two-pronged invasion into both the Soul Society and Hueco Mundo, the home of Hollows and Arrancar. In retaliation, Ichigo and his friends must fight alongside old allies and enemies alike to end Yhwach's campaign of carnage before the world itself comes to an end.",358,664139,['Studio Pierrot'],2022
Dungeon ni Deai wo Motomeru no wa Machigatteiru Darou ka III,7.46,"['Action', 'Adventure', 'Fantasy']",12,"Upon his run-in with a Vouivre—a monster known to be very dangerous—Hestia Familia's captain Bell Cranel is struck with incomprehension. Despite its preceding reputation, the supposed bloodthirsty creature happens to be crying and flees from a group of adventurers. The monster, taking the form of a terrified little girl, prompts Bell to swiftly decide to hide her. Unbeknownst to him, this act of kindness will cause massive repercussions that will soon echo throughout the entire city of Orario.",359,663112,['J.C.Staff'],2020
Sword Art Online Alternative: Gun Gale Online,7.01,"['Action', 'Military', 'Video Game']",12,"Clad in desert pink and the size of a mere child, the infamous ""Pink Devil"" mercilessly hunts down other players in the firearm-centered world of the virtual reality game Gun Gale Online. But in real life, this feared player killer is not quite who anyone would expect.

A shy university student in Tokyo, Karen Kohiruimaki stands in stark contrast to her in-game avatar—in fact, she happens to stand above everyone else too, much to her dismay. Towering above all the people around her, Karen's insecurities over her height reach the point where she turns to the virtual world for an escape. Starting game after game in hopes of manifesting as a cute, short character, she finally obtains her ideal self in the world of Gun Gale Online. Overjoyed by her new persona, she pours her time into the game as LLENN, garnering her reputation as the legendary player killer.

However, when one of LLENN's targets gets the best of her, she ends up meeting Pitohui, a skilled yet eccentric woman. Quickly becoming friends with Karen, Pitohui insists that LLENN participates in Squad Jam, a battle royale that pits teams against one another, fighting until only one remains. Thrust into the heated competition, LLENN must fight with all her wit and will if she hopes to shoot her way to the top.",360,663050,['Studio 3Hz'],2018
Baka to Test to Shoukanjuu,7.5,"['Comedy', 'Romance', 'Love Polygon', 'School']",13,"Fumizuki Academy is not a typical Japanese high school. This unique institution has implemented a new and innovative system to sort its students. At the end of their freshman year, students take a test that divides up the student body. The highest scorers are placed into A class, all the way down until F class, for the lowest of the low.

Unfortunately for Akihisa Yoshii, his supposedly ""great"" intellect was not quite enough for such a test, and he is now stuck at the bottom of F class. Naturally, F class has the worst facilities: not only rotten tatami mats and broken tables, but also outdated equipment and worn out furniture. On the bright side, his friend Yuuji Sakamoto is in the same class, and to everyone's surprise, the genius girl Mizuki Himeji has also ended up in the same class due to an unforeseen fever on the day of the test.

Unsatisfied with their perquisites, F class rallies behind Yuuji, determined to take on the higher-tiered classes in order to seize their perks by using the school's Examinations Summon Battle system. The participants can summon fantasy characters—whose power levels are equal to their student's test scores—in an all-out battle. Will F class be able to rise to the top, or will they live up to everyone's expectations and fail?
",361,659284,['SILVER LINK.'],2010
Hige wo Soru. Soshite Joshikousei wo Hirou.,7.26,"['Drama', 'Romance']",13,"When regular salaryman Yoshida wakes up one Sunday morning after a long night at the bar, the last thing he expects to see is that his tiny apartment has a new resident—an unfamiliar high school girl.

The previous night, despite finally gathering the courage to confess to his boss and longtime crush, Airi Gotou, Yoshida was rejected. After drowning his sorrows at a bar with his good friend Hashimoto, Yoshida headed back to his home in a drunken stupor, only to run into Sayu Ogiwara, a runaway high schooler. She asked him to let her stay the night, and with his judgment clouded by alcohol, Yoshida complied.

Now, with his head on straight but with no memory of last night's events, Yoshida has Sayu explain just how she ended up sleeping at his apartment. Having listened to her story, Yoshida finds himself unable to kick her out—especially after learning that she came all the way from Hokkaido! So, despite his reservations about sheltering an underage girl, Yoshida allows her to stay, and their life together begins.",362,659132,['Project No.9'],2021
Shokugeki no Souma: Shin no Sara,7.73,"['Gourmet', 'Ecchi', 'School', 'Shounen']",12,"At Tootsuki Culinary Academy, a heated eight-on-eight Shokugeki known as the Régiment de Cuisine rages on between Central and the rebel forces led by Souma Yukihira and Erina Nakiri. Though they won a stunning perfect victory in the first bout, the rebels face an uphill battle ahead, as they must now face off against the rest of the Elite Ten Council. With the future of Tootsuki at stake, Souma and Erina must push far beyond the limits of their abilities, using everything they learned from their mentors and ultimately drawing from their experiences cooking together as friends.",363,659053,['J.C.Staff'],2019
Kami nomi zo Shiru Sekai,7.64,"['Comedy', 'Romance', 'Supernatural', 'Harem', 'Otaku Culture', 'Shounen']",12,"Keima Katsuragi, known online as the legendary ""God of Conquest,"" can conquer any girl's heart—in dating sim games, at least. In reality, he opts for the two-dimensional world of gaming over real life because he is an unhealthily obsessed otaku of galge games (a type of Japanese video game centered on interactions with attractive girls).

When he arrogantly accepts an anonymous offer to prove his supremacy at dating sim games, Keima is misled into aiding a naive and impish demon from hell named Elucia ""Elsie"" de Lute Ima with her mission: retrieving runaway evil spirits who have escaped from hell and scattered themselves throughout the human world. Keima discovers that the only way to capture these spirits is to conquer what he hates the most: the unpredictable hearts of three-dimensional girls! Shackled to Elsie via a deadly collar, Keima now has his title of ""God of Conquest"" put to the ultimate test as he is forced to navigate through the hearts of a multitude of real-life girls.",364,654700,['Manglobe'],2010
Sankarea,7.27,"['Comedy', 'Horror', 'Romance', 'Supernatural', 'Ecchi', 'Love Polygon', 'Shounen']",12,"Ever since he was a child, zombie-obsessed Chihiro Furuya has wanted an undead girlfriend. Soon enough, his love for all things zombie comes in handy when his cat Baabu gets run over, prompting Chihiro to try to make a resurrection potion and bring him back to life. During his endeavor, he sees a rich girl named Rea Sanka yelling into an old well every day about her oppressive life. After meeting and bonding with her, Chihiro is convinced by Rea to persevere in saving Baabu. Eventually, he succeeds with the help of the poisonous hydrangea flowers from Rea's family garden.

Unaware of the potion's success and seeking to escape the burdens of her life, Rea drinks the resurrection potion, mistakenly thinking she will die. Though it doesn't kill her, the effects still linger and her death from a fatal accident causes her to be reborn as a zombie. With help from Chihiro, Rea strives to adjust to her new—albeit undead—life. 

For a boy wanting a zombie girlfriend, this situation would seem like a dream come true. But in Sankarea, Chihiro's life becomes stranger than usual as he deals with Rea's odd new cravings and the unforeseen consequences of her transformation.",366,648811,['Studio Deen'],2012
Kore wa Zombie desu ka?,7.32,"['Action', 'Comedy', 'Supernatural', 'Ecchi', 'Harem', 'Vampire']",12,"Ayumu Aikawa is a 16-year-old high school student who is tragically murdered while investigating a suspicious house. However, he soon awakens next to a strange armored girl called Eucliwood Hellscythe. She reveals herself to be a necromancer who has revived Ayumu, consequently turning him into a zombie! 

Now immortal, Ayumu sets out to hunt down his killer. One day, while searching in a cemetery, he encounters a boisterous young girl named Haruna, who is fighting a bear with a chainsaw while dressed as a magical girl. After she kills the beast, Haruna attempts to erase Ayumu's memories of her, but he instead absorbs her magic for himself. Stripped of her powers, Haruna now orders Ayumu to take up her role of hunting strange creatures known as ""Megalo,"" monsters that roam the human world and terrorize the population.

Kore wa Zombie Desu ka? follows the daily antics of the human-turned-zombie Ayumu as he begins his new, ludicrous life where the supernatural becomes the norm.",367,648726,['Studio Deen'],2011
Bakuman.,8.17,"['Comedy', 'Drama', 'Romance', 'Otaku Culture', 'Shounen']",25,"As a child, Moritaka Mashiro dreamt of becoming a mangaka, just like his childhood hero and uncle, Tarou Kawaguchi, creator of a popular gag manga. But when tragedy strikes, he gives up on his dream and spends his middle school days studying, aiming to become a salaryman instead.

One day, his classmate Akito Takagi, the school's top student and aspiring writer, notices the detailed drawings in Moritaka's notebook. Seeing the vast potential of his artistic talent, Akito approaches Moritaka, proposing that they become mangaka together. After much convincing, Moritaka realizes that if he is able to create a popular manga series, he may be able to get the girl he has a crush on, Miho Azuki, to take part in the anime adaptation as a voice actor. Thus the pair begins creating manga under the pen name Muto Ashirogi, hoping to become the greatest mangaka in Japan, the likes of which no one has ever seen.",368,648740,['J.C.Staff'],2010
Grisaia no Kajitsu,7.45,"['Drama', 'Romance', 'Suspense', 'Harem', 'Psychological', 'School']",13,"Yuuji Kazami is a transfer student who has just been admitted into Mihama Academy. He wants to live an ordinary high school life, but this dream of his may not come true any time soon as Mihama Academy is quite the opposite. Consisting of only the principal and five other students, all of whom are girls, Yuuji becomes acquainted with each of them, discovering more about their personalities as socialization is inevitable. Slowly, he begins to learn about the truth behind the small group of students occupying the academy—they each have their own share of traumatic experiences which are tucked away from the world.

Mihama Academy acts as a home for these girls, they are the ""fruit"" which fell from their trees and have begun to decay. It is up to Yuuji to become the catalyst to save them from themselves, but how can he save another when he cannot even save himself?",369,648124,['8bit'],2014
Zom 100: Zombie ni Naru made ni Shitai 100 no Koto,7.72,"['Comedy', 'Suspense', 'Adult Cast', 'Survival', 'Seinen']",12,"After graduating from a top university with an impressive extracurricular record in the rugby club, Akira Tendou has nailed every step of the way to securing his dream job. On top of that, a beautiful and kind co-worker always brightens his day in the office! Life seems to be going very well for Akira until he slowly realizes that sleepless nights and brutal work are his new reality.

Due to three years of mind-numbing labor in an exploitative company, Akira is unable to recognize the tired, unaccomplished person he has become. On track to losing all passion in life like several of his overworked colleagues, Akira finds his saving grace in the most unexpected way possible—the breakout of a zombie apocalypse.

With the free time he finally has, Akira decides to complete a bucket list of a hundred things he wants to do before he eventually gets turned into a zombie. Although he is surrounded by the dead, Akira has never felt more alive!",370,647781,['BUG FILMS'],2023
Summertime Render,8.47,"['Mystery', 'Supernatural', 'Suspense', 'Time Travel', 'Shounen']",25,"Since the death of his parents, Shinpei Ajiro had lived with the Kofune family and their two daughters—Mio and Ushio. Although he then left his home island to continue his education in Tokyo, Shinpei returns after Ushio tragically drowns during the attempted rescue of a little girl. During the funeral, his best friend informs him about bruises found around Ushio's neck, casting doubt over the cause of her death.

Suspecting a murder has taken place, Shinpei reevaluates recent events, but strange incidents only continue to transpire. Disappearing people and other unexplainable occurrences lead Mio to recall an old folktale referring to entities called ""Shadows,"" which may not be entirely fantasy. Supposedly, an encounter with one's Shadow foretells the person's impending demise.

Facing the dark side of Hitogashima Island, Shinpei stands against his grim fate to fulfill Ushio's final will—to protect Mio.",371,645260,['OLM'],2022
Kenja no Mago,6.61,"['Action', 'Comedy', 'Fantasy', 'Romance', 'Isekai', 'Reincarnation']",12,"In the kingdom of Earlshide, Merlin Wolford was once regarded as a national hero, hailed for both his power and achievements. Preferring a quiet life however, he secludes himself deep in the rural woods, dedicating his time to raising an orphan that he saved. This orphan is Shin, a normal salaryman in modern-day Japan who was reincarnated into Merlin's world while still retaining his past memories. As the years pass, Shin displays unparalleled talent in both magic casting and martial arts, much to Merlin's constant amazement.

On his 15th birthday, however, it becomes apparent that Shin only developed his combat skills and nothing else, leaving him with blatant social awkwardness, a lack of common sense, and a middling sense of responsibility. As a result, Shin enrolls in the kingdom's Magic Academy to hone his skills and mature among other teenagers. However, living a normal life is impossible, as he is established as a local celebrity almost as soon as he arrives.

As Shin Wolford adjusts to his high school life in the capital, he makes new friends, learns about the world, and fights off the various forces of evil surrounding him and his city.",372,644309,['SILVER LINK.'],2019
Log Horizon 2nd Season,7.55,"['Action', 'Adventure', 'Fantasy', 'Adult Cast', 'Video Game']",25,"After being trapped in the world of Elder Tale for six months, Shiroe and the other Adventurers have begun to get the hang of things in their new environment. The Adventurers are starting to gain the trust of the People of the Land, and Akiba has flourished thanks to the law and order established by Shiroe's Round Table Alliance, regaining its everyday liveliness. Despite this success, however, the Alliance faces a new crisis: they are running out of funds to govern Akiba, and spies from the Minami district have infiltrated the city.

As formidable forces rise in other districts, there is also a need to discover more about the vast new world they are trapped in—leading Shiroe to decide that the time has come to venture outside the city. Accompanied by his friend Naotsugu and the Sage of Mirror Lake Regan, the calculative Shiroe makes his move, hoping to unravel new possibilities and eventually find a way home.",374,639835,['Studio Deen'],2014
Toaru Kagaku no Railgun,7.65,"['Action', 'Fantasy', 'Sci-Fi', 'Super Power', 'Urban Fantasy']",24,"The student-filled Academy City is at the forefront of scientific advancement and home to the esper development program. The seven ""Level 5"" espers are the most powerful in Academy City, and ranked third among them is middle schooler Mikoto Misaka, an electricity manipulator known as ""The Railgun.""

When strange incidents begin occurring throughout the city, she finds each crime to be connected to the elusive ""Level Upper,"" a legendary device that allegedly increases the esper level of its user. As the situation escalates, it becomes apparent that there is more to the Level Upper than meets the eye, and that Academy City may be a far more twisted place than the glamorous utopia it appears to be.

Toaru Kagaku no Railgun focuses on Mikoto and her friends—and the dangerous situations they find themselves in—as they get caught up in the matter of the Level Upper. As Mikoto says, ""There's never a dull moment in this city.""",375,638845,['J.C.Staff'],2009
Shiki,7.71,"['Horror', 'Mystery', 'Supernatural', 'Suspense', 'Gore', 'Psychological', 'Vampire', 'Shounen']",22,"Life is idyllic and unassuming in the small town of Sotoba, a simple place where everyone knows everyone. However, tragedy strikes when Megumi Shimizu, a young girl with high aspirations, unexpectedly passes away from an unnamed illness. Over the torrid summer months, as more unexplained deaths crop up around the village, the town's doctor—Toshio Ozaki—begins to suspect that something more sinister than a mere disease is at play. 

Toshio teams up with Natsuno Yuuki, an apathetic and aloof teenager, and siblings Kaori and Akira Tanaka, two of Megumi's friends, to unravel the dark mystery behind the deaths in Sotoba. With their combined efforts, the investigation leads them toward an eerie secret pertaining to the new family in the Kanemasa mansion.
",378,634974,['Daume'],2010
Lovely★Complex,8.03,"['Comedy', 'Romance', 'School', 'Shoujo']",24,"Love is unusual for Risa Koizumi and Atsushi Ootani, who are both striving to find their ideal partner in high school—172 cm tall Koizumi is much taller than the average girl, and Ootani is much shorter than the average guy at 156 cm. To add to their plights, their crushes fall in love with each other, leaving Koizumi and Ootani comically flustered and heartbroken. To make matters worse, they're even labeled as a comedy duo by their homeroom teacher due to their personalities and the stark difference in their heights, and their classmates even think of their arguments as sketches.

Lovely★Complex follows Koizumi and Ootani as they encourage each other in finding love and become close friends. Apart from their ridiculous antics, they soon find out an unexpected similarity in their music and fashion tastes. Maybe they possess a chemistry yet unknown, but could love ever bloom between the mismatched pair?",379,634722,['Toei Animation'],2007
Hunter x Hunter,8.43,"['Action', 'Adventure', 'Fantasy', 'Shounen']",62,"Hunters are specialized in a wide variety of fields, ranging from treasure hunting to cooking. They have access to otherwise unavailable funds and information that allow them to pursue their dreams and interests. However, being a hunter is a special privilege, only attained by taking a deadly exam with an extremely low success rate.

Gon Freecss, a 12-year-old boy with the hope of finding his missing father, sets out on a quest to take the Hunter Exam. Along the way, he picks up three companions who also aim to take the dangerous test: the revenge-seeking Kurapika, aspiring doctor Leorio Paladiknight, and a mischievous child the same age as Gon, Killua Zoldyck.

As the four aspiring hunters embark on a perilous adventure, they fight for their dreams while defying the odds.",380,633545,['Nippon Animation'],1999
Nagi no Asu kara,7.94,"['Drama', 'Fantasy', 'Romance', 'Love Polygon', 'Urban Fantasy']",26,"Long ago, all humans lived beneath the sea. However, some people preferred the surface and abandoned living underwater permanently. As a consequence, they were stripped of their god-given protection called ""Ena"" which allowed them to breathe underwater. Over time, the rift between the denizens of the sea and of the surface widened, although contact between the two peoples still existed.

Nagi no Asu kara follows the story of Hikari Sakishima and Manaka Mukaido, along with their childhood friends Chisaki Hiradaira and Kaname Isaki, who are forced to leave the sea and attend a school on the surface. There, the group also meets Tsumugu Kihara, a fellow student and fisherman who loves the sea.

Hikari and his friends' lives are bound to change as they have to deal with the deep-seated hatred and discrimination between the people of sea and of the surface, the storms in their personal lives, as well as an impending tempest which may spell doom for all who dwell on the surface.",382,629262,['P.A. Works'],2013
Kaifuku Jutsushi no Yarinaoshi,6.32,"['Action', 'Adventure', 'Drama', 'Fantasy', 'Erotica', 'Gore', 'Harem', 'Time Travel']",12,"When Keyaru acquired his powers as a Hero who specialized in healing all injuries regardless of severity, it seemed that he would walk the path to a great future. But what awaited him instead was great agony; he was subjected to years of seemingly endless hellish torture and abuse. Keyaru's healing skills allowed him to secretly collect the memories and abilities of those he treated, gradually making him stronger than anyone else. But by the time he reached his full potential, it was far too late—he had already lost everything.

Determined to put his life back on track, Keyaru decided to unleash a powerful healing spell that rewound the entire world back to the time before he began to suffer his horrible fate. Equipped with the anguish of his past, he vows to redo everything in order to fulfill a new purpose—to exact revenge upon those who have wronged him.",383,629147,['TNK'],2021
Vampire Knight,6.84,"['Drama', 'Mystery', 'Romance', 'Supernatural', 'Love Polygon', 'School', 'Vampire', 'Shoujo']",13,"The cheerful Yuuki Cross and the gruff Zero Kiryuu are members of the disciplinary committee at Cross Academy, which houses two very distinct classes: the Day Class and the Night Class. Their job consists of upholding order between the classes when they switch out. While that may not seem like an especially difficult task, the Day Class is unaware of the truth behind the Night Class—their utterly gorgeous students are vampires.

Ten years ago, Yuuki was saved from a vampire attack by Kaname Kuran, a Pureblood vampire. Now, Kaname is the leader of the Night Class, and Yuuki's disciplinary committee position allows her to see him again, making her feelings for him grow complicated. Meanwhile, Zero bears a white-hot hatred of all vampires and believes they can never live in harmony with humans. But a secret from Zero's past soon threatens the fragile peace of all at the academy, and things may never be the same again.
",384,628028,['Studio Deen'],2008
Karakai Jouzu no Takagi-san,7.67,"['Comedy', 'Romance', 'Love Status Quo', 'School', 'Shounen']",12,"Having a friend that knows you inside out should be a good thing, but in Nishikata's case, the opposite is true.

His classmate Takagi loves to tease him on a daily basis, and she uses her extensive knowledge of his behavior to predict exactly how he will react to her teasing, making it nearly impossible for Nishikata to ever make a successful comeback. Despite this, Nishikata vows to someday give Takagi a taste of her own medicine by making her blush out of embarrassment from his teasing.
",385,627496,['Shin-Ei Animation'],2018
Spy x Family Season 2,8.06,"['Action', 'Comedy', 'Childcare', 'Super Power', 'Shounen']",12,"With her ability to read minds, Anya Forger is the only one who knows the true identities of her unconventional family. Her pretend father Loid operates as an elite spy code-named Twilight; her mother Yor kills on demand as the assassin Thorn Princess; and their dog, Bond, possesses the gift of precognition. Although they hide the truth from each other, this pretense of a perfectly ordinary family provides Anya with the genuine love and warmth that she longed for as an orphan.

Operation Strix—Loid's special mission to avoid potential war by gathering vital information and getting close to the powerful political figure, Donovan Desmond—is only possible if Anya plays her part right. She can either excel academically and become an Imperial Scholar at her prestigious school or make friends with Donovan's son, Damian. Neither is exactly easy, but with her adventurous attitude, Anya throws herself wholeheartedly into her mission as a Forger—all for the sake of international peace.",386,626364,"['Wit Studio', 'CloverWorks']",2023
Beelzebub,7.84,"['Action', 'Comedy', 'Supernatural', 'Childcare', 'Delinquents', 'Mythology', 'School', 'Shounen']",60,"Ishiyama High is a school populated entirely by delinquents, where nonstop violence and lawlessness are the norm. However, there is one universally acknowledged rule—don't cross first year student Tatsumi Oga, Ishiyama's most vicious fighter.

One day, Oga is by a riverbed when he encounters a man floating down the river. After being retrieved by Oga, the man splits down the middle to reveal a baby, which crawls onto Oga's back and immediately forms an attachment to him. Though he doesn't know it yet, this baby is named Kaiser de Emperana Beelzebub IV, or ""Baby Beel"" for short—the son of the Demon Lord!

As if finding the future Lord of the Underworld isn't enough, Oga is also confronted by Hildegard, Beel's demon maid. Together they attempt to raise Baby Beel—although surrounded by juvenile delinquents and demonic powers, the two of them may be in for more of a challenge than they can imagine.",387,623510,['Pierrot Plus'],2011
Given,8.29,"['Boys Love', 'Drama', 'Music', 'School']",11,"Tightly clutching his Gibson guitar, Mafuyu Satou steps out of his dark apartment to begin another day of his high school life. While taking a nap in a quiet spot on the gymnasium staircase, he has a chance encounter with fellow student Ritsuka Uenoyama, who berates him for letting his guitar's strings rust and break. Noticing Uenoyama's knowledge of the instrument, Satou pleads for him to fix it and to teach him how to play. Uenoyama eventually agrees and invites him to sit in on a jam session with his two band mates: bassist Haruki Nakayama and drummer Akihiko Kaji.

Satou's voice is strikingly beautiful, filling Uenoyama with the determination to make Satou the lead singer of the band. Though reticent at first, Satou takes the offer after an emotional meeting with an old friend. With the support of his new friends, Satou must not only learn how to play guitar, but also come to terms with the mysterious circumstances that led him to be its owner.",388,620810,['Lerche'],2019
Zetsuen no Tempest,7.89,"['Action', 'Drama', 'Fantasy', 'Mystery', 'Psychological', 'Urban Fantasy', 'Shounen']",24,"Yoshino Takigawa, an ordinary teenager, is secretly dating his best friend Mahiro Fuwa's younger sister, Aika. But when Aika mysteriously dies, Mahiro disappears, vowing to find the one responsible and make them pay for murdering his beloved sister. Yoshino continues his life as usual and has not heard from Mahiro in a month—until he is confronted by a strange girl who holds him at gunpoint, and his best friend arrives in the nick of time to save him.

Yoshino learns that Mahiro has enlisted the help of a witch named Hakaze Kusaribe to find Aika's killer. However, the witch has been banished to a deserted island due to infighting within her clan. Hakaze's brother, Samon, selfishly desires to make use of the Tree of Exodus' power, in spite of both his sister's opposition and the impending peril to the world. With Hakaze out of the picture, it is now up to Yoshino and Mahiro to help her save the world, all while inching ever closer to the truth behind Aika's death.",389,620519,['Bones'],2012
Ajin,7.38,"['Action', 'Horror', 'Mystery', 'Supernatural', 'Gore', 'Seinen']",13,"Mysterious immortal humans known as ""Ajin"" first appeared 17 years ago in Africa. Upon their discovery, they were labeled as a threat to mankind, as they might use their powers for evil and were incapable of being destroyed. Since then, whenever an Ajin is found within society, they are to be arrested and taken into custody immediately.

Studying hard to become a doctor, Kei Nagai is a high schooler who knows very little about Ajin, only having seen them appear in the news every now and then. Students are taught that these creatures are not considered to be human, but Kei doesn't pay much attention in class. As a result, his perilously little grasp on this subject proves to be completely irrelevant when he survives an accident that was supposed to claim his life, signaling his rebirth as an Ajin and the start of his days of torment. However, as he finds himself alone on the run from the entire world, Kei soon realizes that more of his species may be a lot closer than he thinks.",390,616077,['Polygon Pictures'],2016
Gangsta.,7.42,"['Action', 'Drama', 'Adult Cast', 'Organized Crime', 'Seinen']",12,"Nicholas Brown and Worick Arcangelo, known in the city of Ergastalum as the ""Handymen,"" are mercenaries for hire who take on jobs no one else can handle. Contracted by powerful mob syndicates and police alike, the Handymen have to be ready and willing for anything. After completing the order of killing a local pimp, the Handymen add Alex Benedetto—a prostitute also designated for elimination—to their ranks to protect her from forces that want her gone from the decrepit hellhole of a city she has come to call home. However, this criminal’s paradise is undergoing a profound period of change that threatens to corrode the delicate balance of power.

Ergastalum was once a safe haven for ""Twilights,"" super-human beings born as the result of a special drug but are now being hunted down by a fierce underground organization. This new threat is rising up to challenge everything the city stands for, and the Handymen will not be able to avoid this coming war.",391,614830,['Manglobe'],2015
SK∞,8.0,"['Sports', 'Racing']",12,"High school student Reki Kyan is passionate about one thing: skateboarding. When night falls, he heads to ""S,"" an illegal underground race inside a mine where skaters compete in highly dangerous situations. After a loss that results in his skateboard being destroyed and his arm being broken, Reki is now incapable of practicing at all.

While working, Reki runs into his new classmate, Langa Hasegawa, a half-Canadian and half-Japanese boy with no skateboarding experience whatsoever. Langa is in desperate need of money. After they both visit ""S"" when tasked by Reki's boss, they get into trouble and are forced into a bet that requires Langa to skate in a race. However, the mysterious transfer student holds a trump card that Reki is unaware of, one which might help him win the race in the most unexpected way.",392,614708,['Bones'],2021
Isekai wa Smartphone to Tomo ni.,6.11,"['Adventure', 'Comedy', 'Fantasy', 'Romance', 'Harem', 'Isekai']",12,"In a thoughtless blunder, God accidentally strikes down Touya Mochizuki with a stray bolt of lightning! As an apology, God offers him one wish and the chance to live again in a magical fantasy world. Touya happily accepts the offer and, for his one wish, asks only to keep his smartphone with him as he begins his journey into this mysterious world.

Starting over in this new world, Touya finds it is filled with magic—which he has an affinity for—and cute girls vying for his attention. These girls—the twins Linze and Elze Silhoueska, Yumina Urnea Belfast, Leen, and Yae Kokonoe—provide Touya with no end of romantic frustrations, but also companionship as he discovers the secrets of this new world.",394,614128,['Production Reed'],2017
"Sekai Saikou no Ansatsusha, Isekai Kizoku ni Tensei suru",7.32,"['Action', 'Drama', 'Fantasy', 'Mystery', 'Romance', 'Isekai', 'Reincarnation']",12,"The world's greatest assassin had sworn lifelong allegiance to the organization that raised him. However, despite his loyalty, that very same organization takes action to silence him, ultimately leading to his demise. Drowning in frustration and regrets he can no longer suppress, he finds himself in an audience with a goddess attracted by his exceptional skills. The goddess offers him reincarnation into a magnificent world of swords and magic so he can perform a crucial mission: prevent that world's destruction by slaying its hero.

Accepting the goddess' request, he is reborn as Lugh Tuatha Dé, the son of a noble family of assassins serving the Alvan Kingdom. Under the guidance of his father, Lugh learns new assassination techniques that significantly differ from the cold-blooded and unsympathetic killing style of his previous life. Furthermore, his other talents bloom, allowing him to meet new allies and acquaintances. Even so, Lugh knows that his efforts are far from adequate, because a monumental adversary such as the hero can only be defeated with perfection.",395,612982,"['SILVER LINK.', 'Studio Palette']",2021
Dorohedoro,8.04,"['Action', 'Comedy', 'Fantasy', 'Horror', 'Gore', 'Seinen']",12,"Hole—a dark, decrepit, and disorderly district where the strong prey on the weak and death is an ordinary occurrence—is all but befitting of the name given to it. A realm separated from law and ethics, it is a testing ground to the magic users who dominate it. As a race occupying the highest rungs of their society, the magic users think of the denizens of Hole as no more than insects. Murdered, mutilated, and made experiments without a second thought, the powerless Hole dwellers litter the halls of Hole's hospital on a daily basis.

Possessing free access to and from the cesspool, and with little challenge to their authority, the magic users appear indomitable to most—aside for a few. Caiman, more reptile than man, is one such individual. He hunts them on a heedless quest for answers with only a trusted pair of bayonets and his immunity to magic. Cursed by his appearance and tormented by nightmares, magic users are his only clue to restoring his life to normal. With his biggest obstacle being his stomach, his female companion Nikaidou, who runs the restaurant Hungry Bug, is his greatest ally.",396,611597,['MAPPA'],2020
Overlord IV,8.07,"['Action', 'Adventure', 'Fantasy', 'Isekai']",13,"E-Rantel, the capital city of the newly established Sorcerer Kingdom, suffers from a dire shortage of goods. Once a prosperous city known for its trade, it now faces a crisis due to its caution—or even fear—of its king, Ainz Ooal Gown. To make amends, Ainz sends Albedo to the city as a diplomatic envoy.

Meanwhile, the cardinals of the Slane Theocracy discuss how to retaliate against Ainz after his attack crippled the Re-Estize Kingdom's army, plotting for the Baharuth Empire to take over the Sorcerer Kingdom. However, when Emperor Jircniv Rune Farlord El Nix arranges a meeting with the Theocracy's messengers at a colosseum, he is confronted by none other than Ainz himself.

With their secret gathering now out in the open, the emperor and his guests learn that Ainz has challenged the Warrior King, the empire's greatest fighter, to a duel. With Ainz's motivations beyond his comprehension, Jircniv can do nothing but watch as humanity's future changes before his very eyes.
",397,611214,['Madhouse'],2022
Mondaiji-tachi ga Isekai kara Kuru Sou desu yo?,7.41,"['Action', 'Comedy', 'Fantasy', 'Isekai', 'Mythology']",10,"Izayoi Sakamaki, Asuka Kudou, and You Kasukabe are extraordinary teenagers who are blessed with psychic powers but completely fed up with their disproportionately mundane lives—until, unexpectedly, each of them receives a strange envelope containing an invitation to a mysterious place known as Little Garden. 

Inexplicably dropped into a vast new world, the trio is greeted by Kurousagi, who explains that they have been given a once-in-a-lifetime chance to participate in special high-stakes games using their abilities. In order to take part, however, they must first join a community. Learning that Kurousagi's community ""No Names"" has lost its official status and bountiful land due to their defeat at the hands of a demon lord, the group sets off to help reclaim their new home's dignity, eager to protect its residents and explore the excitement that Little Garden has to offer.",398,610448,['Diomedéa'],2013
Vanitas no Karte,7.9,"['Action', 'Fantasy', 'Mystery', 'Historical', 'Urban Fantasy', 'Vampire', 'Shounen']",12,"Scorned by others of his kind for being born under a blue moon, the vampire Vanitas grew afraid and desolate. According to legend, he created a cursed grimoire known as the ""Book of Vanitas,"" and it is said he would one day use it to bring retribution upon all vampires of the crimson moon.

In 19th century Paris, Noé Archiviste is searching for the fabled Book of Vanitas. Whilst traveling aboard an airship, he is saved from a vampire attack by an eccentric doctor who calls himself Vanitas and carries the very tome he seeks. Ironically, the self-proclaimed vampire specialist is a mere human who inherited both his name and the book from his master, the same Vanitas of legend. As the odd case of the Charlatan's Parade crops up, the doctor's ability to restore sanity to vampires by recovering their true name will prove most beneficial.",399,606154,['Bones'],2021
86 Part 2,8.72,"['Drama', 'Sci-Fi', 'Mecha', 'Military']",12,"The disappearance of the Spearhead Squadron beyond the horizon does little to hide the intensity of the Republic of San Magnolia's endless propaganda. Vladilena Milizé continues to operate as ""Handler One,"" the commander of yet another dehumanized 86th faction's squadron in the continuous war against the Legion.

On the Western Front, Shinei Nouzen and his squad are quarantined in a military base controlled by the Federal Republic of Giad, formerly known as the Giadian Empire. The newly-established government grants the saved Eighty-Six full citizenship and freedom. Housed by the president Ernst Zimmerman himself, the group meets his adoptive daughter and the last Empress, Augusta Frederica Adel-Adler.

However, within the calm of this tender society, Shinei and his team feel that their purpose is on the battlefield. Before long, they are once again in the midst of the Legion's onslaught as a part of the Federacy's Nordlicht Squadron, accompanied by Augusta Frederica. But, as history repeats itself, they realize that no matter the side, death and pain on the front lines are the only comfort they know.",400,606018,['A-1 Pictures'],2021
Drifters,7.88,"['Action', 'Adventure', 'Comedy', 'Fantasy', 'Adult Cast', 'Gore', 'Historical', 'Isekai', 'Military', 'Samurai', 'Seinen']",12,"At the Battle of Sekigahara in 1600, Toyohisa Shimazu is the rearguard for his retreating troops, and is critically wounded when he suddenly finds himself in a modern, gleaming white hallway. Faced with only a stoic man named Murasaki and hundreds of doors on both sides, Toyohisa is pulled into the nearest door and into a world completely unlike his own.

The strange land is populated by all manner of fantastical creatures, as well as warriors from different eras of Toyohisa's world who were thought to be dead. Quickly befriending the infamous warlord Nobunaga Oda and the ancient archer Yoichi Suketaka Nasu, Toyohisa learns of the political unrest tearing through the continent. Furthermore, they have been summoned as ""Drifters"" to fight against the ""Ends,"" people who are responsible for the creation of the Orte Empire and are trying to annihilate the Drifters. As the Ends grow more powerful, so does the Empire's persecution of elves and other demihumans. It is up to Toyohisa and his group of unconventional heroes to battle in a brand-new world war to help the Empire's subjects, while challenging the Ends protecting the land to claim it for themselves.",401,605993,['Hoods Entertainment'],2016
Kawaii dake ja Nai Shikimori-san,6.94,"['Comedy', 'Romance', 'School']",12,"Yuu Izumi leads a high school life filled with one mishap after another. No matter how improbable the situation, unfortunate events strike him at every turn. In possession of such terrible luck, Izumi enters his second year with a single wish in mind—to spend more time with his affectionate girlfriend, Micchon Shikimori.

Cute, athletic, and caring, Shikimori is immensely popular at their school. But since they began dating a year ago, Izumi has witnessed a surprising side to his otherwise adorable girlfriend: when the need arises, she turns incredibly cool! His misfortunes are easily avoided when she is there to protect him with an awe-inspiring look on her face. Charming in every way, she never ceases to make his heart skip a beat. Unfortunate as he may be, Izumi is sure to see his days of bad luck end thanks to the cute yet cool Shikimori.
",403,603192,['Doga Kobo'],2022
Darwin's Game,7.21,"['Action', 'Mystery', 'Suspense', 'High Stakes Game', 'Super Power', 'Survival', 'Shounen']",11,"High school student Kaname Sudou receives an invitation from a classmate to play Darwin's Game, a mobile game he has never heard of. However, as soon as he opens the application, a green snake suddenly pops out from his phone screen and bites his neck, leaving him unconscious. Waking up in the infirmary without any signs of a snake bite, he is told by the school to take the rest of the day off. Although he is puzzled by what has happened, he dismisses the surreal experience as a hallucination and boards the train home.

Unfortunately, his curiosity gets the better of him and he uses the application once again. As the application appears to be just like any other battle game, Kaname breathes out a sigh of relief and decides to start his first match. However, the pleasant surprise is short-lived, as his in-game opponent unexpectedly appears right in front of him and attempts to hunt him down with a knife.

As he desperately runs for his life, Kaname puts two and two together and realizes that Darwin's Game is not an ordinary game, but rather, it's a brutal fight for survival.",404,602153,['Nexus'],2020
Gintama',9.02,"['Action', 'Comedy', 'Sci-Fi', 'Gag Humor', 'Historical', 'Parody', 'Samurai', 'Shounen']",51,"After a one-year hiatus, Shinpachi Shimura returns to Edo, only to stumble upon a shocking surprise: Gintoki and Kagura, his fellow Yorozuya members, have become completely different characters! Fleeing from the Yorozuya headquarters in confusion, Shinpachi finds that all the denizens of Edo have undergone impossibly extreme changes, in both appearance and personality. Most unbelievably, his sister Otae has married the Shinsengumi chief and shameless stalker Isao Kondou and is pregnant with their first child.

Bewildered, Shinpachi agrees to join the Shinsengumi at Otae and Kondou's request and finds even more startling transformations afoot both in and out of the ranks of the the organization. However, discovering that Vice Chief Toushirou Hijikata has remained unchanged, Shinpachi and his unlikely Shinsengumi ally set out to return the city of Edo to how they remember it.

With even more dirty jokes, tongue-in-cheek parodies, and shameless references, Gintama' follows the Yorozuya team through more of their misadventures in the vibrant, alien-filled world of Edo.",405,599546,['Sunrise'],2011
Kobayashi-san Chi no Maid Dragon S,8.21,"['Slice of Life', 'Supernatural']",12,"As Tooru continues on her quest to become the greatest maid and Kanna Kamui fully immerses in her life as an elementary school student, there is not a dull day in the Kobayashi household with mischief being a daily staple. On one such day, however, a massive landslide is spotted on the hill where Kobayashi and Tooru first met—a clear display of a dragon's might. When none of the dragons they know claim responsibility, the perpetrator herself descends from the skies: Ilulu, the radical Chaos Dragon with monstrous power rivaling that of Tooru.

Sickened by Tooru's involvement with humans, Ilulu resorts to the typical dragon method of resolving conflict—a battle to the death. Despite such behavior, she becomes intrigued by Kobayashi's ability to befriend dragons and decides instead to observe just what makes Kobayashi so special. With a new troublesome dragon in town, Kobayashi's eccentric life with a dragon maid is only getting merrier.",406,598761,['Kyoto Animation'],2021
Kiss x Sis (TV),6.56,"['Comedy', 'Romance', 'Ecchi', 'Harem', 'School', 'Seinen']",12,"After Keita Suminoe's mother passed away, his father promptly remarried, introducing two step-sisters into Keita's life: twins Ako and Riko. But since their fateful first encounter, a surge of incestuous love for their younger brother overcame the girls, beginning a lifelong feud for his heart.

Now at the end of his middle school career, Keita studies fervently to be able to attend Ako and Riko's high school. While doing so however, he must resolve his conflicting feelings for his siblings and either reject or succumb to his sisters' intimate advances. Fortunately—or perhaps unfortunately for Keita—his sisters aren't the only women lusting after him, and there's no telling when the allure of temptation will get the better of the boy as well.",407,596458,['feel.'],2010
Tengoku Daimakyou,8.21,"['Adventure', 'Mystery', 'Sci-Fi', 'Seinen']",13,"Fifteen years ago, disaster struck human civilization, and now dangerous man-eating monsters roam the ravaged lands, posing an existential threat to the remaining survivors. Amid this turmoil, an isolated facility shelters children and nurtures them in peace. However, as a few among them find out about the world beyond the narrow periphery of their nursery's walls, their curiosity about it slowly grows.

Meanwhile, in the outside world, young survivors Maru and Kiruko band together to search for a special place called Heaven, each for their own reasons. Carrying past burdens and tragic secrets, the two hope to find answers to the cruelty they have experienced in their lives and in the world, which still remains in tatters.",408,596106,['Production I.G'],2023
Kuroshitsuji II,7.12,"['Action', 'Comedy', 'Supernatural', 'Historical', 'Mythology', 'Shounen']",12,"The stage of Kuroshitsuji II opens on the life of Alois Trancy, the young heir to the Trancy earldom. Though he is privileged now, such was not always the case for the hot-tempered boy. Kidnapped and forced into slavery at a young age, he was eventually rescued and returned home, only to have his beloved father pass away soon after.

However, there are certain individuals who doubt Alois' story and legitimacy. And rightfully so, because things in the Trancy household are not as they appear, starting with Alois' black-clad butler with supernatural abilities, Claude Faustus. Who exactly is the mysterious Claude, and what connection does he have with Alois?

Amid the web of lies and deceit running rampant in the mansion, the bond between Alois and Claude will be tested as hell itself arrives at their doorstep.",409,595091,['A-1 Pictures'],2010
"Gate: Jieitai Kanochi nite, Kaku Tatakaeri Part 2",7.71,"['Action', 'Adventure', 'Fantasy', 'Isekai', 'Military']",12,"Several months have passed since the infamous Ginza Incident, with tensions between the Empire and JSDF escalating in the vast and mysterious ""Special Region"" over peace negotiations. The greed and curiosity of the global powers have also begun to grow, as reports about the technological limitations of the magical realm's archaic civilizations come to light. 

Meanwhile, Lieutenant Youji Itami and his merry band of female admirers struggle to navigate the complex political intrigue that plagues the Empire's court. Despite her best efforts, Princess Piña Co Lada faces difficulties attempting to convince her father that the JSDF has no intention of conquering their kingdom. Pressured from both sides of the Gate, Itami must consider even more drastic measures to fulfill his mission.
",410,591770,['A-1 Pictures'],2016
Vivy: Fluorite Eye's Song,8.38,"['Action', 'Sci-Fi', 'Suspense', 'Music', 'Time Travel']",13,"When highly evolved AIs set out to eradicate mankind, the carnage that ensues fills the air with the stench of fresh blood and burning bodies. In a desperate bid to prevent the calamity from ever occurring, a scientist bets everything on a remnant from the past.

Turning the clock back a hundred years, AIs are already an integral part of human society, programmed with specific missions meant to be carried out for their entire course of operation. Vivy, the first ever autonomous AI, is a songstress tasked with spreading happiness through her voice. In a theme park where she hardly ever gets a proper audience, she strives to pour her heart out into her performances, bound to repeat it day after day—that is, until an advanced AI from the future appears before her and enlists her help in stopping a devastating war a hundred years in the making. With no time to process the revelation that flips her world upside down, Vivy is catapulted into a century-long journey to avert the violent history yet to come.",411,591324,['Wit Studio'],2021
Gosick,8.04,"['Drama', 'Mystery', 'Romance', 'Historical']",24,"Kazuya Kujou is a foreign student at Saint Marguerite Academy, a luxurious boarding school in the Southern European country of Sauville. Originally from Japan, his jet-black hair and dark brown eyes cause his peers to shun him and give him the nickname ""Black Reaper,"" based on a popular urban legend about the traveler who brings death in the spring.

On a day like any other, Kujou visits the school's extravagant library in search of ghost stories. However, his focus soon changes as he becomes curious about a golden strand of hair on the stairs. The steps lead him to a large garden and a beautiful doll-like girl known as Victorique de Blois, whose complex and imaginative foresight allows her to predict their futures, now intertwined.

With more mysteries quickly developing—including the appearance of a ghost ship and an alchemist with the power of transmutation—Victorique and Kujou, bound by fate and their unique skills, have no choice but to rely on each other.",413,590957,['Bones'],2011
Higashi no Eden,7.73,"['Award Winning', 'Mystery', 'Romance', 'Sci-Fi', 'Suspense', 'Adult Cast', 'Psychological']",11,"On November 22, 2010, Japan was hit by missile strikes, a terrorist act that fortunately did not harm anyone, becoming known as ""Careless Monday."" Quickly forgotten, society goes on about their lives as normal.

During her graduation trip to America three months later, friendly college student Saki Morimi's life is forever changed when she finds herself saved from unexpected trouble by Akira Takizawa. Takizawa is cheerful, but odd in many ways—he is stark naked and suffers from amnesia, believing himself to be a terrorist. In addition, he possesses a strange cell phone loaded with 8.2 billion yen in digital cash.

Despite Takizawa's suspicious traits, Saki quickly befriends the enigmatic young man. However, unbeknownst to her, this is the beginning of a thrilling death game involving money, cell phones, and the salvation of the world. Higashi no Eden chronicles Saki's struggle to unravel the mysteries behind her savior, while Takizawa himself battles other individuals armed with similar cell phones and returning memories which reveal his possible connection to the event from months ago.",414,588632,['Production I.G'],2009
Itai no wa Iya nanode Bougyoryoku ni Kyokufuri Shitai to Omoimasu.,7.5,"['Action', 'Adventure', 'Comedy', 'Fantasy', 'Video Game']",12,"After an enthusiastic invitation from her friend, Kaede Honjou reluctantly agrees to try New World Online: a very popular VRMMO played by thousands of people across Japan. Naming her in-game character Maple, she sets out on her journey. As a complete novice to such games, she allocates all of her stat points into vitality, desiring to not get hurt. With not a single point in any other stat, Maple has extraordinarily high defense, but she can't move quickly or hit hard.

This does not end badly for her, however. Due to her high defense, Maple acquires overpowered skills such as Total Defense, Poison Immunity, and Devour. These skills, along with the incredibly powerful items she obtains, allow her to obliterate most enemies in a single hit. After only a few days of playing the game, Maple claims third place in a server-wide event, gaining a reputation as a player who is both unkillable and absurdly powerful.

Despite her overpowered character, Kaede has much to learn. As she progresses through the game, she meets new friends and acquaintances, helping her complete new levels and events. Through all of her adventures, she may even pick up some other crazy skills that exceed all expectations.",415,586822,['SILVER LINK.'],2020
Katanagatari,8.29,"['Action', 'Adventure', 'Romance', 'Historical', 'Martial Arts']",12,"In an Edo-era Japan lush with a variety of sword-fighting styles, Shichika Yasuri practices the most unique one: Kyotouryuu, a technique in which the user's own body is wielded as a blade. The enigmatic seventh head of the Kyotouryuu school, Shichika lives quietly in exile with his sister Nanami until one day—the wildly ambitious strategist Togame barges into their lives.

Togame brazenly requests that Shichika help in her mission to collect twelve unique swords, known as the ""Deviant Blades,"" for the shogunate. Shichika accepts, interested in the girl herself rather than petty politics, and thus sets out on a journey. Standing in their way are the fierce wielders of these legendary weapons as well as other power-hungry entities who seek to thwart Togame's objective. In order to prevail against their enemies, the duo must become an unbreakable team as they forge ahead on a path of uncertainty and peril.",416,586020,['White Fox'],2010
Hajimete no Gal,6.27,"['Comedy', 'Romance', 'Ecchi', 'Harem', 'School', 'Shounen']",10,"Following a prank pulled by his perverse friends, Junichi Hashiba asks a gal out in an attempt to change the fact that he's a hopeless virgin. Yukana Yame, the girl in question, is disgusted by Junichi's groveling. However, through a series of teasing remarks, she soon finds herself bonding with him and ultimately accepting Junichi's confession, much to his surprise.

Hajimete no Gal follows Junichi as he overcomes his lack of self-confidence and suppresses his sexual urges, all while thrust into a whole new school life full of lively girls and unpredictable mayhem.",417,585274,['NAZ'],2017
Netoge no Yome wa Onnanoko ja Nai to Omotta?,6.67,"['Comedy', 'Romance', 'Ecchi', 'School', 'Video Game']",12,"After mustering up the courage to propose to a girl in an online game, naive otaku Hideki ""Rusian"" Nishimura is devastated when she flat-out rejects him. To make matters worse, the girl reveals that she is actually an older man in real life. With his dreams crushed and his heart broken, Rusian comes to an abrupt decision in the midst of his raging fit: he will never trust another girl in an online game again.

Years later, Rusian is now in a guild with three other players, one of whom possesses a female avatar by the name of Ako. Ako is deeply in love with Rusian and wants to marry him. Although he entertains the possibility that she might be a guy, Rusian accepts her proposal, claiming that her gender does not matter as long as she is cute in-game. However, after a discussion between the guild members that led to all of them having an offline meeting, Rusian finds out that Ako, along with the other members, is not just a girl but also his schoolmate.",418,584248,['Project No.9'],2016
Tsuki ga Kirei,8.02,"['Romance', 'School']",12,"With a new school year comes a new crowd of classmates, and for their final year of junior high, aspiring writer Kotarou Azumi and track team member Akane Mizuno end up in the same class. Though initially complete strangers, a few chance encounters stir an innocent desire within their hearts. A yearning gaze, a fluttering heart—the hallmarks of young love slip into their lives as fate brings their paths to a cross.

However, though love is patient and love is kind, Kotarou and Akane discover it is not always straightforward. Despite the comfort they find in each other's company, heartache and anxiety come hand in hand with pursuing the feelings in their hearts. With the uncertainty of how the other truly feels as well as the competing affections of those around them, the road ahead is unclear. Even so, under the shining light of a beautiful full moon, Kotarou gathers his courage to ask Akane a single question, one that forever changes their quiet relationship.",419,583459,['feel.'],2017
Ore no Kanojo to Osananajimi ga Shuraba Sugiru,6.89,"['Comedy', 'Romance', 'Harem', 'School']",13,"The infidelity of Eita Kidou's parents not only made his family fall apart, but also made him skeptic of love. Having no intention to delve into romance, Eita devotes his entire high school life to his studies in order to become a doctor.

It did not take long for the beautiful and popular Masuzu Natsukawa to notice Eita's apathy. Tired of being the object of people's affection, she asks him to pretend to be her boyfriend, as she too feels disgusted at the notion of love. Eita, however, refuses—yet Masuzu has one trick left up her sleeve: Eita’s journal and threatening to post the embarrassing content online if he does not comply.

Now entangled in a fake romance with the most desired girl at school, Eita's life is turned upside down. Whether envied by his peers or receiving a confession, he must cope with his newfound relationship and all the troubles that come along with it.",420,582879,['A-1 Pictures'],2013
Absolute Duo,6.41,"['Action', 'Fantasy', 'Romance', 'Ecchi', 'Harem', 'School', 'Urban Fantasy']",12,"Individuals who can materialize weapons from their soul are called ""Blazers,"" and they attend Kouryou Academy High School in order to harness their abilities. Each student is required to partner with another, in the hopes that one day, the pair can attain the power of Absolute Duo.

Tooru Kokonoe hopes to attend this academy in order to gain power after his sister and friends were slain by a mysterious man. However, at the opening ceremony, he is forced to duel against the person sitting next to him, with the loser being expelled. As Tooru prepares to give the match his all, it is not a weapon that manifests from his soul, but a shield, an irregularity which catches the attention of a foreign student named Julie Sigtuna.",421,582174,['8bit'],2015
Katekyou Hitman Reborn!,8.12,"['Action', 'Comedy', 'Organized Crime', 'Super Power', 'Shounen']",203,"There is no putting it lightly—Tsunayoshi Sawada is just no good. He is clumsy, talentless, and desperately in love with the school idol Kyouko Sasagawa, a girl so completely out of his league. Dubbed ""Loser Tsuna"" by his classmates, he seems to be the very personification of failure in the guise of a middle-schooler.

Tsuna's boring life takes an extraordinary twist when he encounters the mysterious Reborn, who happens to be a hitman... and shockingly, a baby! Sent from the strongest Mafia family in Italy, Reborn is assigned the daunting mission of preparing the dull middle schooler to succeed the ninth boss of the notorious Vongola family, who is on the brink of retirement. The dull boy has a grueling road ahead, but with the help of his new criminal affiliates and his peculiar home tutor, perhaps even Loser Tsuna can achieve greatness.",423,580049,['Artland'],2006
Natsume Yuujinchou,8.3,"['Slice of Life', 'Supernatural', 'Iyashikei', 'Mythology', 'Shoujo']",13,"Due to an unusual ability to see strange creatures called youkai, Takashi Natsume has never fit in. Passed around from one foster home to another, he was left isolated and lonely. Over time, he has accepted that no one would ever believe him and has closed himself off to his current caretakers and classmates.

When Natsume accidentally breaks an intangible barrier, he frees Madara—a mighty spirit in the form of a lucky cat. Madara notices that Natsume bears a remarkable resemblance to his late grandmother Reiko Natsume, an outcast girl who became known across the youkai world for creating the Book of Friends. It is now in Natsume's possession, along with its power to call upon the written names of the youkai Reiko had defeated. 

With no interest in its powers, Natsume decides to keep the book for the sake of his grandmother's memories and to protect it from scheming youkai. Therefore, he makes a deal with Madara: he will hand him the book once his time is up, and in turn, Madara will act as Natsume's unofficial bodyguard, nicknamed Nyanko-sensei. With his newfound goal of freeing those Reiko had sealed, Natsume's relationship with both youkai and humans slowly begins to improve.
",426,577609,"[""Brain's Base""]",2008
Musaigen no Phantom World,6.85,"['Action', 'Comedy', 'Fantasy', 'Ecchi', 'School', 'Urban Fantasy']",13,"Phantoms: supernatural entities such as ghosts or youkai that, until recently, were thought to be superstition. However, when a virus that infects the brain spreads throughout society, people's perception of the world changes as the mythical beings are revealed to have been living alongside humanity the entire time. This virus has also affected those of the next generation significantly, allowing them to develop special abilities that they can use to fight against dangerous phantoms.

Haruhiko Ichijou and Mai Kawakami are two of those that were granted such power—Haruhiko wields the ability to summon and seal phantoms through drawings, while Mai imbues the power of the elements into martial arts. Together, along with the friendly phantom Ruru, they form Team E of Hosea Academy, which is dedicated to dealing with these often mischievous beings. In a world where the real and surreal intertwine, they handle the everyday troubles caused by phantoms.",427,576521,['Kyoto Animation'],2016
Shokugeki no Souma: Gou no Sara,7.31,"['Gourmet', 'Ecchi', 'School', 'Shounen']",13,"Thanks to Souma Yukihira, Erina Nakiri, and the rebel forces overthrowing the regime of Azami Nakiri—the previous school director—and the former Elite Ten, Tootsuki Culinary Academy is back in order. However, its students have one more great battle ahead of them: the BLUE, a competition where young chefs seeking world-class fame compete. Faced with new trials and rivals, Souma and his friends will fight to conquer the BLUE and to defeat Asahi Saiba, the leader of an underworld organization of chefs known as Noir, who once defeated Souma and his father in a Shokugeki.",428,574626,['J.C.Staff'],2020
Lycoris Recoil,8.15,['Action'],13,"The number of terrorist acts in Japan has never been lower, thanks to the efforts of a syndicate called Direct Attack (DA). The organization raises orphaned girls as killers to carry out assassinations under their ""Lycoris"" program. Takina Inoue is an exceptional Lycoris with a strong sense of purpose and a penchant for perfection. Unfortunately, a hostage situation tests her patience, and the resulting act of insubordination leads to her transfer out of DA. Not thrilled about losing the only place she belonged to, she reluctantly arrives at her new base of operations—LycoReco, a cafe in disguise.

Takina's new partner, however, turns out to be quite different from what she imagined. Despite being the famed Lycoris prodigy, Chisato Nishikigi appears almost unconcerned with her duties. She drags Takina along on all kinds of odd jobs under the simple explanation of helping people in need. Takina is even more puzzled when Chisato takes down a group of armed assailants without killing any of them. Feeling like a fish out of water, Takina itches to get reinstated into DA—but Chisato is determined to prove to her that there is more to a life than just taking them.
",429,571528,['A-1 Pictures'],2022
Dr. Stone: New World,8.15,"['Adventure', 'Comedy', 'Sci-Fi', 'Shounen']",11,"With the ambitious Ryuusui Nanami on board, Senkuu Ishigami and his team are almost ready to sail the seas and reach the other side of the world—where the bizarre green light that petrified humanity originated. Thanks to the revival of a skillful chef, enough food is being prepared for the entire crew, and the incredible reinvention of the GPS promises to ensure safety on the open sea.

Preparations for the upcoming journey progress swimmingly until Senkuu receives an eerie message from a mysterious source. More driven than ever, the scientist sets out to explore the new world and discover what it can offer for his scientific cause. Though the uncharted territories may hide unkind surprises, Senkuu, with a little help from science, is ready to take on any challenge.",430,569444,['TMS Entertainment'],2023
God Eater,7.18,"['Action', 'Fantasy', 'Sci-Fi', 'Military']",13,"The year is 2071. Humanity has been pushed to the brink of extinction following the emergence of man-eating monsters called ""Aragami"" that boast an immunity to conventional weaponry. They ravaged the land, consuming almost everything in their path and leaving nothing in their wake. To combat them, an organization named Fenrir was formed as a last-ditch effort to save humanity through the use of ""God Eaters""—special humans infused with Oracle cells, allowing them to wield the God Arc, the only known weapon capable of killing an Aragami. One such God Eater is Lenka Utsugi, a New-Type whose God Arc takes the form of both blade and gun.

Now, as one of Fenrir's greatest weapons, Lenka must master his God Arc if he is to fulfill his desire of wiping out the Aragami once and for all. The monsters continue to be born en masse while the remnants of humanity struggle to survive the night. Only God Eaters stand between the Aragami and complete and total annihilation of the human race.",431,568094,['ufotable'],2015
Fruits Basket 2nd Season,8.53,"['Drama', 'Romance', 'Supernatural', 'School', 'Shoujo']",25,"A year has passed since Tooru Honda began living in the Souma residence, and she has since created stronger relationships with its inhabitants Shigure, Kyou, and Yuki. She has also grown closer to the rest of the Souma family and has become familiar with their ancestral secret, having helped them with many of their personal issues. The closer Tooru gets, however, the more she begins to realize that their secret holds a darker truth than she first presumed.

Summer is approaching and Tooru is invited to spend her days with the Soumas, mainly Kyou and Yuki. Tooru wishes for an easy-going vacation, but her close relationships with the two boys and the rest of the Soumas may prove to cause trouble. As they grow more intimate, their carefree time together is hindered by older hardships and feelings from the past that begin to resurface. The Eternal Banquet also dawns on the members of the zodiac, and they must tend to their duties alongside the unnerving head of the family, Akito Souma.

With the banquet approaching and a plethora of feelings to be solved, will Tooru's life with the Soumas remain peaceful, or will she find herself in a situation from which she cannot escape?",433,567449,['TMS Entertainment'],2020
Black Lagoon: The Second Barrage,8.17,"['Action', 'Adult Cast', 'Organized Crime', 'Seinen']",12,"Rokurou ""Rock"" Okajima has joined the Lagoon Company, a pirate mercenary group which operates out of Roanapur, Thailand. Despite his initial protests, this filthy slum of depraved souls and merciless criminals now serves as the former salaryman's home. Stranded, with nothing left of his past life but the clothes on his back and his inner morality, Rock is forced to perform jobs alongside the other members of the Lagoon crew. Berated for his lack of spine as he wades through the underbelly of society, he must decide whether to continue on amidst the gunfire and ruthlessness or risk everything he has in an attempt to be free. Whether he chooses the comfort of a familiar land or the freedom of being an outlaw, his decision will have lasting consequences on the crew who gave him a home.",434,563735,['Madhouse'],2006
Fruits Basket,7.69,"['Drama', 'Romance', 'Supernatural', 'Love Polygon', 'School', 'Shoujo']",26,"After the accident in which she lost her mother, 16-year-old Tooru moves in with her grandfather, but due to his home being renovated, is unable to continue living with him. Claiming she will find someone to stay with but also fearing the criticism of her family and not wanting to burden any of her friends, Tooru resorts to secretly living on her own in a tent in the woods.

One night on her way back from work, she finds her tent buried underneath a landslide. Yuki Souma, the ""prince"" of her school, and his cousin Shigure Souma, a famous author, stumble across Tooru's situation and invite her to stay with them until her grandfather's home renovations are complete.

Upon arriving at the Souma house, Tooru discovers their secret: if a Souma is hugged by someone of the opposite gender, they temporarily transform into one of the animals of the zodiac! However, this strange phenomenon is no laughing matter; rather, it is a terrible curse that holds a dark history. As she continues her journey, meeting more members of the zodiac family, will Tooru's kindhearted yet resilient nature be enough to prepare her for what lies behind the Souma household's doors?",435,560920,['Studio Deen'],2001
Takt Op. Destiny,7.16,"['Action', 'Fantasy', 'Sci-Fi', 'Music', 'Urban Fantasy']",12,"The United States of America has been in chaos ever since the emergence of D2s, an invasive species originating from a black meteorite that fell to Earth. A public decree banned citizens from playing any melodies, to prevent further casualties caused by the D2s' hatred for music—even now, in 2047, this prohibition is still in effect. Humanity's only form of defense against the D2s are Musicarts, young women representing pieces of classical music; and Conductors, the ones controlling them.

Takt Asahina, an aloof piano prodigy, finds himself transformed into a Conductor following a spontaneous D2 attack. The same incident kills Anna Schneider's younger sister, Cosette, and brings Takt into contact with his Musicart, Destiny. Searching for a means of stabilizing the pact between themselves, Takt and Destiny—alongside Anna—embark on a perilous journey to the Symphonica Headquarters in New York City.

Takt is in a hurry to reach the city so that he can play the piano again, even though his passion attracts the creatures he has come to despise. Meanwhile, Destiny's sense of duty drags the group into trouble along the way. With a D2-infested path and many more arduous obstacles ahead of them, will the trio make it to New York City in one piece?",436,558138,"['Madhouse', 'MAPPA']",2021
Suzumiya Haruhi no Yuuutsu (2009),7.23,"['Comedy', 'Mystery', 'Sci-Fi', 'School']",14,"Kyon has found himself dragged through many adventures as of late—all because of the SOS Brigade club and its excitable leader, Haruhi Suzumiya. He has stopped believing in the supernatural long ago, but after being forced to join this club based solely on that, he has seen things that cannot be explained logically. 

Joining Kyon on his various misadventures is the shy and soft-spoken Mikuru Asahina, the bookish Yuki Nagato, and the ever-cheerful Itsuki Koizumi. Whether it is summer vacation or a school festival, things involving their club and Haruhi herself always end up becoming strange.",437,556455,['Kyoto Animation'],2009
Ichiban Ushiro no Daimaou,6.7,"['Action', 'Comedy', 'Fantasy', 'Romance', 'Ecchi', 'Harem', 'School']",12,"Dreaming of changing the world for good, Akuto Sai transfers to Constant Magic Academy where he befriends a virtuous ninja clan member, Junko Hattori. On the way to the academy, they vow to make the world a better place together; however, the situation suddenly takes a turn for the worse upon his arrival—it is prophesied that he will become the Demon King!

As word of his destiny spreads, the school begins to fear him, and Junko's trust in him falters. While Akuto is determined to not let his predicted future control his fate, it seems as though everything he says and does only serve to reinforce the fact that he is destined to be the Demon King. Moreover, he is surrounded by a harem of beautiful girls who each have their own plans for him, ranging from bringing him to justice to simply showering him with love. With his newly awakened powers, Akuto must cope with his constantly growing list of misfortunes and fight to prove that his fate is not set in stone.",438,554641,['Artland'],2010
Shakugan no Shana,7.44,"['Action', 'Drama', 'Fantasy', 'Romance', 'School', 'Urban Fantasy']",24,"The world has become a slaughtering ground for the Crimson Denizens, mysterious beings from a parallel universe who thrive on the life energy of humans. These merciless murderers only leave behind scant remainders of souls called ""Torches,"" which are mere residues that will eventually be destroyed, along with the very fact of the victims' existence from the minds of the living. In an ambitious endeavor to put an end to this invisible, hungry massacre, warriors called Flame Hazes relentlessly fight these monsters.

One fateful day, Yuuji Sakai ceases to be a regular high schooler—he becomes trapped in a crevice of time and is suddenly attacked by a Denizen. Coming to his rescue just in the nick of time is a nameless hunter who seems no different from an ordinary young girl except for her blazing eyes and burning crimson hair. However, before Yuuji can learn anything more about his situation, he discovers that he has already been reduced to a Torch—merely a scrap of memory waiting to be extinguished.",439,553228,['J.C.Staff'],2005
Boku wa Tomodachi ga Sukunai Next,7.26,"['Comedy', 'Romance', 'Ecchi', 'Harem', 'School']",12,"The Neighbor's Club—a club founded for the purpose of making friends, where misfortunate boys and girls with few friends live out their regrettable lives.

Although Yozora Mikazuki faced a certain incident at the end of summer, the daily life of the Neighbor's Club goes on as usual. A strange nun, members of the student council and other new faces make an appearance, causing Kodaka Hasegawa's life to grow even busier.

While they all enjoy going to the amusement park, playing games, celebrating birthdays, and challenging the ""school festival""—a symbol of the school life normal people live—the relations amongst the members slowly begins to change...

Let the next stage begin, on this unfortunate coming-of-age lo",440,553179,['AIC Build'],2013
Fairy Tail: Final Series,7.61,"['Action', 'Adventure', 'Fantasy', 'Shounen']",51,"Although Fairy Tail has disbanded and its members are now spread far across Fiore, Natsu Dragneel has not given up on reuniting the guild he and others once called home. Along with his companions Happy and Lucy Heartfilia, he will stop at nothing to keep Fairy Tail and its fiery spirit alive even as they face their most difficult trial yet—the invasion of Fiore by the Alvarez Empire's immense army and their all-too-familiar ruler.",442,548273,"['A-1 Pictures', 'Bridge', 'CloverWorks']",2018
Citrus,6.43,"['Drama', 'Girls Love', 'School']",12,"During the summer of her freshman year of high school, Yuzu Aihara's mother remarried, forcing her to transfer to a new school. To a fashionable socialite like Yuzu, this inconvenient event is just another opportunity to make new friends, fall in love, and finally experience a first kiss. Unfortunately, Yuzu's dreams and style do not conform with her new ultrastrict, all-girls school, filled with obedient shut-ins and overachieving grade-skippers. Her gaudy appearance manages to grab the attention of Mei Aihara, the beautiful and imposing student council president, who immediately proceeds to sensually caress Yuzu's body in an effort to confiscate her cellphone.

Thoroughly exhausted from her first day, Yuzu arrives home and discovers a shocking truth—Mei is actually her new step-sister! Though Yuzu initially tries to be friendly with her, Mei's cold shoulder routine forces Yuzu to begin teasing her. But before Yuzu can finish her sentence, Mei forces her to the ground and kisses her, with Yuzu desperately trying to break free. Once done, Mei storms out of the room, leaving Yuzu to ponder the true nature of her first kiss, and the secrets behind the tortured expression in the eyes of her new sister.",443,547554,['Passione'],2018
Death March kara Hajimaru Isekai Kyousoukyoku,6.43,"['Adventure', 'Fantasy', 'Harem', 'Isekai']",12,"Ichirou Suzuki, a programmer nearing his thirties, is drowning in work. Worn out, he eventually has a chance to catch up on sleep, only to wake up and discover himself in a fantasy RPG world, which is mashed together from the games he was debugging in reality. In this new place, he realizes that not only has his appearance changed to a younger version of himself, but his name has also changed to Satou, a nickname he used while running beta tests on games. 

However, before Satou can fully grasp his situation, an army of lizardmen launch an assault on him. Forced to cast a powerful spell in retaliation, Satou wipes them out completely and his level is boosted to 310, effectively maximizing his stats. Now, as a high-leveled adventurer armed with a plethora of skills and no way to return to reality, Satou sets out to explore this magical new world.
",444,546733,"['SILVER LINK.', 'Connect']",2018
High School DxD Hero,7.23,"['Action', 'Comedy', 'Romance', 'Supernatural', 'Ecchi', 'Harem', 'Mythology', 'School']",12,"After rescuing his master, Rias Gremory, from the Dimensional Gap, Red Dragon Emperor and aspiring Harem King Issei Hyoudou can finally return to his high school activities alongside fellow members of the Occult Research Club: Yuuto Kiba, Asia Argento, Xenovia Quarta, and Irina Shidou. The group soon embarks on a school trip to Kyoto. 

While peacefully visiting a temple thanks to Rias' spell, an attacking group of local youkai breaks the calm atmosphere. Once the altercation ends, the club learns that the mythical nine-tailed fox that protected the city was abducted and that someone has framed them for the act. Issei and his friends will now have to fight to protect the city and save their school trip from a planned disaster!

In the meantime, Rias, who had to stay in Tokyo with Akeno Himejima and Koneko Toujou, grows increasingly restless to have left the perverted Issei alone with the other girls of the Occult Research Club. Beyond this vague anxiety, what is the exact nature of the feelings Rias has been struggling with for the past few months?",445,546199,['Passione'],2018
Mairimashita! Iruma-kun,7.74,"['Comedy', 'Fantasy', 'School', 'Shounen']",23,"Fourteen-year-old Iruma Suzuki has been unfortunate all his life, having to work to earn money for his irresponsible parents despite being underage. One day, he finds out that his parents sold him to the demon Sullivan. However, Iruma's worries about what will become of him are soon relieved, for Sullivan merely wants a grandchild, pampering him and making him attend the demon school Babyls. 

At first, Iruma tries to keep a low profile in fear of his peers discovering that he is human. Unfortunately, this ends up being more difficult than he expected. It turns out that Sullivan himself is the chairman of the school, and everyone expects him to become the next Demon King!

Iruma immediately finds himself in an outrageous situation when he has to chant a forbidden spell in front of the entire school. With this, Iruma instantly earns a reputation he does not want. Even so, he is bound to be roped into more bizarre circumstances.",446,545744,['Bandai Namco Pictures'],2019
Hinamatsuri,8.11,"['Comedy', 'Childcare', 'Organized Crime', 'Super Power', 'Seinen']",12,"While reveling in the successful clinching of a prized vase for his collection, Yoshifumi Nitta, a yakuza member, is rudely interrupted when a large, peculiar capsule suddenly materializes and falls on his head. He opens the capsule to reveal a young, blue-haired girl, who doesn't divulge anything about herself but her name—Hina—and the fact that she possesses immense powers. As if things couldn't get any worse, she loses control and unleashes an explosion if her powers remain unused. Faced with no other choice, Nitta finds himself becoming her caregiver. 

To let her use her powers freely, Nitta asks Hina to help out with a construction deal, which goes smoothly. But while this is happening, a rival yakuza group covertly attacks his boss. To Nitta's shock, his colleagues later pin the blame on him! Tasked with attacking the rival group in retaliation, Nitta steels himself and arrives at their hideout. But suddenly, Hina unexpectedly steps in and helps him wipe out the entire group. As it turns out, Hina might just become a valuable asset to Nitta and his yakuza business, provided she does not use her powers on him first! And so the strange life of this unusual duo begins.",447,545178,['feel.'],2018
Sousei no Onmyouji,7.29,"['Action', 'Fantasy', 'Romance', 'Mythology', 'Urban Fantasy', 'Shounen']",50,"Magano, a parallel realm filled with monsters known as ""Kegare,"" is a place where exorcists deal with all impurities. Benio Adashino is a prodigy exorcist who is recognized for her strength and is summoned to Tokyo by the Exorcist Union. On her way, she plummets into the arms of Rokuro Enmadou, a young exorcist with a troubled past.

But the impurities of Magano do not rest. When these two exorcists witness a couple of children stolen by a Kegare, Benio rushes to save them, dragging Rokuro along with her into Magano. Engaged in a fight she is on the verge of being defeated in, Benio is saved by Rokuro, revealing himself capable of being her rival in talent.

Sousei no Onmyouji tells the story of two talented exorcists who are destined to become the ""Twin Star Exorcists"" and the prophesised parents of the Miko—the reincarnation of Abe no Seimei—who will cleanse the world of all impurities.",448,543853,['Studio Pierrot'],2016
Fruits Basket: The Final,8.94,"['Drama', 'Romance', 'Supernatural', 'Shoujo']",13,"Hundreds of years ago, the Chinese zodiac spirits and their god swore to stay together eternally. United by this promise, the possessed members of the Souma family shall always return to each other under any circumstances. Yet, when these bonds shackle them from freedom, it becomes an undesirable burden—a curse. As head of the clan, Akito is convinced that he shares a special connection with the other Soumas. While he desperately clings to this fantasy, the rest of the family remains isolated and suppressed by the fear of punishment.

Tooru Honda, who has grown attached to the Soumas, is determined to break the chains that bind them. Her companionship with the family and her friends encourages her to move forward with lifting the curse. However, due to confounding revelations, she struggles to find the tenacity to continue her endeavors. With time slowly withering away, Tooru contends with an uncertain future in hopes of reaching the tranquility that may lie beyond all this commotion.",449,543271,['TMS Entertainment'],2021
Sora yori mo Tooi Basho,8.5,"['Adventure', 'Comedy', 'Drama', 'CGDCT']",13,"Filled with an overwhelming sense of wonder for the world around her, Mari Tamaki has always dreamt of what lies beyond the reaches of the universe. However, despite harboring such large aspirations on the inside, her fear of the unknown and anxiety over her own possible limitations have always held her back from chasing them. But now, in her second year of high school, Mari is more determined than ever to not let any more of her youth go to waste. Still, her fear continues to prevent her from taking that ambitious step forward—that is, until she has a chance encounter with a girl who has grand dreams of her own.

Spurred by her mother's disappearance, Shirase Kobuchizawa has been working hard to fund her trip to Antarctica. Despite facing doubt and ridicule from virtually everyone, Shirase is determined to embark on this expedition to search for her mother in a place further than the universe itself. Inspired by Shirase's resolve, Mari jumps at the chance to join her. Soon, their efforts attract the attention of the bubbly Hinata Miyake, who is eager to stand out, and Yuzuki Shiraishi, a polite girl from a high class background. Together, the four spirited girls set sail toward the frozen south, all in search of something great.",450,542739,['Madhouse'],2018
Mieruko-chan,7.38,"['Comedy', 'Horror', 'School']",12,"Miko Yotsuya's eyes water as she fixates on a single spot on her phone—she ignores yet another dreadful, horrific monster that is in her face, uttering the disturbing words: ""Can you see me?"" Before now, Miko enjoyed her unassuming high school days, with late-night horror shows serving only as a form of entertainment. But ever since one fateful day, she is the only person aware of the invisible monsters walking freely among humans.

Courageously, Miko makes a bold decision: she will never, under any condition, acknowledge the presence of the horrid specters. However, even though she pretends they do not exist, she can still see how they disturb the people around her, especially her best friend, the energetic and lovely Hana Yurikawa. In order to protect them from the monsters' annoyances, Miko gives it her best to continue her school life and avoid every troublesome crisis—even when they scare her to tears. ",451,542559,['Passione'],2021
Kimi ni Todoke 2nd Season,7.98,"['Drama', 'Romance', 'School', 'Shoujo']",12,"After a momentous New Year's vacation and with Valentine's Day approaching, Sawako Kuronuma is beginning to get along with her classmates. However, now that Sawako has realized her romantic feelings for the popular Shouta Kazehaya, she grows hesitant toward giving him obligatory chocolates and decides to not give him any. In turn, Kazehaya, who likes Sawako, feels a distance between them.

As February ends and April arrives, the second year of high school begins for Sawako. Luckily, she ends up in the same class as her friends Ayane Yano and Chizuru Yoshida, along with Kazehaya and his friend Ryuu Sanada, in addition to the newcomer named Kento Miura. When Kento develops an interest in Sawako, Sawako and Kazehaya's feelings for each other are put to the test.",453,540079,['Production I.G'],2011
"Komi-san wa, Comyushou desu. 2nd Season",7.99,"['Comedy', 'School', 'Shounen']",12,"After an exciting and momentous cultural festival, Shouko Komi continues her endeavor to make one hundred friends alongside her friend and classmate Hitohito Tadano. As winter begins, the class is joined by the seemingly delinquent student Makoto Katai, who has been absent since the first week of school. Despite his intimidating appearance, Katai has difficulty communicating with others and just wants to befriend his classmates.

As new friendships form and current ones deepen, Komi and Tadano’s relationship begins to change—though not necessarily for the worse.",454,539443,['OLM'],2022
Megalo Box,7.88,"['Sci-Fi', 'Sports', 'Adult Cast', 'Combat Sports']",13,"""To be quiet and do as you're told, that's the cowardly choice."" These are the words of Junk Dog, an underground fighter of Megalo Box, an evolution of boxing that utilizes mechanical limbs known as Gear to enhance the speed and power of its users. Despite the young man's brimming potential as a boxer, the illegal nature of his participation forces him to make a living off of throwing matches as dictated by his boss Gansaku Nanbu. However, this all changes when the Megalo Box champion Yuuri enters his shabby ring under the guise of just another challenger. Taken out in a single round, Junk Dog is left with a challenge: ""If you're serious about fighting me again, then fight your way up to me and my ring.""

Filled with overwhelming excitement and backed by the criminal syndicate responsible for his thrown matches, Junk Dog enters Megalonia: a world-spanning tournament that will decide the strongest Megalo Boxer of them all. Having no name of his own, he takes on the moniker of ""Joe"" as he begins his climb from the very bottom of the ranked list of fighters. With only three months left to qualify, Joe must face off against opponents the likes of which he has never fought in order to meet the challenge of his rival.",455,537844,['TMS Entertainment'],2018
Yosuga no Sora,6.0,"['Drama', 'Romance', 'Ecchi', 'Harem']",12,"Due to a sudden accident, twins Haruka and Sora Kasugano have lost both of their parents. Starting their lives anew, they return to their childhood home—living once again in the rural, quaint town like they did four years ago. 

However, revisiting such a nostalgic place also means recalling all the memories the two of them made together, be it those that gave them blissful joy or those that made them suffer painful sorrow. Meeting both old acquaintances and new companions alike, the story of Haruka and Sora only gets more convoluted as their lives are slowly influenced by different acts of love, friendship, envy—and perhaps even lust.",456,535575,['feel.'],2010
Re:Creators,7.55,"['Action', 'Fantasy', 'Urban Fantasy']",22,"Humans have designed countless worlds—each one born from the unique imagination of its creator. Souta Mizushino is a high school student who aspires to be such a creator by writing and illustrating his own light novel. One day, while watching anime for inspiration, he is briefly transported into a fierce fight scene. When he returns to the real world, he realizes something is amiss: the anime's headstrong heroine, Selesia Yupitilia, has somehow returned with him.

Before long, other fictional characters appear in the world, carrying the hopes and scars of their home. A princely knight, a magical girl, a ruthless brawler, and many others now crowd the streets of Japan. However, the most mysterious one is a woman in full military regalia, dubbed ""Gunpuku no Himegimi,"" who knows far more than she should about the creators' world. Despite this, no one knows her true name or the world she is from.

Meanwhile, Souta and Selesia work together with Meteora Österreich, a calm and composed librarian NPC, to uncover the meaning behind these unnatural events. With powerful forces at play, the once clear line between reality and imagination continues to blur, leading to a fateful meeting between creators and those they created.",457,534449,['TROYCA'],2017
Tsuki ga Michibiku Isekai Douchuu,7.71,"['Action', 'Adventure', 'Comedy', 'Fantasy', 'Isekai']",12,"As part of a mysterious contract agreed upon by a goddess and his parents years ago, Makoto Misumi finds himself sent to another world to meet the goddess and become the hero. However, the deity deems Makoto to be ""hideous,"" refusing to even lay eyes upon him and revokes his heroic title. Disdainfully giving him the ability to understand all languages except the human language as compensation, the goddess drives Makoto off to the farthest edges of the wasteland, far from human civilization.

Due to the disparity between Earth and this new world, Makoto's inherent physical and magical capabilities awaken, making him extremely powerful. He meets various demihumans and mythical beings who all end up being captivated with his characteristics and join Makoto in building a new community where all of them can peacefully coexist.

Nevertheless, despite this success, Makoto still yearns to meet fellow humans. In a world where the goddess herself has barred him from interacting with his kind, it is up to Makoto and his companions to fulfill his desire—and perhaps reform society along the way.",458,532479,['C2C'],2021
Aldnoah.Zero,7.38,"['Sci-Fi', 'Mecha', 'Military']",12,"The discovery of a hypergate on the Moon once allowed the human race to teleport to Mars. Those who chose to settle there unearthed a technology far more advanced than that of their home planet, which they named ""Aldnoah."" This discovery led to the founding of the Vers Empire of Mars and a declaration of war against the ""Terrans,"" those who stayed behind on Earth. However, a battle on the moon—later called ""Heaven's Fall""—caused the hypergate to explode, destroying the moon and leading the two planets to establish an uneasy ceasefire.

Their peace was a fragile one, however. Fifteen years later, high school student Inaho Kaizuka witnesses the plotted assassination of the Vers Empire's Princess Asseylum Vers Allusia, who had come to Earth in hopes of repairing the relationship between the empire and its homeland. The ceasefire is shattered, and the Martians declare war on the Terrans once again. In the face of this insurmountable enemy, Inaho and his friends must now fight against the Vers Empire to settle the war once and for all.",459,532329,"['A-1 Pictures', 'TROYCA']",2014
Yuru Camp△,8.26,"['Slice of Life', 'CGDCT', 'Iyashikei']",12,"While the perfect getaway for most girls her age might be a fancy vacation with their loved ones, Rin Shima's ideal way of spending her days off is camping alone at the base of Mount Fuji. From pitching her tent to gathering firewood, she has always done everything by herself, and has no plans of leaving her little solitary world.

However, what starts off as one of Rin's usual camping sessions somehow ends up as a surprise get-together for two when the lost Nadeshiko Kagamihara is forced to take refuge at her campsite. Originally intending to see the picturesque view of Mount Fuji for herself, Nadeshiko's plans are disrupted when she ends up falling asleep partway to her destination. Alone and with no other choice, she seeks help from the only other person nearby. Despite their hasty introductions, the two girls nevertheless enjoy the chilly night together, eating ramen and conversing while the campfire keeps them warm. And even after Nadeshiko's sister finally picks her up later that night, both girls silently ponder the possibility of another camping trip together.",460,530723,['C-Station'],2018
Gleipnir,6.95,"['Action', 'Mystery', 'Ecchi', 'Super Power', 'Seinen']",13,"Shuuichi Kagaya is what one would consider an average high school student, but sometimes, he turns into a monster. He doesn't know how or why he got his abilities, only that he would prefer no one knows about them. One night, he finds a building ablaze with a girl trapped inside. Deciding to save her, he transforms and carries her to safety, but accidentally drops his phone.

The next day, the girl he saved—Claire Aoki—finds him and confronts him about his monster identity. She even goes so far as to push him off the school roof to prove her theory after Shuuichi denies her allegations. Desperate to save himself, he transforms, and Claire snaps a picture in order to blackmail him into telling her everything he knows about monsters, which, ironically, isn't much.

As it turns out, Claire has a secret of her own: she has been searching for her sister, who also became a monster. She enlists Shuuichi's help to track her down, but they aren't the only ones searching for answers.
",461,529106,['PINE JAM'],2020
Dungeon Meshi,8.59,"['Adventure', 'Comedy', 'Fantasy', 'Gourmet', 'Seinen']",24,"Adventuring knight Laios Touden leads a small party through a seemingly endless dungeon, a subterranean maze full of dangerous monsters and precarious traps. Through the use of advanced magic, an explorer can sometimes be resurrected, allowing them to learn from past mistakes and give traversing the dungeon another go. However, when a powerful dragon eats Falin, Laios' spellcasting sister, she sends her brother and his companions back to the beginning to save them from permanent ends.

Though strapped for cash and equipment, Laios resolves to fight his way through the dungeon and rescue Falin before she can be digested by the dragon. Despite some of Laios' allies abandoning him, two remain by his side: elven mage Marcille Donato and halfling locksmith Chilchuck Tims. Due to their lack of funds, the party faces the daunting prospect of starving before being able to complete their quest. However, they find salvation in Senshi, a dwarven warrior with a penchant for cooking and safely eating defeated monsters.

With Senshi's culinary expertise, Laios and his companions struggle through the dungeon while learning about gourmet dining—and each other—along the way.",462,528780,['Trigger'],2024
Mushoku Tensei II: Isekai Ittara Honki Dasu Part 2,8.4,"['Adventure', 'Drama', 'Fantasy', 'Ecchi', 'Isekai', 'Reincarnation']",12,"Following the faceless god Hitogami's advice seems to have worked wonders for Rudeus Greyrat. After enrolling into the University of Magic as he was told, Rudeus reunites with his childhood friend Sylphiette, who put a valiant effort into curing his condition. The two grow ever closer together and decide to host a wedding party, inviting the friends they have made over the years to announce and formalize their relationship.

For all his recent blessings, however, Rudeus' troubles are far from over. The research he is helping Shizuka Nanahoshi conduct hits a bottleneck, sending her into a deep slump much like he experienced in his previous life. Furthermore, a letter from his father, Paul, brings complications to Rudeus' relationships, and Sylphiette still knows next to nothing about his real background. In the face of these issues, Rudeus will have to apply the lessons he has learned in this new world to navigate through the challenges that come with living a life to its fullest.",463,526680,['Studio Bind'],2024
Zombieland Saga,7.5,"['Award Winning', 'Comedy', 'Supernatural', 'Idols (Female)', 'Music', 'Parody']",12,"Sakura Minamoto dreams of becoming an idol. Unfortunately, reality hits her like a truck, and she dies in a sudden traffic accident. Ten years later, she wakes up in Saga Prefecture, only to find herself a zombie with no memory of her past. While still coming to terms with her demise, she meets a man named Koutarou Tatsumi, who explains that he has resurrected her and six other zombie girls from different eras for the purpose of economically revitalizing Saga by means of an idol group. Assuming the role of an abrasive manager, Koutarou begins scheduling events; the girls go along with it, eventually deciding to name their idol group Franchouchou.

An absurdly comedic take on the idol genre, Zombieland Saga tells the story of Franchouchou's heartwarming struggle to save Saga Prefecture while hiding their zombie identities and rediscovering their past lives.",465,524374,['MAPPA'],2018
Zero no Tsukaima: Futatsuki no Kishi,7.39,"['Action', 'Adventure', 'Comedy', 'Fantasy', 'Romance', 'Ecchi', 'Harem', 'Isekai', 'School']",12,"Revered as heroes for their role in defending Tristain, Louise Françoise and her familiar Saito Hiraga face heavy pressure to continue protecting the Kingdom. With an uneasy peace now established within Albion, the newly crowned Queen Henrietta must deal with a political struggle brewing on the horizon. To make matters worse, a new villain has begun plotting in the shadows against the Crown.

With the continuing threats that face the Kingdom, Louise and Saito are compelled to work together once more. No longer ""Louise the Zero,"" the young mage's newfound aptitude for Void magic gives her enough power to wipe out an entire village; however, wielding these abilities comes with its share of challenges. As more conflicts arise, the idea of placing honor above oneself is put into question—regardless of their answer, their only choice is to see it through until the end.",466,523352,['J.C.Staff'],2007
Aho Girl,6.71,"['Comedy', 'Gag Humor', 'School', 'Shounen']",12,"Yoshiko Hanabatake is an idiot beyond all belief. Somehow managing to consistently score zeroes on all of her tests and consumed by an absurd obsession with bananas, her senseless acts have caused even her own mother to lose all hope. Only one person is up to the task of keeping her insanity in check: childhood friend Akuru ""A-kun"" Akutsu.

Though he bemoans the ridiculous behavior he has to endure, the studious but terrifying A-kun is always ready to put an end to any stupidity Yoshiko gets up to, with no qualms about using physical force. Unfortunately, no matter how many times he attempts to knock some sense into her, the girl bounces right back to her usual shenanigans, even dragging in some other eccentrics along for the ride. Try as he might to rein in her nonsense, every moment is unpredictable with Yoshiko and her profound idiocy on the loose.",467,523036,['Diomedéa'],2017
Kyokou Suiri,6.92,"['Mystery', 'Romance', 'Supernatural', 'Adult Cast', 'Mythology', 'Shounen']",12,"Hidden in plain sight, spirits known as youkai inhabit the world. While most are benign, a certain subset threatens the tenuous peace between youkai and humanity. Ever since she agreed to become their ""God of Wisdom,"" Kotoko Iwanaga has served as a mediator between the two realms, resolving any supernatural problems that come her way.

At a local hospital, Kotoko approaches Kurou Sakuragawa, a university student whose long-term relationship ended with an unfortunate breakup. Kotoko harbors feelings for him and suspects that something supernatural lurks within his harmless appearance, so she asks Kurou for his assistance in helping out youkai.

Two years later, news of an idol who was accidentally crushed to death by steel beams flooded the press. However, months later, sightings begin to tell of a faceless woman who wields a steel beam. As is the case for any supernatural problem, Kotoko and her partner set out to stop this spirit from wreaking havoc—but this case may prove to be far more sinister and personal than they could have ever thought.
",468,522384,"[""Brain's Base""]",2020
Inu x Boku SS,7.36,"['Comedy', 'Romance', 'Supernatural', 'Mythology', 'Shounen']",12,"Ririchiyo Shirakiin is the sheltered daughter of a renowned family. With her petite build and wealthy status, Ririchiyo has been a protected and dependent girl her entire life, but now she has decided to change all that. However, there is just one problem—the young girl has a sharp tongue she can't control, and terrible communication skills.

With some help from a childhood friend, Ririchiyo takes up residence in Maison de Ayakashi, a secluded high-security apartment complex that, as the unsociable 15-year-old soon discovers, is home to a host of bizarre individuals. Furthermore, their quirky personalities are not the strangest things about them: each inhabitant of the Maison de Ayakashi, including Ririchiyo, is actually half-human, half-youkai.

But Ririchiyo's troubles have only just begun. As a requirement of staying in her new home, she must be accompanied by a Secret Service agent. Ririchiyo's new partner, Soushi Miketsukami, is handsome, quiet... but ridiculously clingy and creepily submissive. With Soushi, her new supernatural neighbors, and the beginning of high school, Ririchiyo definitely seems to have a difficult path ahead of her.",469,522302,['David Production'],2012
Asobi Asobase,8.19,"['Comedy', 'Gag Humor', 'School', 'Seinen']",12,"During recess, Olivia, a foreign transfer student who doesn't know English, plays a game of ""look-the-other-way"" with Hanako Honda, a loud-mouthed airhead. Their rowdy behavior spurs the ire of Kasumi Nomura, a deadpan loner constantly teased by her older sister for her tendency to lose games. Not willing to compete, Kasumi declines Olivia's offer to join the fun, but eventually gets involved anyway and dispenses her own brand of mischief. Soon, a strange friendship blossoms between the peculiar trio, and they decide to form the ""Pastime Club,"" where they are free to resume their daily hijinks. 

Whether it be failing to learn English, trying desperately to become popular, or getting caught by teachers at the wrong time, school life will never be boring when the girls of Asobi Asobase are up to their hilarious antics.",470,521994,['Lerche'],2018
Full Metal Panic!,7.59,"['Comedy', 'Sci-Fi', 'Mecha', 'Military']",24,"Mithril, a covert military institution using state-of-the-art technology to combat terrorist operations, assigns a specialized team to a sensitive mission. Under the command of superior officer Melissa Mao, sergeants Sousuke Sagara and Kurz Weber must secretly protect Kaname Chidori—a teenage girl who unconsciously holds breakthrough scientific knowledge and is considered a ""Whispered""—from intelligence agencies and other organizations pursuing her abilities.

While Kurz and Melissa are to assist him remotely, Sousuke enrolls at Kaname's high school as one of her classmates to closely monitor her. However, his militaristic upbringing and poor social skills lead to a difficult adjustment to civilian life. Not only does he attract unnecessary attention, but his actions frequently make Kaname suspicious of him.

Despite the earnest attempts to fulfill his duty, a terrorist ambush further complicates Sousuke's task. Recognizing the vicious mastermind behind the assault, Sousuke abandons his orders to ensure Kaname's safety.
",471,520752,['Gonzo'],2002
Usagi Drop,8.32,"['Slice of Life', 'Childcare', 'Iyashikei', 'Josei']",11,"Daikichi Kawachi is a 30-year-old bachelor working a respectable job but otherwise wandering aimlessly through life. When his grandfather suddenly passes away, he returns to the family home to pay his respects. Upon arriving at the house, he meets a mysterious young girl named Rin who, to Daikichi’s astonishment, is his grandfather's illegitimate daughter!

The shy and unapproachable girl is deemed an embarrassment to the family, and finds herself ostracized by her father's relatives, all of them refusing to take care of her in the wake of his death. Daikichi, angered by their coldness toward Rin, announces that he will take her in—despite the fact that he is a young, single man with no prior childcare experience.

Usagi Drop is the story of Daikichi's journey through fatherhood as he raises Rin with his gentle and affectionate nature, as well as an exploration of the warmth and interdependence that are at the heart of a happy, close-knit family.",473,518628,['Production I.G'],2011
Rurouni Kenshin: Meiji Kenkaku Romantan,8.28,"['Action', 'Comedy', 'Romance', 'Historical', 'Samurai', 'Shounen']",94,"In the final years of the Bakumatsu era lived a legendary assassin known as Hitokiri Battousai. Feared as a merciless killer, he was unmatched throughout the country, but mysteriously disappeared at the peak of the Japanese Revolution. It has been ten peaceful years since then, but the very mention of Battousai still strikes terror into the hearts of war veterans.

Unbeknownst to them, Battousai has abandoned his bloodstained lifestyle in an effort to repent for his sins, now living as Kenshin Himura, a wandering swordsman with a cheerful attitude and a strong will. Vowing never to kill again, Kenshin dedicates himself to protecting the weak. One day, he stumbles across Kaoru Kamiya at her kendo dojo, which is being threatened by an impostor claiming to be Battousai. After receiving help from Kenshin, Kaoru allows him to stay at the dojo, and so the former assassin temporarily ceases his travels.

Rurouni Kenshin: Meiji Kenkaku Romantan tells the story of Kenshin as he strives to save those in need of saving. However, as enemies from both past and present begin to emerge, will the reformed killer be able to uphold his new ideals?",474,518414,"['Gallop', 'Studio Deen']",1996
Kono Subarashii Sekai ni Shukufuku wo! 3,8.35,"['Adventure', 'Comedy', 'Fantasy', 'Isekai', 'Parody']",11,"Kazuma Satou, former NEET and current reincarnated adventurer, finally returns home after the incident at the Crimson Demon village. He is joined by his ever-reliable companions: self-absorbed goddess Aqua, one-trick pony arch-wizard Megumin, and masochistic crusader Lalatina Ford ""Darkness"" Dustiness. Following their recent exploits, the party is one step closer to vanquishing the Demon King and his armies—a terrifying task that Kazuma is eager to ignore for as long as possible. Things, however, are not going as smoothly as the group would like; they are constantly racking up debt, getting sidetracked during missions, and falling into traps due to their recklessness and eccentricities.

As the party struggles with their perennial issues, they receive an invitation from a princess interested in hearing tales of the group's ""heroic"" deeds. Darkness' pleas to refuse the invitation only fire the others up to accept it, marking the start of yet another uncanny adventure with unforeseen consequences.",475,517417,['Drive'],2024
Made in Abyss: Retsujitsu no Ougonkyou,8.6,"['Adventure', 'Drama', 'Fantasy', 'Mystery', 'Sci-Fi', 'Gore']",12,"After surviving the brutal challenges of Idofront, Riko now possesses a White Whistle, allowing her to descend into the Abyss's sixth layer—The Capital of the Unreturned. Alongside Reg and Nanachi, Riko begins to explore the uncharted domain, where the ruins of the promised Golden City are located.

As the trio starts to adapt to the harsh environment, they soon encounter dangerous creatures and treacherous landscapes. Their expedition leads them to a village inhabited by strange beings known as ""hollows."" Despite the creeping sense of unease that welcomes them, the three venture onward to uncover the mysteries of the settlement and long-lost legacies of the forgotten adventurers who once descended into the horrors of the unexplored Abyss.",476,517434,['Kinema Citrus'],2022
Maoyuu Maou Yuusha,7.22,"['Adventure', 'Fantasy', 'Romance']",12,"Fifteen years have passed since the war between humans and demons began. Dissatisfied with their slow advance into the Demon Realm, the Hero abandons his companions to quickly forge ahead towards the Demon Queen's castle. Upon his arrival at the royal abode, the Hero makes a startling discovery: not only is the Demon Queen a woman of unparalleled beauty, but she also seeks the Hero's help. Confused by this unexpected turn of events, the Hero refuses to ally himself with his enemy, claiming that the war the demons have waged is tearing the Southern Nations apart.

However, the Demon Queen rebuts, arguing that the war has not only united humanity but has also brought them wealth and prosperity, providing evidence to support her claims. Furthermore, she explains that if the war were to end, the supplies sent by the Central Nations in aid to the Southern Nations would cease, leaving hundreds of thousands to starve. Fortunately, she offers the Hero a way to end the war while bringing hope not only to the Southern Nations, but also to the rest of the world, though she will need his assistance to make this a reality.

Finally convinced, the Hero agrees to join his now former enemy in her quest. Vowing to stay together through sickness and health, they set off for the human world.",477,517084,['Arms'],2013
Mayo Chiki!,7.21,"['Comedy', 'Romance', 'Ecchi', 'Crossdressing', 'Harem', 'School']",13,"Due to his mother and sister, who both love professional wrestling, Kinjirou Sakamachi developed a resilient body that could take hard punches, aggressive kicks, and even deadly vehicle bumps, in order to survive their various grappling positions and locks. However, he also developed gynophobia, an abnormal fear of women. With just one touch from a girl, his nose bleeds uncontrollably, he sweats excessively, and in rare cases, faints abruptly.

His life changes for the worse because of a fated meeting in the restroom. While trying to escape from a girl, he discovers that the most popular student in their school, Subaru Konoe—the butler of the headmaster’s daughter, Kanade Suzutsuki—is actually female! Surprised, Subaru violently assaults Kinjirou, dealing significant damage and knocking him unconscious. When he comes to, he meets Kanade. In exchange for his silence, she promises to help cure his phobia.",478,516897,['feel.'],2011
Uzaki-chan wa Asobitai!,6.96,"['Comedy', 'Romance', 'Adult Cast', 'Love Status Quo']",12,"At the start of her freshman year in college, Hana Uzaki reunites with Shinichi Sakurai, an upperclassman who was in the same club as her during her high school days. However, much to her surprise, the once active senior has ended up becoming a ""lonesome"" student, preferring to spend his free time in quiet peace.

Uzaki does whatever she can to keep Sakurai from being ""alone,"" from convincing him to go to the movies to going to his part-time workplace. While Sakurai finds her irritating and tiresome, he still goes along with Uzaki's hijinks and shenanigans, even if he knows that her perky personality will only lead the two of them into various comical situations.

Even so, as the days pass by, their relationship only gets better, to the point where people around them misinterpret them to be a couple. At any rate, whenever Uzaki wants to hang out with her upperclassman, fun and adorable wackiness is sure to follow!",479,516832,['ENGI'],2020
Ookami to Koushinryou II,8.3,"['Adventure', 'Drama', 'Romance', 'Supernatural', 'Adult Cast']",12,"Traveling merchant Kraft Lawrence continues his northward journey with wolf goddess Holo, in search of her lost home of Yoitsu. Lawrence and his sharp-witted partner continue to make some small profits along the way, while slowly uncovering more information about Holo's hometown. However, the road to Yoitsu is a bumpy one filled with many troubles—Lawrence runs into a charming young fellow merchant who has his eyes set on the female wolf companion, and he begins to doubt if Holo will remain by his side; he and the goddess will also have to consider precarious and risky business deals as Lawrence strives to achieve his dream of becoming a shopowner. All the while, with his determination tested at every turn during his journey, Lawrence must question his relationship with Holo, take on business ventures, and ask himself whether it is time for him and Holo to go their separate ways.",480,515156,"[""Brain's Base"", 'Marvy Jack']",2009
Hataraku Maou-sama!!,6.65,"['Comedy', 'Supernatural']",12,"The once-feared Demon Lord Satan of Ente Isla, who had to flee to Earth after being defeated by the hero Emilia Justinia, is now leading a peaceful life in Tokyo under the alias Sadao Maou. Having become a model employee of a local fast-food restaurant, Sadao has to provide for his former generals Alciel and Lucifer who joined him in Japan, as well as avoid confrontations with Emi Yusa—the assumed name of Emilia—and the angels who monitor his actions.

Amidst a violent argument between Sadao and Emi, a dimensional portal suddenly appears, carrying a mysterious apple that harbors a toddler named Alas Ramus. To everyone's bewilderment, she imprints on Emi and Sadao, marking them as her parents! After Emi reluctantly agrees to help Sadao take care of Alas Ramus, their semblance of normal life is jeopardized by the appearance of the archangel Gabriel, who comes bearing bad news. He claims that he must take both Alas Ramus and Emi's sacred sword with him—lest the world be destroyed.

Unable to accept Gabriel's grim prophecies, the hero and the former Demon Lord need to put their differences aside and unite to protect what they hold dearest.",481,514998,['Studio 3Hz'],2022
Seitokai Yakuindomo,7.54,"['Comedy', 'Gag Humor', 'School', 'Shounen']",13,"On his first day of high school at the formerly all-girl's Ousai Private Academy, Takatoshi Tsuda is called out for his untidy uniform by the student council president Shino Amakusa. In apology for delaying Takatoshi for his first class—and stating that the group needs a male point of view to accommodate the arrival of boys at the school—Shino offers him the position of vice president of the student council. Though unwilling, Takatoshi finds himself appointed as the newest member of the student council having yet to even step foot inside the school building.

Takatoshi soon realizes that the other student council members who are more than a little strange: President Shino, who is studious and serious in appearance, but actually a huge pervert, fascinated with the erotic and constantly making lewd jokes; the secretary Aria Shichijou, who may seem like a typical sheltered rich girl, but is just as risque as the president, if not more so; and finally, the treasurer Suzu Hagimura, who may act fairly normal, but has the body of an elementary school student and is extremely self-conscious of it. Surrounded by these colorful characters, the new vice president must now work through a nonstop assault of sexual humor and insanity.",482,514572,['GoHands'],2010
Blue Period,7.79,"['Drama', 'School', 'Visual Arts', 'Seinen']",12,"Second-year high school student Yatora Yaguchi is a delinquent with excellent grades, but is unmotivated to find his true calling in life. Yatora spends his days working hard to maintain his academic standing while hanging out with his equally unambitious friends. However, beneath his carefree demeanor, Yatora does not enjoy either activity and wishes he could find something more fulfilling.

While mulling over his predicament, Yatora finds himself staring at a vibrant landscape of Shibuya. Unable to express how he feels about the unusually breathtaking sight, he picks up a paintbrush, hoping his thoughts will be conveyed on canvas. After receiving praise for his work, the joy he feels sends him on a journey to enter the extremely competitive Tokyo University of the Arts—a school that only accepts one in every two hundred applicants.

Facing talented peers, a lack of understanding of the fine arts, and struggles to obtain his parents’ approval, Yatora is confronted by much adversity. In the hopes of securing one of the five prestigious spots in his program of choice, Yatora must show that his inexperience does not define him. ",483,514313,['Seven Arcs'],2021
Yamada-kun to Lv999 no Koi wo Suru,7.76,"['Romance', 'Video Game']",13,"After her boyfriend breaks up with her for another girl, college student Akane Kinoshita wrestles with a broken heart and the memories he left behind. Loading up Forest of Savior, the MMO they used to play together, she forms a plan to get back at her ex-boyfriend through an in-person event for the game. In the process, she runs into someone unexpected: Akito Yamada, a gaming legend who just happens to be her guildmate.

Desperate for support, Akane ropes the asocial Yamada into helping with her scheme and lending her a shoulder to cry on. The differences between Akane and Yamada soon become apparent as they spend time together, yet they cannot help but notice each other's inner qualities. As the two gain more experience with one another in and out of the game, their tentative acquaintance may level up in a way neither expects.",484,513760,['Madhouse'],2023
Higurashi no Naku Koro ni Kai,8.16,"['Horror', 'Mystery', 'Suspense', 'Gore', 'Psychological']",24,"In the small village of Hinamizawa, Rika Furude and her friends live together in relative harmony. Beneath this mask of peace, however, lies a hidden darkness, one that Rika understands all too well. In this eternal summer, she has been witness to unspeakable horrors. Every time the clock resets, Rika must try to find the villain behind these senseless deaths before tragedy strikes again. However, trying to decipher a mystery when only half the clues are present proves time and again to be disastrous, and each time she believes that things will change, she inevitably fails. As the annual festival approaches, Rika begins her descent from hope to despair in her struggle to break the chains of fate entangling them all.",485,513326,['Studio Deen'],2007
Tokyo Ravens,7.4,"['Action', 'Fantasy', 'Romance', 'School', 'Urban Fantasy']",24,"Onmyoudou magic was once a powerful technique used by the Japanese during the second World War in order for them to gain the upper hand and establish their nation as a formidable force. But Japan was quickly defeated after the revered onmyouji Yakou Tsuchimikado caused the ""Great Spiritual Disaster,"" an event which plagues Tokyo to this very day. As a result of this mishap, the Onmyou Agency was established in order to exorcise further spiritual disasters and combat the demons that would make their way into the world.

Now, Onmyoudou has become far more modern, simplified, and refined for use in a wide variety of applications such as medicine and technology. However, not everyone is able to utilize the magic, as is the case with Harutora, a member of the Tsuchimikado's branch family. Despite an old promise to protect Natsume, the heir of the Tsuchimikado's main family and Yakou's supposed reincarnation, as her familiar, Harutora has no talent and chooses to live a normal life instead. But when a prominent member of the Onmyou Agency attempts to recreate the same experiment which led to Japan's downfall, he decides to make good on his word and fight by Natsume's side.",486,510498,['8bit'],2013
Magi: Sinbad no Bouken (TV),7.83,"['Action', 'Adventure', 'Fantasy', 'Shounen']",13,"In the small, impoverished Tison Village of the Parthevia Empire, a boy, Sinbad, is born to the jaded ex-soldier Badr and his kind-hearted wife Esra. His birth creates a radiant surge throughout the rukh, a declaration of a singularity to those who stand at the pinnacle of magical might: the ""Child of Destiny"" is here. Despite his country being plagued by economic instability and the repercussions of war, Sinbad leads a cheerful life—until a stranger's arrival shatters his peaceful world, and tragedy soon befalls him.

Years later, mysterious edifices called ""dungeons"" have been erected all over the world. Rumored to contain great power and treasures, these dungeons piqued the interest of adventurers and armies alike; though to this day, none have returned therefrom. Sinbad, now 14, has grown into a charming and talented young boy. Inspired by the shocking events of his childhood and by his father's words, he yearns to begin exploring the world beyond his village. As though orchestrated by fate, Sinbad meets an enigmatic traveler named Yunan. Stirred by Sinbad's story and ambitions, Yunan directs him to a dungeon which he claims holds the power Sinbad needs to achieve his goals—the ""power of a king.""

Magi: Sinbad no Bouken tells the epic saga of Sinbad's early life as he travels the world, honing his skill and influence, while gathering allies and power to become the High King of the Seven Seas.",487,509447,['Lay-duce'],2016
Durarara!!x2 Shou,7.97,"['Action', 'Mystery', 'Supernatural']",12,"Although peace has finally returned to Ikebukuro, many of the odd occurrences have become common sights around the city. One such case is the police's constant pursuit of Celty Sturluson, the Headless Rider. Moreover, someone has placed a large bounty on her, igniting the motivation of gang members all over to begin searching for the supernatural creature as well. Meanwhile, Mikado Ryuugamine is approached by Aoba Kuronuma, a mysterious underclassman with unknown intentions, who reveals that he knows Mikado's true identity.

But Ikebukuro's state of tranquility is short-lived, as a new threat appears in the form of a murderer who goes by the pseudonym ""Hollywood,"" known for wearing a different mask each time they commit a crime. As the various events taking place prove to be connected yet again, Ikebukuro is thrown into another conflict that threatens to engulf the entire city in chaos.",488,506908,['Shuka'],2015
Chobits,7.39,"['Comedy', 'Drama', 'Romance', 'Sci-Fi', 'Ecchi', 'Seinen']",26,"When computers start to look like humans, can love remain the same?

Hideki Motosuwa is a young country boy who is studying hard to get into college. Coming from a poor background, he can barely afford the expenses, let alone the newest fad: Persocoms, personal computers that look exactly like human beings. One evening while walking home, he finds an abandoned Persocom. After taking her home and managing to activate her, she seems to be defective, as she can only say one word, ""Chii,"" which eventually becomes her name. Unlike other Persocoms, however, Chii cannot download information onto her hard drive, so Hideki decides to teach her about the world the old-fashioned way, while studying for his college entrance exams at the same time.

Along with his friends, Hideki tries to unravel the mystery of Chii, who may be a ""Chobit,"" an urban legend about special units that have real human emotions and thoughts, and love toward their owner. But can romance flourish between a Persocom and a human? ",489,506210,['Madhouse'],2002
Tanaka-kun wa Itsumo Kedaruge,7.8,"['Slice of Life', 'Iyashikei', 'School']",12,"For high school student Tanaka, the act of being listless is a way of life. Known for his inattentiveness and ability to fall asleep anywhere, Tanaka prays that each day will be as uneventful as the last, seeking to preserve his lazy lifestyle however he can by avoiding situations that require him to exert himself. Along with his dependable friend Oota who helps him with tasks he is unable to accomplish, the lethargic teenager constantly deals with events that prevent him from experiencing the quiet and peaceful days he longs for.",490,504489,['SILVER LINK.'],2016
Houseki no Kuni,8.39,"['Action', 'Drama', 'Fantasy', 'Mystery', 'Anthropomorphic', 'Seinen']",12,"In the mysterious future, crystalline organisms called Gems inhabit a world that has been destroyed by six meteors. Each Gem is assigned a role in order to fight against the Lunarians, a species who attacks them in order to shatter their bodies and use them as decorations. 

Phosphophyllite, also known as Phos, is a young and fragile Gem who dreams of helping their friends in the war effort. Instead, they are told to compile an encyclopedia because of their delicate condition. After begrudgingly embarking on this task, Phos meets Cinnabar, an intelligent gem who has been relegated to patrolling the isolated island at night because of the corrosive poison their body creates. After seeing how unhappy Cinnabar is, Phos decides to find a role that both of the rejected Gems can enjoy. Houseki no Kuni follows Phos' efforts to be useful and protect their fellow Gems.",491,504449,['Orange'],2017
Fate/Apocrypha,7.2,"['Action', 'Fantasy', 'Urban Fantasy']",25,"The Holy Grail is a powerful, ancient relic capable of granting any wish the beholder desires. In order to obtain this power, various magi known as ""masters"" summon legendary Heroic Spirits called ""servants"" to fight for them in a destructive battle royale—the Holy Grail War. Only the last master-servant pair standing may claim the Grail for themselves. Yet, the third war ended inconclusively, as the Grail mysteriously disappeared following the conflict.

Many years later, the magi clan Yggdmillennia announces its possession of the Holy Grail, and intends to leave the Mage's Association. In response, the Association sends 50 elite magi to retrieve the Grail; however, all but one are killed by an unknown servant. The lone survivor is used as a messenger to convey Yggdmillennia's declaration of war on the Association.

As there are only two parties involved in the conflict, the Holy Grail War takes on an unusual form. Yggdmillennia and the Mage's Association will each deploy seven master-servant pairs, and the side that loses all its combatants first will forfeit the artifact. As the 14 masters summon their servants and assemble on the battlefield, the magical world shivers in anticipation with the rise of the Great Holy Grail War.",492,504114,['A-1 Pictures'],2017
Tate no Yuusha no Nariagari Season 3,7.09,"['Action', 'Adventure', 'Drama', 'Fantasy', 'Isekai']",12,"Though he has successfully repelled the latest Wave of Catastrophe, Naofumi Iwatani—the Shield Hero—has no time to rest. Naofumi is spurred back into action when Queen Mirelia Q Melromarc tells him that the three other Cardinal Heroes have disappeared without a trace, and she tasks him with finding them. 

With no clues regarding their whereabouts, Naofumi tackles a more pressing issue: the worsening slave trade of demi-humans. Determined to right this injustice, he and his friends find their way to Zeltoble, the country of mercenaries, where the illegal sale of demi-humans has become a lucrative business. To gather money to free the slaves, Naofumi and his comrades disguise themselves and take part in underground coliseum brawls, purposely throwing matches to manipulate the odds and eventually secure an enormous payout. However, with the threat of another Wave of Catastrophe looming on the horizon, the Shield Hero must stick to his mission of finding the missing heroes if he wants to protect those he loves.",494,502876,['Kinema Citrus'],2023
Owarimonogatari,8.45,"['Comedy', 'Mystery', 'Supernatural', 'Vampire']",12,"A peculiar transfer student named Ougi Oshino has just arrived at Naoetsu Private High School. She is quickly introduced to senior student Koyomi Araragi by their mutual friend Kanbaru Suruga, in hopes of obtaining advice regarding a strange discovery she has made. After taking a look at the school's layout, Ougi notices that a classroom has appeared in an otherwise empty area—a place that should not exist. 

Unsure if this is the work of an apparition, Araragi and Ougi attempt to unravel the truth behind this enigma. But Araragi soon discovers, after finding himself locked in with Ougi, that the room holds the memory of an event he had long since forgotten.",495,502690,['Shaft'],2015
Net-juu no Susume,7.51,"['Comedy', 'Romance', 'Adult Cast', 'Video Game']",10,"For the first time since graduating high school, 30-year-old Moriko Morioka is unemployed—and she couldn't be happier. Having quit her long-standing job of over 11 years, Moriko quickly turns to online games to pass her now-plentiful free time, reinventing herself as the handsome and dashing male hero ""Hayashi"" in the MMO Fruits de Mer. With the pesky societal obligations of the real world out of the way, she blissfully dives headfirst into the realm of the game, where she promptly meets the kind and adorable healer Lily. Befriending each other almost instantly, the two become inseparable just as Moriko herself becomes more and more engrossed in her new ""life"" as Hayashi. Eventually, Moriko adopts the reclusive lifestyle in its entirety, venturing out from the safety of her apartment only when absolutely necessary.

Meanwhile, unbeknownst to Moriko, a timid 28-year-old corporate worker named Yuuta Sakurai has also logged onto Fruits de Mer from the other side of town. Coincidentally bumping into each other at the convenience store one night, both write off their meeting as no more than just another awkward encounter with a stranger—however, fate has more in store for them than they think.",497,502239,['Signal.MD'],2017
Sora no Otoshimono,7.22,"['Comedy', 'Romance', 'Sci-Fi', 'Supernatural', 'Ecchi', 'Harem', 'Shounen']",13,"Ever since he was a child, Tomoki Sakurai has always woke up with tears after a dream of an angel. His childhood friend Sohara Mitsuki worries about this and decides to seek the help of Eishirou Sugata, an eccentric sky maniac. He concludes that Tomoki's dream is undoubtedly connected to what is known as the New World, a floating anomaly that scientists have failed to understand.

Recruiting the New World Discovery Club's first members, Eishirou schedules a time to meet up in order to observe the mystery in the sky. That day, Tomoki's peaceful life is changed forever when a strange girl falls from the sky and begins to call him master.

Sora no Otoshimono follows the daily activities of the New World Discovery Club as they begin to learn more about the Angeloids that have arrived on Earth.",499,500116,['AIC ASTA'],2009
Hibike! Euphonium,8.02,"['Drama', 'Music', 'Performing Arts', 'School']",13,"Now that Kumiko Oumae has enrolled in Kitauji High School, she hopes to forget about her past. Despite her desire for a fresh start, she gets dragged into the school's band club by her new friends—Sapphire Kawashima and Hazuki Katou—and is once again stuck playing the euphonium. 

As the band currently stands, they won't be able to participate in the local festival, Sunfest, let alone compete at a national level. The band's new advisor, Noboru Taki, gives them a choice: they can relax and have fun, or practice hard and attempt to get into nationals. Not wanting to repeat her mistakes from middle school, Kumiko is doubtful as to whether they should try for nationals. Amidst the chaos, she learns that her old bandmate, Reina Kousaka (who she had a bitter relationship with) has joined Kitauji's band club. Under the pressure of Noboru's strict training, Kumiko and her bandmates must learn to overcome their struggles and find success together.
",500,500089,['Kyoto Animation'],2015
