title,score_normalized,popularity_normalized,episodes_normalized,synopsis_length_normalized,years_since_release_normalized,Action,Adult Cast,Adventure,Anthropomorphic,Avant Garde,Award Winning,Boys Love,CGDCT,Childcare,Combat Sports,Comedy,Crossdressing,Delinquents,Detective,Drama,Ecchi,Educational,Erotica,Fantasy,Gag Humor,Girls Love,Gore,Gourmet,Harem,High Stakes Game,Historical,Horror,Idols (Female),Isekai,Iyashikei,Josei,Kids,Love Polygon,Love Status Quo,Magical Sex Shift,Mahou Shoujo,Martial Arts,Mecha,Medical,Military,Music,Mystery,Mythology,Organized Crime,Otaku Culture,Parody,Performing Arts,Pets,Psychological,Racing,Reincarnation,Reverse Harem,Romance,Samurai,School,Sci-Fi,Seinen,Shoujo,Shounen,Showbiz,Slice of Life,Space,Sports,Strategy Game,Super Power,Supernatural,Survival,Suspense,Team Sports,Time Travel,Urban Fantasy,Vampire,Video Game,Villainess,Visual Arts,Workplace,tier_S-Tier,tier_A-Tier,tier_B-Tier,tier_C-Tier,tier_D-Tier,score_cat_Below Average,score_cat_Average,score_cat_Good,score_cat_Excellent,length_Movie,length_Short,length_Season,length_Long,length_Very Long,era_Classic,era_Golden Age,era_Modern,era_Current,has_school,has_magic,has_war,has_romance,has_supernatural,has_sci_fi,has_fantasy,has_sports,has_slice_of_life,has_mystery,has_horror,has_comedy,has_psychological
Attack on Titan,0.8289786223277911,1.0,0.04809619238476953,0.5566037735849056,0.3076923076923077,1,0,0,0,0,1,0,0,0,0,0,0,0,0,1,0,0,0,0,0,0,1,0,0,0,0,0,0,0,0,0,0,0,0,0,0,0,0,0,1,0,0,0,0,0,0,0,0,0,0,0,0,0,0,0,0,0,0,1,0,0,0,0,0,0,0,1,1,0,0,0,0,0,0,0,0,True,False,False,False,False,False,False,False,True,False,False,True,False,False,False,False,True,False,0,0,1,0,0,0,0,0,0,0,0,0,0
Death Note,0.840855106888361,0.9990467111534795,0.0721442885771543,0.5283018867924528,0.48717948717948717,0,0,0,0,0,0,0,0,0,0,0,0,0,0,0,0,0,0,0,0,0,0,0,0,0,0,0,0,0,0,0,0,0,0,0,0,0,0,0,0,0,0,0,0,0,0,0,0,1,0,0,0,0,0,0,0,0,0,1,0,0,0,0,0,0,1,0,1,0,0,0,0,0,0,0,0,True,False,False,False,False,False,False,False,True,False,False,False,True,False,False,True,False,False,1,0,1,0,0,0,0,0,0,1,0,0,1
Fullmetal Alchemist: Brotherhood,0.9548693586698336,0.998093422306959,0.12625250501002003,0.5534591194968553,0.41025641025641024,1,0,1,0,0,0,0,0,0,0,0,0,0,0,1,0,0,0,1,0,0,0,0,0,0,0,0,0,0,0,0,0,0,0,0,0,0,0,0,1,0,0,0,0,0,0,0,0,0,0,0,0,0,0,0,0,0,0,1,0,0,0,0,0,0,0,0,0,0,0,0,0,0,0,0,0,True,False,False,False,False,False,False,False,True,False,False,False,False,True,False,True,False,False,0,0,1,0,0,1,1,1,0,0,0,0,0
One-Punch Man,0.8076009501187651,0.9971401334604385,0.022044088176352703,0.5188679245283019,0.2564102564102564,1,1,0,0,0,0,0,0,0,0,1,0,0,0,0,0,0,0,0,0,0,0,0,0,0,0,0,0,0,0,0,0,0,0,0,0,0,0,0,0,0,0,0,0,0,1,0,0,0,0,0,0,0,0,0,0,1,0,0,0,0,0,0,0,1,0,0,0,0,0,0,0,0,0,0,0,True,False,False,False,False,False,False,True,False,False,True,False,False,False,False,False,True,False,0,0,0,0,0,1,0,1,0,0,0,0,0
Demon Slayer: Kimetsu no Yaiba,0.793349168646081,0.996186844613918,0.0501002004008016,0.550314465408805,0.15384615384615385,1,0,0,0,0,1,0,0,0,0,0,0,0,0,0,0,0,0,0,0,0,0,0,0,0,1,0,0,0,0,0,0,0,0,0,0,0,0,0,0,0,0,0,0,0,0,0,0,0,0,0,0,0,0,0,0,0,0,1,0,0,0,0,0,0,1,0,0,0,0,0,0,0,0,0,0,True,False,False,False,False,False,False,True,False,False,False,True,False,False,False,False,True,False,0,0,1,0,1,0,0,0,0,0,0,0,0
Sword Art Online,0.508313539192399,0.9952335557673975,0.04809619238476953,0.6320754716981133,0.3333333333333333,1,0,1,0,0,0,0,0,0,0,0,0,0,0,0,0,0,0,1,0,0,0,0,0,0,0,0,0,0,0,0,0,0,0,0,0,0,0,0,0,0,0,0,0,0,0,0,0,0,0,0,0,1,0,0,0,0,0,0,0,0,0,0,0,0,0,0,0,0,0,0,0,1,0,0,0,True,False,False,False,False,False,True,False,False,False,False,True,False,False,False,False,True,False,0,0,0,0,0,0,1,1,0,0,1,0,0
My Hero Academia,0.6532066508313541,0.994280266920877,0.02404809619238477,0.5471698113207547,0.23076923076923075,1,0,0,0,0,0,0,0,0,0,0,0,0,0,0,0,0,0,0,0,0,0,0,0,0,0,0,0,0,0,0,0,0,0,0,0,0,0,0,0,0,0,0,0,0,0,0,0,0,0,0,0,0,0,1,0,0,0,1,0,0,0,0,0,1,0,0,0,0,0,0,0,0,0,0,0,True,False,False,False,False,False,False,True,False,False,True,False,False,False,False,False,True,False,1,0,0,0,0,0,0,1,0,0,0,0,0
Hunter x Hunter,0.9382422802850356,0.9933269780743565,0.2945891783567134,0.4056603773584906,0.358974358974359,1,0,1,0,0,0,0,0,0,0,0,0,0,0,0,0,0,0,1,0,0,0,0,0,0,0,0,0,0,0,0,0,0,0,0,0,0,0,0,0,0,0,0,0,0,0,0,0,0,0,0,0,0,0,0,0,0,0,1,0,0,0,0,0,0,0,0,0,0,0,0,0,0,0,0,0,True,False,False,False,False,False,False,False,True,False,False,False,False,True,False,False,True,False,1,0,0,0,0,0,1,0,0,0,0,0,0
Naruto,0.6959619952494063,0.9923736892278361,0.438877755511022,0.5471698113207547,0.5897435897435898,1,0,1,0,0,0,0,0,0,0,0,0,0,0,0,0,0,0,1,0,0,0,0,0,0,0,0,0,0,0,0,0,0,0,0,0,1,0,0,0,0,0,0,0,0,0,0,0,0,0,0,0,0,0,0,0,0,0,1,0,0,0,0,0,0,0,0,0,0,0,0,0,0,0,0,0,True,False,False,False,False,False,False,True,False,False,False,False,False,True,False,True,False,False,0,0,0,1,1,0,0,1,0,0,1,0,0
Tokyo Ghoul,0.643705463182898,0.9914204003813155,0.022044088176352703,0.4716981132075472,0.28205128205128205,1,0,0,0,0,0,0,0,0,0,0,0,0,0,0,0,0,0,1,0,0,1,0,0,0,0,1,0,0,0,0,0,0,0,0,0,0,0,0,0,0,0,0,0,0,0,0,0,1,0,0,0,0,0,0,0,1,0,0,0,0,0,0,0,0,0,0,1,0,0,1,0,0,0,0,0,True,False,False,False,False,False,False,True,False,False,True,False,False,False,False,False,True,False,1,0,1,0,0,0,0,0,0,0,0,0,0
Your Name.,0.8907363420427556,0.990467111534795,0.0,0.449685534591195,,0,0,0,0,0,1,0,0,0,0,0,0,0,0,1,0,0,0,0,0,0,0,0,0,0,0,0,0,0,0,0,0,0,0,0,0,0,0,0,0,0,0,0,0,0,0,0,0,0,0,0,0,0,0,0,0,0,0,0,0,0,0,0,0,0,0,0,0,0,0,0,0,0,0,0,0,False,True,False,False,False,False,False,False,True,True,False,False,False,False,False,False,False,False,1,0,0,0,0,1,0,0,0,0,0,0,0
Attack on Titan Season 2,0.819477434679335,0.9895138226882746,0.022044088176352703,0.48427672955974843,0.20512820512820512,1,0,0,0,0,0,0,0,0,0,0,0,0,0,1,0,0,0,0,0,0,1,0,0,0,0,0,0,0,0,0,0,0,0,0,0,0,0,0,1,0,0,0,0,0,0,0,0,0,0,0,0,0,0,0,0,0,0,1,0,0,0,0,0,0,0,1,1,0,0,0,0,0,0,0,0,False,True,False,False,False,False,False,False,True,False,True,False,False,False,False,False,True,False,0,0,1,0,0,0,0,1,0,0,0,0,0
Jujutsu Kaisen,0.819477434679335,0.988560533841754,0.046092184368737465,0.4119496855345912,0.1282051282051282,1,0,0,0,0,1,0,0,0,0,0,0,0,0,0,0,0,0,0,0,0,0,0,0,0,0,0,0,0,0,0,0,0,0,0,0,0,0,0,0,0,0,0,0,0,0,0,0,0,0,0,0,0,0,1,0,0,0,1,0,0,0,0,0,0,1,0,0,0,0,0,0,0,0,0,0,False,True,False,False,False,False,False,False,True,False,False,True,False,False,False,False,True,False,1,1,0,0,1,0,0,0,0,0,1,0,0
Steins;Gate,0.9477434679334917,0.9876072449952336,0.046092184368737465,0.559748427672956,0.358974358974359,0,0,0,0,0,0,0,0,0,0,0,0,0,0,1,0,0,0,0,0,0,0,0,0,0,0,0,0,0,0,0,0,0,0,0,0,0,0,0,0,0,0,0,0,0,0,0,0,1,0,0,0,0,0,0,1,0,0,0,0,0,0,0,0,0,0,0,1,0,1,0,0,0,0,0,0,False,True,False,False,False,False,False,False,True,False,False,True,False,False,False,False,True,False,0,1,0,0,0,1,0,0,0,0,0,0,0
Naruto Shippuden,0.7600950118764844,0.9866539561487131,0.9999999999999999,0.4088050314465409,0.4615384615384615,1,0,1,0,0,0,0,0,0,0,0,0,0,0,0,0,0,0,1,0,0,0,0,0,0,0,0,0,0,0,0,0,0,0,0,0,1,0,0,0,0,0,0,0,0,0,0,0,0,0,0,0,0,0,0,0,0,0,1,0,0,0,0,0,0,0,0,0,0,0,0,0,0,0,0,0,False,True,False,False,False,False,False,True,False,False,False,False,False,True,False,True,False,False,0,0,0,0,0,0,0,1,0,0,0,0,0
My Hero Academia Season 2,0.7054631828978626,0.9857006673021925,0.04809619238476953,0.2987421383647799,0.20512820512820512,1,0,0,0,0,0,0,0,0,0,0,0,0,0,0,0,0,0,0,0,0,0,0,0,0,0,0,0,0,0,0,0,0,0,0,0,0,0,0,0,0,0,0,0,0,0,0,0,0,0,0,0,0,0,1,0,0,0,1,0,0,0,0,0,1,0,0,0,0,0,0,0,0,0,0,0,False,True,False,False,False,False,False,True,False,False,False,True,False,False,False,False,True,False,1,0,0,0,0,0,0,0,0,0,0,0,0
One Piece,0.8669833729216154,0.9847473784556721,0.022044088176352703,0.5660377358490566,0.6666666666666666,1,0,1,0,0,0,0,0,0,0,0,0,0,0,0,0,0,0,1,0,0,0,0,0,0,0,0,0,0,0,0,0,0,0,0,0,0,0,0,0,0,0,0,0,0,0,0,0,0,0,0,0,0,0,0,0,0,0,1,0,0,0,0,0,0,0,0,0,0,0,0,0,0,0,0,0,False,True,False,False,False,False,False,False,True,False,False,False,False,False,True,False,False,False,0,0,0,0,1,0,0,1,0,0,0,0,0
Attack on Titan Season 3,0.8456057007125894,0.9837940896091516,0.022044088176352703,0.5723270440251572,0.1794871794871795,1,0,0,0,0,0,0,0,0,0,0,0,0,0,1,0,0,0,0,0,0,1,0,0,0,0,0,0,0,0,0,0,0,0,0,0,0,0,0,1,0,0,0,0,0,0,0,0,0,0,0,0,0,0,0,0,0,0,1,0,0,0,0,0,0,0,1,1,0,0,0,0,0,0,0,0,False,True,False,False,False,False,False,False,True,False,True,False,False,False,False,False,True,False,0,0,1,0,0,0,0,0,0,0,1,0,0
A Silent Voice,0.9144893111638954,0.982840800762631,0.0,0.4937106918238994,,0,0,0,0,0,1,0,0,0,0,0,0,0,0,1,0,0,0,0,0,0,0,0,0,0,0,0,0,0,0,0,0,0,0,0,0,0,0,0,0,0,0,0,0,0,0,0,0,0,0,0,0,0,0,0,0,0,0,1,0,0,0,0,0,0,0,0,0,0,0,0,0,0,0,0,0,False,True,False,False,False,False,False,False,True,True,False,False,False,False,False,False,False,False,1,0,1,0,1,0,0,0,0,0,1,0,0
"No Game, No Life",0.7030878859857481,0.9818875119161106,0.022044088176352703,0.6509433962264152,0.28205128205128205,0,0,0,0,0,0,0,0,0,0,1,0,0,0,0,1,0,0,1,0,0,0,0,0,0,0,0,0,1,0,0,0,0,0,0,0,0,0,0,0,0,0,0,0,0,0,0,0,0,0,0,0,0,0,0,0,0,0,0,0,0,0,0,1,0,0,0,0,0,0,0,0,0,0,0,0,False,True,False,False,False,False,False,True,False,False,True,False,False,False,False,False,True,False,0,1,0,0,0,0,1,0,0,0,0,0,0
Attack on Titan Season 3 Part 2,0.9429928741092641,0.9809342230695901,0.018036072144288578,0.4056603773584906,0.15384615384615385,1,0,0,0,0,0,0,0,0,0,0,0,0,0,1,0,0,0,0,0,0,1,0,0,0,0,0,0,0,0,0,0,0,0,0,0,0,0,0,1,0,0,0,0,0,0,0,0,0,0,0,0,0,0,0,0,0,0,1,0,0,0,0,0,0,0,1,1,0,0,0,0,0,0,0,0,False,True,False,False,False,False,False,False,True,False,True,False,False,False,False,False,True,False,0,0,1,0,0,0,0,0,0,0,0,0,0
Code Geass: Lelouch of the Rebellion,0.8622327790973874,0.9799809342230696,0.04809619238476953,0.4119496855345912,0.48717948717948717,0,0,0,0,0,1,0,0,0,0,0,0,0,0,1,0,0,0,0,0,0,0,0,0,0,0,0,0,0,0,0,0,0,0,0,0,0,1,0,1,0,0,0,0,0,0,0,0,0,0,0,0,0,0,1,1,0,0,0,0,0,0,0,0,1,0,0,0,0,0,0,0,0,0,0,0,False,True,False,False,False,False,False,False,True,False,False,True,False,False,False,True,False,False,1,0,1,0,0,0,1,0,0,0,0,0,0
Re:ZERO -Starting Life in Another World-,0.7505938242280286,0.9790276453765491,0.04809619238476953,0.5377358490566038,0.23076923076923075,0,0,0,0,0,0,0,0,0,0,0,0,0,0,1,0,0,0,1,0,0,0,0,0,0,0,0,0,1,0,0,0,0,0,0,0,0,0,0,0,0,0,0,0,0,0,0,0,1,0,0,0,0,0,0,0,0,0,0,0,0,0,0,0,0,0,0,1,0,1,0,0,0,0,0,0,False,True,False,False,False,False,False,True,False,False,False,True,False,False,False,False,True,False,0,0,0,0,0,0,0,0,1,1,0,0,0
Your Lie in April,0.8456057007125894,0.9780743565300286,0.04208416833667334,0.4716981132075472,0.28205128205128205,0,0,0,0,0,0,0,0,0,0,0,0,0,0,1,0,0,0,0,0,0,0,0,0,0,0,0,0,0,0,0,0,1,0,0,0,0,0,0,0,1,0,0,0,0,0,1,0,0,0,0,0,1,0,1,0,0,0,1,0,0,0,0,0,0,0,0,0,0,0,0,0,0,0,0,0,False,True,False,False,False,False,False,False,True,False,False,True,False,False,False,False,True,False,1,0,0,0,0,0,0,1,0,0,0,0,1
My Hero Academia Season 3,0.6888361045130644,0.9771210676835081,0.04809619238476953,0.4308176100628931,0.1794871794871795,1,0,0,0,0,0,0,0,0,0,0,0,0,0,0,0,0,0,0,0,0,0,0,0,0,0,0,0,0,0,0,0,0,0,0,0,0,0,0,0,0,0,0,0,0,0,0,0,0,0,0,0,0,0,1,0,0,0,1,0,0,0,0,0,1,0,0,0,0,0,0,0,0,0,0,0,False,True,False,False,False,False,False,True,False,False,False,True,False,False,False,False,True,False,1,0,0,0,0,0,0,1,0,0,0,0,0
Toradora!,0.7030878859857481,0.9761677788369876,0.04809619238476953,0.4968553459119497,0.4358974358974359,0,0,0,0,0,0,0,0,0,0,0,0,0,0,1,0,0,0,0,0,0,0,0,0,0,0,0,0,0,0,0,0,1,0,0,0,0,0,0,0,0,0,0,0,0,0,0,0,0,0,0,0,1,0,1,0,0,0,0,0,0,0,0,0,0,0,0,0,0,0,0,0,0,0,0,0,False,True,False,False,False,False,False,True,False,False,False,True,False,False,False,True,False,False,1,0,0,1,0,0,1,0,0,0,0,1,0
Noragami,0.6793349168646083,0.9752144899904671,0.022044088176352703,0.5880503144654088,0.28205128205128205,1,0,0,0,0,0,0,0,0,0,0,0,0,0,0,0,0,0,0,0,0,0,0,0,0,0,0,0,0,0,0,0,0,0,0,0,0,0,0,0,0,0,1,0,0,0,0,0,0,0,0,0,0,0,0,0,0,0,1,0,0,0,0,0,0,1,0,0,0,0,0,0,0,0,0,0,False,True,False,False,False,False,False,True,False,False,True,False,False,False,False,False,True,False,1,0,0,0,0,0,0,0,0,0,0,0,0
Mob Psycho 100,0.8099762470308789,0.9742612011439467,0.022044088176352703,0.49056603773584906,0.23076923076923075,1,0,0,0,0,0,0,0,0,0,1,0,0,0,0,0,0,0,0,0,0,0,0,0,0,0,0,0,0,0,0,0,0,0,0,0,0,0,0,0,0,0,0,0,0,0,0,0,0,0,0,0,0,0,0,0,0,0,0,0,0,0,0,0,0,1,0,0,0,0,0,0,0,0,0,0,False,True,False,False,False,False,False,True,False,False,True,False,False,False,False,False,True,False,0,0,1,0,1,0,0,0,0,0,0,0,0
Erased,0.7648456057007129,0.9733079122974261,0.022044088176352703,0.4559748427672956,0.23076923076923075,0,0,0,0,0,0,0,0,0,0,0,0,0,0,0,0,0,0,0,0,0,0,0,0,0,0,0,0,0,0,0,0,0,0,0,0,0,0,0,0,0,1,0,0,0,0,0,0,1,0,0,0,0,0,0,0,1,0,0,0,0,0,0,0,0,0,0,1,0,1,0,0,0,0,0,0,False,True,False,False,False,False,False,True,False,False,True,False,False,False,False,False,True,False,0,0,0,0,0,0,0,0,0,1,0,0,0
Akame ga Kill!,0.5700712589073635,0.9723546234509056,0.046092184368737465,0.5345911949685535,0.28205128205128205,1,0,0,0,0,0,0,0,0,0,0,0,0,0,0,0,0,0,1,0,0,1,0,0,0,0,0,0,0,0,0,0,0,0,0,0,0,0,0,0,0,0,0,0,0,0,0,0,0,0,0,0,0,0,0,0,0,0,1,0,0,0,0,0,0,0,0,0,0,0,0,0,0,0,0,0,False,True,False,False,False,False,True,False,False,False,False,True,False,False,False,False,True,False,0,0,1,0,0,0,0,0,0,0,1,0,0
Attack on Titan: Final Season,0.8788598574821853,0.9714013346043852,0.03006012024048096,0.4276729559748428,0.10256410256410256,1,0,0,0,0,0,0,0,0,0,0,0,0,0,1,0,0,0,0,0,0,1,0,0,0,0,0,0,0,0,0,0,0,0,0,0,0,0,0,1,0,0,0,0,0,0,0,0,0,0,0,0,0,0,0,0,0,0,1,0,0,0,0,0,0,0,1,1,0,0,0,0,0,0,0,0,False,True,False,False,False,False,False,False,True,False,False,True,False,False,False,False,False,True,0,0,0,0,0,0,0,1,0,0,0,0,0
The Seven Deadly Sins,0.6009501187648458,0.9704480457578646,0.046092184368737465,0.5094339622641509,0.28205128205128205,1,0,1,0,0,0,0,0,0,0,0,0,0,0,0,0,0,0,1,0,0,0,0,0,0,0,0,0,0,0,0,0,0,0,0,0,0,0,0,0,0,0,0,0,0,0,0,0,0,0,0,0,0,0,0,0,0,0,1,0,0,0,0,0,0,0,0,0,0,0,0,0,0,0,0,0,False,True,False,False,False,False,False,True,False,False,False,True,False,False,False,False,True,False,0,1,0,0,0,0,1,0,0,0,0,0,0
Angel Beats!,0.7054631828978626,0.9694947569113441,0.02404809619238477,0.4811320754716981,0.3846153846153846,0,0,0,0,0,0,0,0,0,0,0,0,0,0,1,0,0,0,1,0,0,0,0,0,0,0,0,0,0,0,0,0,0,0,0,0,0,0,0,0,0,0,0,0,0,0,0,0,0,0,0,0,0,0,1,0,0,0,0,0,0,0,0,0,0,0,0,0,0,0,0,0,0,0,0,0,False,True,False,False,False,False,False,True,False,False,True,False,False,False,False,True,False,False,1,0,0,0,0,0,1,0,0,0,0,0,0
Assassination Classroom,0.7102137767220904,0.9685414680648237,0.04208416833667334,0.6320754716981133,0.2564102564102564,1,0,0,0,0,0,0,0,0,0,1,0,0,0,0,0,0,0,0,0,0,0,0,0,0,0,0,0,0,0,0,0,0,0,0,0,0,0,0,0,0,0,0,0,0,0,0,0,0,0,0,0,0,0,1,0,0,0,1,0,0,0,0,0,0,0,0,0,0,0,0,0,0,0,0,0,False,True,False,False,False,False,False,True,False,False,False,True,False,False,False,False,True,False,1,0,0,0,0,0,0,1,0,0,0,0,0
Bleach,0.6888361045130644,0.9675881792183032,0.7314629258517034,0.49056603773584906,0.5384615384615384,1,0,1,0,0,0,0,0,0,0,0,0,0,0,0,0,0,0,0,0,0,0,0,0,0,0,0,0,0,0,0,0,0,0,0,0,0,0,0,0,0,0,0,0,0,0,0,0,0,0,0,0,0,0,0,0,0,0,1,0,0,0,0,0,0,1,0,0,0,0,0,0,0,0,0,0,False,True,False,False,False,False,False,True,False,False,False,False,False,True,False,True,False,False,1,0,1,0,1,0,0,0,0,0,0,0,0
Haikyu!!,0.7957244655581948,0.9666348903717826,0.04809619238476953,0.6037735849056605,0.28205128205128205,0,0,0,0,0,0,0,0,0,0,0,0,0,0,0,0,0,0,0,0,0,0,0,0,0,0,0,0,0,0,0,0,0,0,0,0,0,0,0,0,0,0,0,0,0,0,0,0,0,0,0,0,0,0,1,0,0,0,1,0,0,0,1,0,0,0,0,0,1,0,0,0,0,0,0,0,False,True,False,False,False,False,False,True,False,False,False,True,False,False,False,False,True,False,1,1,0,0,0,0,0,1,0,0,0,0,0
The Promised Neverland,0.8052256532066513,0.9656816015252622,0.022044088176352703,0.4528301886792453,0.15384615384615385,0,0,0,0,0,0,0,0,0,0,0,0,0,0,0,0,0,0,0,0,0,0,0,0,0,0,0,0,0,0,0,0,0,0,0,0,0,0,0,0,0,1,0,0,0,0,0,0,1,0,0,0,0,0,0,0,0,0,1,0,0,0,0,0,0,0,1,1,0,0,0,0,0,0,0,0,False,True,False,False,False,False,False,True,False,False,True,False,False,False,False,False,True,False,0,0,0,0,0,0,0,0,0,0,0,0,0
The Future Diary,0.5463182897862233,0.9647283126787417,0.0501002004008016,0.5691823899371069,0.358974358974359,1,0,0,0,0,0,0,0,0,0,0,0,0,0,0,0,0,0,0,0,0,1,0,0,1,0,0,0,0,0,0,0,0,0,0,0,0,0,0,0,0,0,0,0,0,0,0,0,1,0,0,0,0,0,0,0,0,0,1,0,0,0,0,0,0,1,1,1,0,0,0,0,0,0,0,0,False,True,False,False,False,False,True,False,False,False,False,True,False,False,False,False,True,False,1,0,0,0,0,1,0,1,1,0,0,0,0
KonoSuba: God's Blessing on This Wonderful World!,0.7149643705463185,0.9637750238322211,0.018036072144288578,0.49056603773584906,0.23076923076923075,0,0,1,0,0,0,0,0,0,0,1,0,0,0,0,0,0,0,1,0,0,0,0,0,0,0,0,0,1,0,0,0,0,0,0,0,0,0,0,0,0,0,0,0,0,1,0,0,0,0,0,0,0,0,0,0,0,0,0,0,0,0,0,0,0,0,0,0,0,0,0,0,0,0,0,0,False,True,False,False,False,False,False,True,False,False,True,False,False,False,False,False,True,False,1,0,0,0,1,1,1,0,0,0,1,0,0
Sword Art Online II,0.3871733966745843,0.9628217349857007,0.046092184368737465,0.5849056603773585,0.28205128205128205,1,0,1,0,0,0,0,0,0,0,0,0,0,0,0,0,0,0,1,0,0,0,0,0,0,0,0,0,0,0,0,0,0,0,0,0,0,0,0,0,0,0,0,0,0,0,0,0,0,0,0,0,1,0,0,0,0,0,0,0,0,0,0,0,0,0,0,0,0,0,0,0,1,0,0,0,False,True,False,False,False,False,True,False,False,False,False,True,False,False,False,False,True,False,0,0,0,0,0,0,1,1,0,1,1,0,1
Blue Exorcist,0.5676959619952495,0.9618684461391802,0.04809619238476953,0.5345911949685535,0.358974358974359,1,0,0,0,0,0,0,0,0,0,0,0,0,0,0,0,0,0,0,0,0,0,0,0,0,0,0,0,0,0,0,0,0,0,0,0,0,0,0,0,0,0,1,0,0,0,0,0,0,0,0,0,0,0,1,0,0,0,1,0,0,0,0,0,0,1,0,0,0,0,0,0,0,0,0,0,False,True,False,False,False,False,True,False,False,False,False,True,False,False,False,False,True,False,0,0,0,0,1,0,0,1,0,0,0,0,0
Cowboy Bebop,0.8717339667458435,0.9609151572926596,0.0501002004008016,0.5251572327044025,0.6923076923076923,1,1,0,0,0,1,0,0,0,0,0,0,0,0,0,0,0,0,0,0,0,0,0,0,0,0,0,0,0,0,0,0,0,0,0,0,0,0,0,0,0,0,0,0,0,0,0,0,0,0,0,0,0,0,0,1,0,0,0,0,0,1,0,0,0,0,0,0,0,0,0,0,0,0,0,0,False,True,False,False,False,False,False,False,True,False,False,True,False,False,True,False,False,False,0,0,1,0,1,1,0,0,0,1,1,0,0
Parasyte: The Maxim,0.7695961995249407,0.9599618684461392,0.046092184368737465,0.389937106918239,0.28205128205128205,1,0,0,0,0,0,0,0,0,0,0,0,0,0,0,0,0,0,0,0,0,1,0,0,0,0,1,0,0,0,0,0,0,0,0,0,0,0,0,0,0,0,0,0,0,0,0,0,1,0,0,0,0,0,0,1,1,0,0,0,0,0,0,0,0,0,0,1,0,0,0,0,0,0,0,0,False,True,False,False,False,False,False,True,False,False,False,True,False,False,False,False,True,False,1,0,0,0,0,1,0,0,0,0,0,0,0
Spirited Away,0.8764845605700711,0.9590085795996187,0.0,0.41823899371069184,,0,0,1,0,0,1,0,0,0,0,0,0,0,0,0,0,0,0,1,0,0,0,0,0,0,0,0,0,0,0,0,0,0,0,0,0,0,0,0,0,0,0,1,0,0,0,0,0,0,0,0,0,0,0,0,0,0,0,0,0,0,0,0,0,0,0,0,0,0,0,0,0,0,0,0,0,False,True,False,False,False,False,False,False,True,True,False,False,False,False,False,False,False,False,0,0,0,0,1,0,0,0,0,0,0,0,0
Neon Genesis Evangelion,0.7790973871733966,0.9580552907530981,0.0501002004008016,0.7201257861635221,0.7692307692307692,0,0,0,0,1,1,0,0,0,0,0,0,0,0,1,0,0,0,0,0,0,0,0,0,0,0,0,0,0,0,0,0,0,0,0,0,0,1,0,0,0,0,0,0,0,0,0,0,1,0,0,0,0,0,0,1,0,0,0,0,0,0,0,0,0,0,0,1,0,0,0,0,0,0,0,0,False,True,False,False,False,False,False,True,False,False,False,True,False,False,True,False,False,False,0,0,1,0,1,1,0,0,0,0,1,0,1
Violet Evergarden,0.8574821852731593,0.9571020019065777,0.02404809619238477,0.5031446540880503,0.1794871794871795,0,0,0,0,0,0,0,0,0,0,0,0,0,0,1,0,0,0,0,0,0,0,0,0,0,0,0,0,0,0,0,0,0,0,0,0,0,0,0,0,0,0,0,0,0,0,0,0,0,0,0,0,0,0,0,0,0,0,0,0,0,0,0,0,0,0,0,0,0,0,0,0,0,0,0,0,False,True,False,False,False,False,False,False,True,False,True,False,False,False,False,False,True,False,0,0,1,0,0,0,0,0,0,0,0,0,0
Code Geass: Lelouch of the Rebellion R2,0.9097387173396678,0.9561487130600572,0.04809619238476953,0.39308176100628933,0.4358974358974359,0,0,0,0,0,1,0,0,0,0,0,0,0,0,1,0,0,0,0,0,0,0,0,0,0,0,0,0,0,0,0,0,0,0,0,0,0,1,0,1,0,0,0,0,0,0,0,0,0,0,0,0,0,0,0,1,0,0,0,0,0,0,0,0,1,0,0,0,0,0,0,0,0,0,0,0,False,True,False,False,False,False,False,False,True,False,False,True,False,False,False,True,False,False,1,0,0,0,0,1,1,0,0,0,0,0,1
Rascal Does Not Dream of Bunny Girl Senpai,0.7482185273159148,0.9551954242135368,0.02404809619238477,0.5251572327044025,0.1794871794871795,0,0,0,0,0,0,0,0,0,0,0,0,0,0,1,0,0,0,0,0,0,0,0,0,0,0,0,0,0,0,0,0,0,0,0,0,0,0,0,0,0,0,0,0,0,0,0,0,0,0,0,0,1,0,1,0,0,0,0,0,0,0,0,0,0,1,0,0,0,0,0,0,0,0,0,0,False,True,False,False,False,False,False,True,False,False,True,False,False,False,False,False,True,False,1,0,0,0,1,0,0,0,0,0,0,0,0
Dr. Stone,0.7553444180522566,0.9542421353670162,0.046092184368737465,0.4811320754716981,0.15384615384615385,0,0,1,0,0,0,0,0,0,0,1,0,0,0,0,0,0,0,0,0,0,0,0,0,0,0,0,0,0,0,0,0,0,0,0,0,0,0,0,0,0,0,0,0,0,0,0,0,0,0,0,0,0,0,0,1,0,0,1,0,0,0,0,0,0,0,0,0,0,0,0,0,0,0,0,0,False,True,False,False,False,False,False,True,False,False,False,True,False,False,False,False,True,False,1,0,0,0,0,0,0,0,0,0,0,0,0
Kaguya-sama: Love is War,0.7885985748218529,0.9532888465204957,0.022044088176352703,0.389937106918239,0.15384615384615385,0,0,0,0,0,0,0,0,0,0,1,0,0,0,0,0,0,0,0,0,0,0,0,0,0,0,0,0,0,0,0,0,0,0,0,0,0,0,0,0,0,0,0,0,0,0,0,0,0,0,0,0,1,0,1,0,1,0,0,0,0,0,0,0,0,0,0,0,0,0,0,0,0,0,0,0,False,True,False,False,False,False,False,True,False,False,True,False,False,False,False,False,True,False,1,0,1,1,0,0,0,0,0,0,0,0,0
Death Parade,0.7244655581947745,0.9523355576739753,0.022044088176352703,0.4088050314465409,0.2564102564102564,0,1,0,0,0,0,0,0,0,0,0,0,0,0,1,0,0,0,1,0,0,0,0,0,1,0,0,0,0,0,0,0,0,0,0,0,0,0,0,0,0,0,0,0,0,0,0,0,1,0,0,0,0,0,0,0,0,0,0,0,0,0,0,0,0,0,0,1,0,0,0,0,0,0,0,0,False,False,True,False,False,False,False,True,False,False,True,False,False,False,False,False,True,False,0,0,0,0,0,0,0,0,0,0,0,0,0
Tokyo Ghoul √A,0.463182897862233,0.9513822688274547,0.022044088176352703,0.3584905660377359,0.2564102564102564,1,0,0,0,0,0,0,0,0,0,0,0,0,0,0,0,0,0,1,0,0,1,0,0,0,0,1,0,0,0,0,0,0,0,0,0,0,0,0,0,0,0,0,0,0,0,0,0,1,0,0,0,0,0,0,0,1,0,0,0,0,0,0,0,0,0,0,1,0,0,1,0,0,0,0,0,False,False,True,False,False,False,True,False,False,False,True,False,False,False,False,False,True,False,0,0,1,0,0,0,1,0,0,0,0,0,0
My Hero Academia Season 4,0.6603325415676962,0.9504289799809342,0.04809619238476953,0.4276729559748428,0.15384615384615385,1,0,0,0,0,0,0,0,0,0,0,0,0,0,0,0,0,0,0,0,0,0,0,0,0,0,0,0,0,0,0,0,0,0,0,0,0,0,0,0,0,0,0,0,0,0,0,0,0,0,0,0,0,0,1,0,0,0,1,0,0,0,0,0,1,0,0,0,0,0,0,0,0,0,0,0,False,False,True,False,False,False,False,True,False,False,False,True,False,False,False,False,True,False,0,0,0,0,0,0,0,0,0,1,1,0,0
Black Clover,0.7268408551068886,0.9494756911344138,0.3386773547094188,0.6352201257861636,0.20512820512820512,1,0,0,0,0,0,0,0,0,0,0,0,0,0,0,0,0,0,1,0,0,0,0,0,0,0,0,0,0,0,0,0,0,0,0,0,0,0,0,0,0,0,0,0,0,0,0,0,0,0,0,0,0,0,0,0,0,0,1,0,0,0,0,0,0,0,0,0,0,0,0,0,0,0,0,0,False,False,True,False,False,False,False,True,False,False,False,False,False,True,False,False,True,False,0,1,0,0,0,0,1,1,0,0,0,0,0
One-Punch Man Season 2,0.5843230403800477,0.9485224022878932,0.022044088176352703,0.6006289308176102,0.15384615384615385,1,1,0,0,0,0,0,0,0,0,1,0,0,0,0,0,0,0,0,0,0,0,0,0,0,0,0,0,0,0,0,0,0,0,0,0,0,0,0,0,0,0,0,0,0,1,0,0,0,0,0,0,0,0,0,0,1,0,0,0,0,0,0,0,1,0,0,0,0,0,0,0,0,0,0,0,False,False,True,False,False,False,False,True,False,False,True,False,False,False,False,False,True,False,0,0,1,0,0,0,0,1,1,0,0,0,0
Chainsaw Man,0.7980997624703086,0.9475691134413727,0.022044088176352703,0.5534591194968553,0.07692307692307693,1,0,0,0,0,0,0,0,0,0,0,0,0,0,0,0,0,0,1,0,0,1,0,0,0,0,0,0,0,0,0,0,0,0,0,0,0,0,0,0,0,0,0,0,0,0,0,0,0,0,0,0,0,0,0,0,0,0,1,0,0,0,0,0,0,0,0,0,0,0,1,0,0,0,0,0,False,False,True,False,False,False,False,True,False,False,True,False,False,False,False,False,False,True,0,0,0,0,0,0,0,0,0,0,0,0,0
Fairy Tail,0.5914489311163897,0.9466158245948523,0.3486973947895791,0.46855345911949686,0.41025641025641024,1,0,1,0,0,0,0,0,0,0,0,0,0,0,0,0,0,0,1,0,0,0,0,0,0,0,0,0,0,0,0,0,0,0,0,0,0,0,0,0,0,0,0,0,0,0,0,0,0,0,0,0,0,0,0,0,0,0,1,0,0,0,0,0,0,0,0,0,0,0,0,0,0,0,0,0,False,False,True,False,False,False,False,True,False,False,False,False,False,True,False,True,False,False,0,1,0,0,0,0,1,1,0,0,0,0,0
Kill la Kill,0.7007125890736341,0.9456625357483317,0.046092184368737465,0.5283018867924528,0.3076923076923077,1,0,0,0,0,0,0,0,0,0,1,0,0,0,0,1,0,0,1,0,0,0,0,0,0,0,0,0,0,0,0,0,0,0,0,0,0,0,0,0,0,0,0,0,0,0,0,0,0,0,0,0,0,0,1,0,0,0,0,0,0,0,0,0,0,0,0,0,0,0,1,0,0,0,0,0,False,False,True,False,False,False,False,True,False,False,False,True,False,False,False,False,True,False,1,0,0,0,0,0,0,0,0,1,1,0,0
Spy x Family,0.7980997624703086,0.9447092469018112,0.022044088176352703,0.7169811320754718,0.07692307692307693,1,0,0,0,0,1,0,0,1,0,1,0,0,0,0,0,0,0,0,0,0,0,0,0,0,0,0,0,0,0,0,0,0,0,0,0,0,0,0,0,0,0,0,0,0,0,0,0,0,0,0,0,0,0,0,0,0,0,1,0,0,0,0,0,1,0,0,0,0,0,0,0,0,0,0,0,False,False,True,False,False,False,False,True,False,False,True,False,False,False,False,False,False,True,1,0,1,0,0,0,0,0,0,0,1,0,1
JoJo's Bizarre Adventure (2012),0.6627078384798102,0.9437559580552908,0.0501002004008016,0.5031446540880503,0.3333333333333333,1,0,1,0,0,0,0,0,0,0,0,0,0,0,0,0,0,0,0,0,0,0,0,0,0,1,0,0,0,0,0,0,0,0,0,0,0,0,0,0,0,0,0,0,0,0,0,0,0,0,0,0,0,0,0,0,0,0,1,0,0,0,0,0,0,1,0,0,0,0,0,1,0,0,0,0,False,False,True,False,False,False,False,True,False,False,False,True,False,False,False,False,True,False,0,0,0,0,0,0,0,0,0,0,0,0,0
Darling in the FranXX,0.5035629453681711,0.9428026692087703,0.046092184368737465,0.7201257861635221,0.1794871794871795,0,0,0,0,0,0,0,0,0,0,0,0,0,0,1,0,0,0,0,0,0,0,0,0,0,0,0,0,0,0,0,0,0,0,0,0,0,1,0,0,0,0,0,0,0,0,0,0,0,0,0,0,1,0,0,1,0,0,0,0,0,0,0,0,0,0,0,0,0,0,0,0,0,0,0,0,False,False,True,False,False,False,True,False,False,False,False,True,False,False,False,False,True,False,0,1,0,0,0,1,0,0,0,0,1,1,0
Another,0.5653206650831355,0.9418493803622497,0.022044088176352703,0.5157232704402516,0.3333333333333333,0,0,0,0,0,0,0,0,0,0,0,0,0,0,0,0,0,0,0,0,0,1,0,0,0,0,1,0,0,0,0,0,0,0,0,0,0,0,0,0,0,1,0,0,0,0,0,0,0,0,0,0,0,0,1,0,0,0,0,0,0,0,0,0,0,0,0,0,0,0,0,0,0,0,0,0,False,False,True,False,False,False,True,False,False,False,True,False,False,False,False,False,True,False,1,0,1,0,0,0,0,0,0,1,1,0,0
Vinland Saga,0.8764845605700711,0.9408960915157293,0.046092184368737465,0.6069182389937108,0.15384615384615385,1,0,1,0,0,0,0,0,0,0,0,0,0,0,1,0,0,0,0,0,0,1,0,0,0,1,0,0,0,0,0,0,0,0,0,0,0,0,0,0,0,0,0,0,0,0,0,0,0,0,0,0,0,0,0,0,1,0,0,0,0,0,0,0,0,0,0,0,0,0,0,0,0,0,0,0,False,False,True,False,False,False,False,False,True,False,False,True,False,False,False,False,True,False,0,0,1,0,0,0,0,0,0,1,0,0,0
Soul Eater,0.6579572446555819,0.9399428026692088,0.1002004008016032,0.5754716981132075,0.4358974358974359,1,0,0,0,0,0,0,0,0,0,1,0,0,0,0,0,0,0,1,0,0,0,0,0,0,0,0,0,0,0,0,0,0,0,0,0,0,0,0,0,0,0,0,0,0,0,0,0,0,0,0,0,0,0,1,0,0,0,1,0,0,0,0,0,0,0,0,0,0,0,0,0,0,0,0,0,False,False,True,False,False,False,False,True,False,False,False,False,True,False,False,True,False,False,1,1,0,0,1,0,0,0,0,0,0,0,1
Charlotte,0.6342042755344419,0.9389895138226882,0.02404809619238477,0.4968553459119497,0.2564102564102564,0,0,0,0,0,0,0,0,0,0,0,0,0,0,1,0,0,0,0,0,0,0,0,0,0,0,0,0,0,0,0,0,0,0,0,0,0,0,0,0,0,0,0,0,0,0,0,0,0,0,0,0,0,0,1,0,0,0,0,0,0,0,0,0,1,0,0,0,0,0,0,0,0,0,0,0,False,False,True,False,False,False,False,True,False,False,True,False,False,False,False,False,True,False,1,0,0,0,1,0,0,0,0,0,0,0,1
The Rising of the Shield Hero,0.6745843230403801,0.9380362249761678,0.04809619238476953,0.7641509433962265,0.15384615384615385,1,0,1,0,0,0,0,0,0,0,0,0,0,0,1,0,0,0,1,0,0,0,0,0,0,0,0,0,1,0,0,0,0,0,0,0,0,0,0,0,0,0,0,0,0,0,0,0,0,0,0,0,0,0,0,0,0,0,0,0,0,0,0,0,0,0,0,0,0,0,0,0,0,0,0,0,False,False,True,False,False,False,False,True,False,False,False,True,False,False,False,False,True,False,0,0,0,0,0,1,1,0,0,0,1,0,0
Gurren Lagann,0.8456057007125894,0.9370829361296473,0.052104208416833664,0.5786163522012578,0.4615384615384615,0,0,1,0,0,1,0,0,0,0,0,0,0,0,0,0,0,0,0,0,0,0,0,0,0,0,0,0,0,0,0,0,0,0,0,0,0,1,0,0,0,0,0,0,0,0,0,0,0,0,0,0,0,0,0,1,0,0,0,0,0,0,0,0,0,0,0,0,0,0,0,0,0,0,0,0,False,False,True,False,False,False,False,False,True,False,False,False,True,False,False,True,False,False,0,0,1,0,1,1,0,0,0,1,1,0,0
Food Wars! Shokugeki no Soma,0.7220902612826603,0.9361296472831268,0.046092184368737465,0.5660377358490566,0.2564102564102564,0,0,0,0,0,0,0,0,0,0,0,0,0,0,0,1,0,0,0,0,0,0,1,0,0,0,0,0,0,0,0,0,0,0,0,0,0,0,0,0,0,0,0,0,0,0,0,0,0,0,0,0,0,0,1,0,0,0,1,0,0,0,0,0,0,0,0,0,0,0,0,0,0,0,0,0,False,False,True,False,False,False,False,True,False,False,False,True,False,False,False,False,True,False,1,0,0,0,0,0,0,0,0,0,0,0,0
Psycho-Pass,0.7719714964370548,0.9351763584366063,0.04208416833667334,0.4937106918238994,0.3333333333333333,1,1,0,0,0,0,0,0,0,0,0,0,0,1,0,0,0,0,0,0,0,0,0,0,0,0,0,0,0,0,0,0,0,0,0,0,0,0,0,0,0,1,0,0,0,0,0,0,1,0,0,0,0,0,0,1,0,0,0,0,0,0,0,0,0,0,0,1,0,0,0,0,0,0,0,0,False,False,True,False,False,False,False,True,False,False,False,True,False,False,False,False,True,False,0,0,0,0,0,0,1,0,0,0,0,0,1
Demon Slayer: Kimetsu no Yaiba - The Movie: Mugen Train,0.824228028503563,0.9342230695900858,0.0,0.41509433962264153,,1,0,0,0,0,0,0,0,0,0,0,0,0,0,0,0,0,0,0,0,0,0,0,0,0,1,0,0,0,0,0,0,0,0,0,0,0,0,0,0,0,0,0,0,0,0,0,0,0,0,0,0,0,0,0,0,0,0,1,0,0,0,0,0,0,1,0,0,0,0,0,0,0,0,0,0,False,False,True,False,False,False,False,False,True,True,False,False,False,False,False,False,False,False,0,0,0,0,1,0,1,0,0,0,0,0,0
Overlord,0.6698337292161523,0.9332697807435653,0.02404809619238477,0.3584905660377359,0.2564102564102564,1,0,1,0,0,0,0,0,0,0,0,0,0,0,0,0,0,0,1,0,0,0,0,0,0,0,0,0,1,0,0,0,0,0,0,0,0,0,0,0,0,0,0,0,0,0,0,0,0,0,0,0,0,0,0,0,0,0,0,0,0,0,0,0,0,0,0,0,0,0,0,0,0,0,0,0,False,False,True,False,False,False,False,True,False,False,True,False,False,False,False,False,True,False,0,1,0,0,0,0,0,0,0,0,0,0,0
Anohana: The Flower We Saw That Day,0.7624703087885984,0.9323164918970448,0.02004008016032064,0.44339622641509435,0.358974358974359,0,0,0,0,0,0,0,0,0,0,0,0,0,0,1,0,0,0,0,0,0,0,0,0,0,0,0,0,0,0,0,0,0,0,0,0,0,0,0,0,0,0,0,0,0,0,0,0,0,0,0,0,0,0,0,0,0,0,0,0,0,0,0,0,0,1,0,0,0,0,0,0,0,0,0,0,False,False,True,False,False,False,False,True,False,False,True,False,False,False,False,False,True,False,1,0,0,0,1,0,0,0,0,0,0,0,1
Mob Psycho 100 II,0.8788598574821853,0.9313632030505243,0.02404809619238477,0.339622641509434,0.15384615384615385,1,0,0,0,0,0,0,0,0,0,1,0,0,0,0,0,0,0,0,0,0,0,0,0,0,0,0,0,0,0,0,0,0,0,0,0,0,0,0,0,0,0,0,0,0,0,0,0,0,0,0,0,0,0,0,0,0,0,0,0,0,0,0,0,0,1,0,0,0,0,0,0,0,0,0,0,False,False,True,False,False,False,False,False,True,False,True,False,False,False,False,False,True,False,0,0,0,0,1,0,1,0,0,0,0,0,0
Demon Slayer: Kimetsu no Yaiba Entertainment District Arc,0.8622327790973874,0.9304099142040038,0.02004008016032064,0.30503144654088055,0.07692307692307693,1,0,0,0,0,0,0,0,0,0,0,0,0,0,0,0,0,0,0,0,0,0,0,0,0,1,0,0,0,0,0,0,0,0,0,0,0,0,0,0,0,0,0,0,0,0,0,0,0,0,0,0,0,0,0,0,0,0,1,0,0,0,0,0,0,1,0,0,0,0,0,0,0,0,0,0,False,False,True,False,False,False,False,False,True,False,True,False,False,False,False,False,False,True,0,0,1,0,1,0,0,0,0,0,1,0,0
The Devil is a Part-Timer!,0.6247030878859858,0.9294566253574833,0.02404809619238477,0.6100628930817611,0.3076923076923077,0,0,0,0,0,0,0,0,0,0,1,0,0,0,0,0,0,0,0,0,0,0,0,0,0,0,0,0,0,0,0,0,0,0,0,0,0,0,0,0,0,0,0,0,0,0,0,0,0,0,0,0,0,0,0,0,0,0,0,0,0,0,0,0,0,1,0,0,0,0,0,0,0,0,0,0,False,False,True,False,False,False,False,True,False,False,True,False,False,False,False,False,True,False,0,1,0,0,1,0,1,0,1,0,0,0,0
Is It Wrong to Try to Pick Up Girls in a Dungeon?,0.5819477434679337,0.9285033365109628,0.02404809619238477,0.449685534591195,0.2564102564102564,1,0,1,0,0,0,0,0,0,0,0,0,0,0,0,0,0,0,1,0,0,0,0,0,0,0,0,0,0,0,0,0,0,0,0,0,0,0,0,0,0,0,0,0,0,0,0,0,0,0,0,0,0,0,0,0,0,0,0,0,0,0,0,0,0,0,0,0,0,0,0,0,0,0,0,0,False,False,True,False,False,False,False,True,False,False,True,False,False,False,False,False,True,False,0,0,0,0,0,0,1,0,0,0,0,0,0
KonoSuba: God's Blessing on This Wonderful World! 2,0.7505938242280286,0.9275500476644423,0.018036072144288578,0.6100628930817611,0.20512820512820512,0,0,1,0,0,0,0,0,0,0,1,0,0,0,0,0,0,0,1,0,0,0,0,0,0,0,0,0,1,0,0,0,0,0,0,0,0,0,0,0,0,0,0,0,0,1,0,0,0,0,0,0,0,0,0,0,0,0,0,0,0,0,0,0,0,0,0,0,0,0,0,0,0,0,0,0,False,False,True,False,False,False,False,True,False,False,True,False,False,False,False,False,True,False,0,1,1,0,1,0,0,0,0,0,0,0,0
That Time I Got Reincarnated as a Slime,0.7244655581947745,0.9265967588179218,0.046092184368737465,0.669811320754717,0.1794871794871795,1,0,0,0,0,0,0,0,0,0,1,0,0,0,0,0,0,0,1,0,0,0,0,0,0,0,0,0,1,0,0,0,0,0,0,0,0,0,0,0,0,0,0,0,0,0,0,0,0,0,1,0,0,0,0,0,0,0,1,0,0,0,0,0,0,0,0,0,0,0,0,0,0,0,0,0,False,False,True,False,False,False,False,True,False,False,False,True,False,False,False,False,True,False,0,0,0,0,0,0,1,0,0,0,0,0,1
Kakegurui,0.508313539192399,0.9256434699714013,0.022044088176352703,0.46855345911949686,0.20512820512820512,0,0,0,0,0,0,0,0,0,0,0,0,0,0,1,0,0,0,0,0,0,0,0,0,1,0,0,0,0,0,0,0,0,0,0,0,0,0,0,0,0,1,0,0,0,0,0,0,1,0,0,0,0,0,1,0,0,0,1,0,0,0,0,1,0,0,0,1,0,0,0,0,0,0,0,0,False,False,True,False,False,False,True,False,False,False,True,False,False,False,False,False,True,False,1,0,0,0,0,0,0,0,0,0,0,0,0
Elfen Lied,0.5653206650831355,0.9246901811248809,0.02404809619238477,0.44339622641509435,0.5384615384615384,1,0,0,0,0,0,0,0,0,0,0,0,0,0,1,0,0,0,0,0,0,1,0,0,0,0,1,0,0,0,0,0,0,0,0,0,0,0,0,0,0,0,0,0,0,0,0,0,1,0,0,0,1,0,0,0,1,0,0,0,0,0,0,0,1,0,0,1,0,0,0,0,0,0,0,0,False,False,True,False,False,False,True,False,False,False,True,False,False,False,False,True,False,False,1,0,1,0,0,0,0,0,0,1,0,0,1
Highschool of the Dead,0.47030878859857483,0.9237368922783603,0.022044088176352703,0.4748427672955975,0.3846153846153846,1,0,0,0,0,0,0,0,0,0,0,0,0,0,0,1,0,0,0,0,0,1,0,0,0,0,1,0,0,0,0,0,0,0,0,0,0,0,0,0,0,0,0,0,0,0,0,0,0,0,0,0,0,0,0,0,0,0,1,0,0,0,0,0,0,0,1,1,0,0,0,0,0,0,0,0,False,False,True,False,False,False,True,False,False,False,True,False,False,False,False,True,False,False,1,0,0,0,0,0,0,0,0,0,1,0,0
Fate/Zero,0.7577197149643706,0.9227836034318398,0.02404809619238477,0.5660377358490566,0.358974358974359,1,0,0,0,0,0,0,0,0,0,0,0,0,0,0,0,0,0,1,0,0,0,0,0,0,0,0,0,0,0,0,0,0,0,0,0,0,0,0,0,0,0,0,0,0,0,0,0,0,0,0,0,0,0,0,0,0,0,0,0,0,0,0,0,0,0,0,0,0,0,1,0,0,0,0,0,False,False,True,False,False,False,False,True,False,False,True,False,False,False,False,False,True,False,0,0,1,0,0,0,0,0,0,0,1,0,0
Horimiya,0.7387173396674585,0.9218303145853194,0.02404809619238477,0.44654088050314467,0.10256410256410256,0,0,0,0,0,0,0,0,0,0,0,0,0,0,0,0,0,0,0,0,0,0,0,0,0,0,0,0,0,0,0,0,0,0,0,0,0,0,0,0,0,0,0,0,0,0,0,0,0,0,0,0,1,0,1,0,0,0,1,0,0,0,0,0,0,0,0,0,0,0,0,0,0,0,0,0,False,False,True,False,False,False,False,True,False,False,True,False,False,False,False,False,False,True,1,0,0,0,0,0,0,0,0,0,0,0,1
Fullmetal Alchemist,0.7197149643705463,0.9208770257387988,0.1002004008016032,0.5628930817610063,0.5641025641025641,1,0,1,0,0,1,0,0,0,0,0,0,0,0,1,0,0,0,1,0,0,0,0,0,0,0,0,0,0,0,0,0,0,0,0,0,0,0,0,1,0,0,0,0,0,0,0,0,0,0,0,0,0,0,0,0,0,0,1,0,0,0,0,0,0,0,0,0,0,0,0,0,0,0,0,0,False,False,True,False,False,False,False,True,False,False,False,False,True,False,False,True,False,False,0,0,1,0,0,0,0,0,0,0,0,0,1
Noragami Aragoto,0.7268408551068886,0.9199237368922784,0.02404809619238477,0.389937106918239,0.2564102564102564,1,0,0,0,0,0,0,0,0,0,0,0,0,0,0,0,0,0,0,0,0,0,0,0,0,0,0,0,0,0,0,0,0,0,0,0,0,0,0,0,0,0,1,0,0,0,0,0,0,0,0,0,0,0,0,0,0,0,1,0,0,0,0,0,0,1,0,0,0,0,0,0,0,0,0,0,False,False,True,False,False,False,False,True,False,False,True,False,False,False,False,False,True,False,1,0,1,0,0,0,0,0,0,0,0,0,0
Assassination Classroom Second Season,0.8052256532066513,0.9189704480457579,0.04809619238476953,0.5125786163522013,0.23076923076923075,1,0,0,0,0,0,0,0,0,0,1,0,0,0,0,0,0,0,0,0,0,0,0,0,0,0,0,0,0,0,0,0,0,0,0,0,0,0,0,0,0,0,0,0,0,0,0,0,0,0,0,0,0,0,1,0,0,0,1,0,0,0,0,0,0,0,0,0,0,0,0,0,0,0,0,0,False,False,True,False,False,False,False,True,False,False,False,True,False,False,False,False,True,False,1,0,0,0,0,0,0,0,0,0,1,0,0
Haikyu!! 2nd Season,0.840855106888361,0.9180171591992373,0.04809619238476953,0.49056603773584906,0.2564102564102564,0,0,0,0,0,0,0,0,0,0,0,0,0,0,0,0,0,0,0,0,0,0,0,0,0,0,0,0,0,0,0,0,0,0,0,0,0,0,0,0,0,0,0,0,0,0,0,0,0,0,0,0,0,0,1,0,0,0,1,0,0,0,1,0,0,0,0,0,1,0,0,0,0,0,0,0,False,False,True,False,False,False,False,False,True,False,False,True,False,False,False,False,True,False,1,0,0,0,0,0,0,1,0,0,0,0,0
My Teen Romantic Comedy SNAFU,0.6935866983372923,0.9170638703527169,0.02404809619238477,0.4339622641509434,0.3076923076923077,0,0,0,0,0,0,0,0,0,0,1,0,0,0,0,0,0,0,0,0,0,0,0,0,0,0,0,0,0,0,0,0,1,0,0,0,0,0,0,0,0,0,0,0,0,0,0,0,0,0,0,0,1,0,1,0,0,0,0,0,0,0,0,0,0,0,0,0,0,0,0,0,0,0,0,0,False,False,True,False,False,False,False,True,False,False,True,False,False,False,False,False,True,False,1,0,0,0,0,0,0,0,0,0,0,0,0
Bungo Stray Dogs,0.6460807600950118,0.9161105815061964,0.022044088176352703,0.39937106918238996,0.23076923076923075,1,1,0,0,0,0,0,0,0,0,0,0,0,1,0,0,0,0,0,0,0,0,0,0,0,0,0,0,0,0,0,0,0,0,0,0,0,0,0,0,0,1,0,1,0,0,0,0,0,0,0,0,0,0,0,0,1,0,0,0,0,0,0,0,1,0,0,0,0,0,0,0,0,0,0,0,False,False,True,False,False,False,False,True,False,False,True,False,False,False,False,False,True,False,0,0,1,0,1,0,0,0,0,1,1,0,0
Mushoku Tensei: Jobless Reincarnation,0.7743467933491688,0.9151572926596758,0.02004008016032064,0.4968553459119497,0.10256410256410256,0,0,1,0,0,0,0,0,0,0,0,0,0,0,1,1,0,0,1,0,0,0,0,0,0,0,0,0,1,0,0,0,0,0,0,0,0,0,0,0,0,0,0,0,0,0,0,0,0,0,1,0,0,0,0,0,0,0,0,0,0,0,0,0,0,0,0,0,0,0,0,0,0,0,0,0,False,False,True,False,False,False,False,True,False,False,True,False,False,False,False,False,False,True,0,1,0,0,0,0,1,0,0,0,0,0,1
Made in Abyss,0.8432304038004752,0.9142040038131554,0.02404809619238477,0.6509433962264152,0.20512820512820512,0,0,1,0,0,0,0,0,0,0,0,0,0,0,1,0,0,0,1,0,0,1,0,0,0,0,0,0,0,0,0,0,0,0,0,0,0,0,0,0,0,1,0,0,0,0,0,0,0,0,0,0,0,0,0,1,0,0,0,0,0,0,0,0,0,0,0,0,0,0,0,0,0,0,0,0,False,False,True,False,False,False,False,False,True,False,True,False,False,False,False,False,True,False,0,0,0,0,0,1,0,0,0,0,0,0,0
High School DxD,0.5320665083135394,0.9132507149666349,0.022044088176352703,0.46540880503144655,0.3333333333333333,1,0,0,0,0,0,0,0,0,0,1,0,0,0,0,1,0,0,0,0,0,0,0,1,0,0,0,0,0,0,0,0,0,0,0,0,0,0,0,0,0,0,1,0,0,0,0,0,0,0,0,0,1,0,1,0,0,0,0,0,0,0,0,0,0,1,0,0,0,0,0,0,0,0,0,0,False,False,True,False,False,False,True,False,False,False,True,False,False,False,False,False,True,False,1,0,0,0,0,0,0,0,0,0,0,0,0
Fire Force,0.6270783847980999,0.9122974261201144,0.046092184368737465,0.7044025157232705,0.15384615384615385,1,0,0,0,0,0,0,0,0,0,0,0,0,0,0,0,0,0,1,0,0,0,0,0,0,0,0,0,0,0,0,0,0,0,0,0,0,0,0,0,0,0,0,0,0,0,0,0,0,0,0,0,0,0,0,1,0,0,1,0,0,0,0,0,0,0,0,0,0,0,1,0,0,0,0,0,False,False,True,False,False,False,False,True,False,False,False,True,False,False,False,False,True,False,0,0,0,0,0,0,0,0,0,0,1,0,0
Attack on Titan: Final Season Part 2,0.8764845605700711,0.9113441372735939,0.022044088176352703,0.4968553459119497,0.07692307692307693,1,0,0,0,0,0,0,0,0,0,0,0,0,0,1,0,0,0,0,0,0,1,0,0,0,0,0,0,0,0,0,0,0,0,0,0,0,0,0,1,0,0,0,0,0,0,0,0,0,0,0,0,0,0,0,0,0,0,1,0,0,0,0,0,0,0,1,1,0,0,0,0,0,0,0,0,False,False,True,False,False,False,False,False,True,False,True,False,False,False,False,False,False,True,0,0,1,0,0,0,0,0,0,1,0,0,0
Clannad,0.6912114014251782,0.9103908484270734,0.044088176352705406,0.6383647798742139,0.4615384615384615,0,0,0,0,0,0,0,0,0,0,0,0,0,0,1,0,0,0,0,0,0,0,0,0,0,0,0,0,0,0,0,0,0,0,0,0,0,0,0,0,0,0,0,0,0,0,0,0,0,0,0,0,1,0,1,0,0,0,0,0,0,0,0,0,0,0,0,0,0,0,0,0,0,0,0,0,False,False,True,False,False,False,False,True,False,False,False,True,False,False,False,True,False,False,1,0,1,0,0,0,0,0,0,0,0,0,0
Durarara!!,0.7149643705463185,0.909437559580553,0.046092184368737465,0.3679245283018868,0.3846153846153846,1,0,0,0,0,0,0,0,0,0,0,0,0,0,0,0,0,0,0,0,0,0,0,0,0,0,0,0,0,0,0,0,0,0,0,0,0,0,0,0,0,1,0,0,0,0,0,0,0,0,0,0,0,0,0,0,0,0,0,0,0,0,0,0,0,1,0,0,0,0,0,0,0,0,0,0,False,False,True,False,False,False,False,True,False,False,False,True,False,False,False,True,False,False,0,0,1,0,1,0,0,0,0,0,0,0,0
Bakemonogatari,0.7695961995249407,0.9084842707340324,0.028056112224448898,0.449685534591195,0.41025641025641024,0,0,0,0,0,0,0,0,0,0,0,0,0,0,0,0,0,0,0,0,0,0,0,0,0,0,0,0,0,0,0,0,0,0,0,0,0,0,0,0,0,1,0,0,0,0,0,0,0,0,0,0,1,0,0,0,0,0,0,0,0,0,0,0,0,1,0,0,0,0,0,1,0,0,0,0,False,False,True,False,False,False,False,True,False,False,False,True,False,False,False,True,False,False,1,0,0,0,1,0,0,0,0,0,0,0,0
Kaguya-sama: Love is War?,0.840855106888361,0.9075309818875119,0.022044088176352703,0.3459119496855346,0.1282051282051282,0,0,0,0,0,0,0,0,0,0,1,0,0,0,0,0,0,0,0,0,0,0,0,0,0,0,0,0,0,0,0,0,0,0,0,0,0,0,0,0,0,0,0,0,0,0,0,0,0,0,0,0,1,0,1,0,1,0,0,0,0,0,0,0,0,0,0,0,0,0,0,0,0,0,0,0,False,False,True,False,False,False,False,False,True,False,True,False,False,False,False,False,True,False,1,0,0,0,0,0,0,0,0,0,0,0,0
Hyouka,0.7054631828978626,0.9065776930409915,0.04208416833667334,0.41823899371069184,0.3333333333333333,0,0,0,0,0,0,0,0,0,0,0,0,0,0,0,0,0,0,0,0,0,0,0,0,0,0,0,0,0,0,0,0,0,0,0,0,0,0,0,0,0,1,0,0,0,0,0,0,0,0,0,0,0,0,1,0,0,0,0,0,1,0,0,0,0,0,0,0,0,0,0,0,0,0,0,0,False,False,True,False,False,False,False,True,False,False,False,True,False,False,False,False,True,False,1,0,0,0,0,0,0,0,0,0,0,0,0
Howl's Moving Castle,0.8527315914489313,0.9056244041944709,0.0,0.5754716981132075,,0,0,1,0,0,1,0,0,0,0,0,0,0,0,1,0,0,0,1,0,0,0,0,0,0,0,0,0,0,0,0,0,0,0,0,0,0,0,0,0,0,0,0,0,0,0,0,0,0,0,0,0,1,0,0,0,0,0,0,0,0,0,0,0,0,0,0,0,0,0,0,0,0,0,0,0,False,False,True,False,False,False,False,False,True,True,False,False,False,False,False,False,False,False,0,1,1,0,1,1,1,1,0,0,1,0,0
"Love, Chunibyo & Other Delusions!",0.6223277909738718,0.9046711153479504,0.022044088176352703,0.6477987421383649,0.3333333333333333,0,0,0,0,0,0,0,0,0,0,1,0,0,0,0,0,0,0,0,0,0,0,0,0,0,0,0,0,0,0,0,0,0,0,0,0,0,0,0,0,0,0,0,0,0,0,0,0,0,0,0,0,1,0,1,0,0,0,0,0,0,0,0,0,0,0,0,0,0,0,0,0,0,0,0,0,False,False,False,True,False,False,False,True,False,False,True,False,False,False,False,False,True,False,1,0,1,0,0,0,0,0,1,0,0,0,0
Seraph of the End: Vampire Reign,0.5724465558194776,0.90371782650143,0.022044088176352703,0.5660377358490566,0.2564102564102564,1,0,0,0,0,0,0,0,0,0,0,0,0,0,1,0,0,0,1,0,0,0,0,0,0,0,0,0,0,0,0,0,0,0,0,0,0,0,0,1,0,0,0,0,0,0,0,0,0,0,0,0,0,0,0,0,0,0,1,0,0,0,0,0,0,0,0,0,0,0,0,1,0,0,0,0,False,False,False,True,False,False,True,False,False,False,True,False,False,False,False,False,True,False,0,0,1,0,1,0,0,0,0,0,0,0,0
Classroom of the Elite,0.6555819477434679,0.9027645376549094,0.022044088176352703,0.5314465408805031,0.20512820512820512,0,0,0,0,0,0,0,0,0,0,0,0,0,0,1,0,0,0,0,0,0,0,0,0,0,0,0,0,0,0,0,0,0,0,0,0,0,0,0,0,0,0,0,0,0,0,0,0,1,0,0,0,0,0,1,0,0,0,0,0,0,0,0,0,0,0,0,1,0,0,0,0,0,0,0,0,False,False,False,True,False,False,False,True,False,False,True,False,False,False,False,False,True,False,1,0,0,0,0,0,0,0,0,0,0,0,0
Puella Magi Madoka Magica,0.7838479809976251,0.9018112488083889,0.022044088176352703,0.3616352201257862,0.358974358974359,0,0,0,0,0,1,0,0,0,0,0,0,0,0,1,0,0,0,0,0,0,0,0,0,0,0,0,0,0,0,0,0,0,0,0,1,0,0,0,0,0,0,0,0,0,0,0,0,1,0,0,0,0,0,0,0,0,0,0,0,0,0,0,0,0,0,0,1,0,0,0,0,0,0,0,0,False,False,False,True,False,False,False,True,False,False,True,False,False,False,False,False,True,False,1,1,0,0,0,0,0,0,0,0,0,0,0
Tokyo Revengers,0.6555819477434679,0.9008579599618685,0.046092184368737465,0.6540880503144655,0.10256410256410256,1,0,0,0,0,0,0,0,0,0,0,0,1,0,1,0,0,0,0,0,0,0,0,0,0,0,0,0,0,0,0,0,0,0,0,0,0,0,0,0,0,0,0,0,0,0,0,0,0,0,0,0,0,0,0,0,0,0,1,0,0,0,0,0,0,0,0,0,0,1,0,0,0,0,0,0,False,False,False,True,False,False,False,True,False,False,False,True,False,False,False,False,False,True,1,0,1,0,0,1,0,0,0,1,0,0,0
Princess Mononoke,0.8527315914489313,0.899904671115348,0.0,0.4968553459119497,,1,0,1,0,0,1,0,0,0,0,0,0,0,0,0,0,0,0,1,0,0,0,0,0,0,0,0,0,0,0,0,0,0,0,0,0,0,0,0,0,0,0,0,0,0,0,0,0,0,0,0,0,0,0,0,0,0,0,0,0,0,0,0,0,0,0,0,0,0,0,0,0,0,0,0,0,False,False,False,True,False,False,False,False,True,True,False,False,False,False,False,False,False,False,0,0,1,0,1,0,0,0,0,0,1,0,0
Dororo,0.7553444180522566,0.8989513822688274,0.046092184368737465,0.5691823899371069,0.15384615384615385,1,0,1,0,0,0,0,0,0,0,0,0,0,0,0,0,0,0,1,0,0,0,0,0,0,1,0,0,0,0,0,0,0,0,0,0,0,0,0,0,0,0,1,0,0,0,0,0,0,0,0,0,0,1,0,0,0,0,1,0,0,0,0,0,0,0,0,0,0,0,0,0,0,0,0,0,False,False,False,True,False,False,False,True,False,False,False,True,False,False,False,False,True,False,0,0,0,0,1,0,0,0,0,0,0,0,0
JoJo's Bizarre Adventure: Stardust Crusaders,0.7197149643705463,0.897998093422307,0.046092184368737465,0.6069182389937108,0.28205128205128205,1,0,1,0,0,0,0,0,0,0,0,0,0,0,0,0,0,0,0,0,0,0,0,0,0,0,0,0,0,0,0,0,0,0,0,0,0,0,0,0,0,0,0,0,0,0,0,0,0,0,0,0,0,0,0,0,0,0,1,0,0,0,0,0,1,0,0,0,0,0,0,0,0,0,0,0,False,False,False,True,False,False,False,True,False,False,False,True,False,False,False,False,True,False,0,0,1,0,1,0,0,0,0,1,0,0,0
Samurai Champloo,0.8171021377672207,0.8970448045757865,0.0501002004008016,0.8176100628930818,0.5384615384615384,1,0,1,0,0,0,0,0,0,0,1,0,0,0,0,0,0,0,0,0,0,0,0,0,0,1,0,0,0,0,0,0,0,0,0,0,0,0,0,0,0,0,0,0,0,0,0,0,0,0,0,0,0,1,0,0,0,0,0,0,0,0,0,0,0,0,0,0,0,0,0,0,0,0,0,0,False,False,False,True,False,False,False,False,True,False,False,True,False,False,False,True,False,False,0,0,1,0,0,0,1,0,0,1,0,1,0
Maid Sama!,0.6912114014251782,0.8960915157292659,0.0501002004008016,0.5817610062893082,0.3846153846153846,0,0,0,0,0,0,0,0,0,0,1,0,0,0,0,0,0,0,0,0,0,0,0,0,0,0,0,0,0,0,0,0,0,0,0,0,0,0,0,0,0,0,0,0,0,0,0,0,0,0,0,0,1,0,1,0,0,1,0,0,0,0,0,0,0,0,0,0,0,0,0,0,0,0,0,0,False,False,False,True,False,False,False,True,False,False,False,True,False,False,False,True,False,False,1,0,0,0,1,0,0,0,1,0,0,0,0
My Hero Academia Season 5,0.5391923990498813,0.8951382268827455,0.04809619238476953,0.6069182389937108,0.10256410256410256,1,0,0,0,0,0,0,0,0,0,0,0,0,0,0,0,0,0,0,0,0,0,0,0,0,0,0,0,0,0,0,0,0,0,0,0,0,0,0,0,0,0,0,0,0,0,0,0,0,0,0,0,0,0,1,0,0,0,1,0,0,0,0,0,1,0,0,0,0,0,0,0,0,0,0,0,False,False,False,True,False,False,True,False,False,False,False,True,False,False,False,False,False,True,1,0,1,0,0,0,0,1,0,0,0,0,0
Miss Kobayashi's Dragon Maid,0.672209026128266,0.894184938036225,0.02404809619238477,0.8113207547169812,0.20512820512820512,0,0,0,0,0,0,0,0,0,0,0,0,0,0,0,0,0,0,0,0,0,0,0,0,0,0,0,0,0,0,0,0,0,0,0,0,0,0,0,0,0,0,0,0,0,0,0,0,0,0,0,0,0,0,0,0,0,0,0,0,1,0,0,0,0,1,0,0,0,0,0,0,0,0,0,0,False,False,False,True,False,False,False,True,False,False,True,False,False,False,False,False,True,False,0,0,0,0,0,0,1,0,0,0,0,0,0
The Pet Girl of Sakurasou,0.7030878859857481,0.8932316491897044,0.046092184368737465,0.7106918238993711,0.3333333333333333,0,0,0,0,0,0,0,0,0,0,0,0,0,0,1,0,0,0,0,0,0,0,0,0,0,0,0,0,0,0,0,0,0,0,0,0,0,0,0,0,0,0,0,0,0,0,0,0,0,0,0,0,1,0,1,0,0,0,0,0,0,0,0,0,0,0,0,0,0,0,0,0,0,0,0,0,False,False,False,True,False,False,False,True,False,False,False,True,False,False,False,False,True,False,1,0,1,0,0,0,0,0,0,0,0,0,0
Dragon Ball Z,0.7410926365795725,0.892278360343184,0.5811623246492985,0.5345911949685535,0.923076923076923,1,0,1,0,0,0,0,0,0,0,1,0,0,0,0,0,0,0,1,0,0,0,0,0,0,0,0,0,0,0,0,0,0,0,0,0,1,0,0,0,0,0,0,0,0,0,0,0,0,0,0,0,0,0,0,0,0,0,1,0,0,0,0,0,0,0,0,0,0,0,0,0,0,0,0,0,False,False,False,True,False,False,False,True,False,False,False,False,False,True,True,False,False,False,0,1,1,0,0,0,1,1,0,0,0,0,0
Deadman Wonderland,0.486935866983373,0.8913250714966635,0.022044088176352703,0.5157232704402516,0.358974358974359,1,0,0,0,0,0,0,0,0,0,0,0,0,0,0,0,0,0,0,0,0,1,0,0,1,0,0,0,0,0,0,0,0,0,0,0,0,0,0,0,0,0,0,0,0,0,0,0,0,0,0,0,0,0,0,1,0,0,1,0,0,0,0,0,0,1,1,1,0,0,0,0,0,0,0,0,False,False,False,True,False,False,True,False,False,False,True,False,False,False,False,False,True,False,0,0,0,0,0,0,0,0,0,0,1,0,0
Haikyu!! 3rd Season,0.8764845605700711,0.8903717826501429,0.018036072144288578,0.4088050314465409,0.23076923076923075,0,0,0,0,0,0,0,0,0,0,0,0,0,0,0,0,0,0,0,0,0,0,0,0,0,0,0,0,0,0,0,0,0,0,0,0,0,0,0,0,0,0,0,0,0,0,0,0,0,0,0,0,0,0,1,0,0,0,1,0,0,0,1,0,0,0,0,0,1,0,0,0,0,0,0,0,False,False,False,True,False,False,False,False,True,False,True,False,False,False,False,False,True,False,1,0,0,0,0,0,0,1,0,0,0,0,0
Kuroko's Basketball,0.7054631828978626,0.8894184938036225,0.04809619238476953,0.6352201257861636,0.3333333333333333,0,0,0,0,0,0,0,0,0,0,0,0,0,0,0,0,0,0,0,0,0,0,0,0,0,0,0,0,0,0,0,0,0,0,0,0,0,0,0,0,0,0,0,0,0,0,0,0,0,0,0,0,0,0,1,0,0,0,1,0,0,0,1,0,0,0,0,0,1,0,0,0,0,0,0,0,False,False,False,True,False,False,False,True,False,False,False,True,False,False,False,False,True,False,1,0,0,0,0,0,0,1,0,0,0,0,0
Tokyo Ghoul:re,0.30641330166270797,0.888465204957102,0.022044088176352703,0.4811320754716981,0.1794871794871795,1,0,0,0,0,0,0,0,0,0,0,0,0,0,0,0,0,0,1,0,0,1,0,0,0,0,1,0,0,0,0,0,0,0,0,0,0,0,0,0,0,0,0,0,0,0,0,0,1,0,0,0,0,0,0,0,1,0,0,0,0,0,0,0,0,0,0,1,0,0,1,0,0,0,0,0,False,False,False,True,False,True,False,False,False,False,True,False,False,False,False,False,True,False,0,0,0,0,0,0,0,1,0,0,1,0,1
Monster,0.9049881235154398,0.8875119161105816,0.14629258517034066,0.7201257861635221,0.5384615384615384,0,1,0,0,0,0,0,0,0,0,0,0,0,0,1,0,0,0,0,0,0,0,0,0,0,0,0,0,0,0,0,0,0,0,0,0,0,0,0,0,0,1,0,0,0,0,0,0,1,0,0,0,0,0,0,0,1,0,0,0,0,0,0,0,0,0,0,1,0,0,0,0,0,0,0,0,False,False,False,True,False,False,False,False,True,False,False,False,False,True,False,True,False,False,0,1,0,0,0,0,1,0,0,0,0,1,0
Jujutsu Kaisen Season 2,0.8669833729216154,0.886558627264061,0.044088176352705406,0.619496855345912,0.05128205128205128,1,0,0,0,0,0,0,0,0,0,0,0,0,0,0,0,0,0,0,0,0,1,0,0,0,0,0,0,0,0,0,0,0,0,0,0,0,0,0,0,0,0,0,0,0,0,0,0,0,0,0,0,0,0,1,0,0,0,1,0,0,0,0,0,0,1,0,0,0,0,0,0,0,0,0,0,False,False,False,True,False,False,False,False,True,False,False,True,False,False,False,False,False,True,1,1,1,0,1,0,0,1,0,0,1,0,0
Guilty Crown,0.5486935866983373,0.8856053384175405,0.04208416833667334,0.6635220125786164,0.358974358974359,0,0,0,0,0,0,0,0,0,0,0,0,0,0,1,0,0,0,0,0,0,0,0,0,0,0,0,0,0,0,0,0,0,0,0,0,0,1,0,0,0,0,0,0,0,0,0,0,0,0,0,0,0,0,0,1,0,0,0,0,0,0,0,0,1,0,0,0,0,0,0,0,0,0,0,0,False,False,False,True,False,False,True,False,False,False,False,True,False,False,False,False,True,False,1,0,1,0,0,0,0,0,0,0,0,0,0
Clannad: After Story,0.9144893111638954,0.8846520495710201,0.046092184368737465,0.33018867924528306,0.4358974358974359,0,0,0,0,0,0,0,0,0,0,0,0,0,0,1,0,0,0,0,0,0,0,0,0,0,0,0,0,0,0,0,0,0,0,0,0,0,0,0,0,0,0,0,0,0,0,0,0,0,0,0,0,1,0,0,0,0,0,0,0,0,0,0,0,0,0,0,0,0,0,0,0,0,0,0,0,False,False,False,True,False,False,False,False,True,False,False,True,False,False,False,True,False,False,1,0,1,1,0,1,0,0,0,0,0,0,1
Black Butler,0.6104513064133019,0.8836987607244995,0.046092184368737465,0.4937106918238994,0.4358974358974359,1,0,0,0,0,0,0,0,0,0,0,0,0,0,0,0,0,0,0,0,0,0,0,0,0,1,0,0,0,0,0,0,0,0,0,0,0,0,0,0,0,1,1,0,0,0,0,0,0,0,0,0,0,0,0,0,0,0,1,0,0,0,0,0,0,1,0,0,0,0,0,0,0,0,0,0,False,False,False,True,False,False,False,True,False,False,False,True,False,False,False,True,False,False,0,0,0,0,1,0,0,0,0,1,0,0,0
My Dress-Up Darling,0.7268408551068886,0.882745471877979,0.022044088176352703,0.5188679245283019,0.07692307692307693,0,0,0,0,0,0,0,0,0,0,0,0,0,0,0,0,0,0,0,0,0,0,0,0,0,0,0,0,0,0,0,0,0,0,0,0,0,0,0,0,0,0,0,0,1,0,0,0,0,0,0,0,1,0,1,0,1,0,0,0,0,0,0,0,0,0,0,0,0,0,0,0,0,0,0,0,False,False,False,True,False,False,False,True,False,False,True,False,False,False,False,False,False,True,1,0,0,0,0,0,0,0,0,0,0,0,0
Terror in Resonance,0.7125890736342044,0.8817921830314586,0.02004008016032064,0.5471698113207547,0.28205128205128205,0,0,0,0,0,0,0,0,0,0,0,0,0,1,0,0,0,0,0,0,0,0,0,0,0,0,0,0,0,0,0,0,0,0,0,0,0,0,0,0,0,1,0,0,0,0,0,0,1,0,0,0,0,0,0,0,0,0,0,0,0,0,0,0,0,0,0,1,0,0,0,0,0,0,0,0,False,False,False,True,False,False,False,True,False,False,True,False,False,False,False,False,True,False,0,0,0,0,0,0,0,0,0,1,1,0,0
Devilman: Crybaby,0.6318289786223279,0.880838894184938,0.018036072144288578,0.5188679245283019,,1,0,0,0,1,0,0,0,0,0,0,0,0,0,0,0,0,0,0,0,0,1,0,0,0,0,1,0,0,0,0,0,0,0,0,0,0,0,0,0,0,0,1,0,0,0,0,0,0,0,0,0,0,0,0,0,0,0,1,0,0,0,0,0,0,1,0,0,0,0,0,0,0,0,0,0,False,False,False,True,False,False,False,True,False,False,True,False,False,False,False,False,False,False,0,0,0,0,1,0,0,0,0,0,0,0,0
Frieren: Beyond Journey's End,0.9999999999999998,0.8798856053384175,0.05410821643286572,0.5314465408805031,0.05128205128205128,0,0,1,0,0,0,0,0,0,0,0,0,0,0,1,0,0,0,1,0,0,0,0,0,0,0,0,0,0,0,0,0,0,0,0,0,0,0,0,0,0,0,0,0,0,0,0,0,0,0,0,0,0,0,0,0,0,0,1,0,0,0,0,0,0,0,0,0,0,0,0,0,0,0,0,0,False,False,False,True,False,False,False,False,True,False,False,False,True,False,False,False,False,True,0,1,1,0,1,0,1,0,0,0,0,0,0
Re:ZERO -Starting Life in Another World- Season 2,0.7719714964370548,0.8789323164918971,0.02404809619238477,0.49056603773584906,0.1282051282051282,0,0,0,0,0,0,0,0,0,0,0,0,0,0,1,0,0,0,1,0,0,0,0,0,0,0,0,0,1,0,0,0,0,0,0,0,0,0,0,0,0,0,0,0,0,0,0,0,1,0,0,0,0,0,0,0,0,0,0,0,0,0,0,0,0,0,0,1,0,1,0,0,0,0,0,0,False,False,False,True,False,False,False,True,False,False,True,False,False,False,False,False,True,False,0,1,0,0,0,1,0,0,0,0,0,0,0
Nisekoi: False Love,0.5866983372921615,0.8779790276453765,0.038076152304609215,0.8018867924528302,0.28205128205128205,0,0,0,0,0,0,0,0,0,0,1,0,0,0,0,0,0,0,0,0,0,0,0,1,0,0,0,0,0,0,0,0,0,0,0,0,0,0,0,0,0,0,0,0,0,0,0,0,0,0,0,0,1,0,1,0,0,0,1,0,0,0,0,0,0,0,0,0,0,0,0,0,0,0,0,0,False,False,False,True,False,False,False,True,False,False,False,True,False,False,False,False,True,False,1,0,0,1,0,0,0,1,0,0,0,0,0
Beyond the Boundary,0.6247030878859858,0.877025738798856,0.022044088176352703,0.5566037735849056,0.3076923076923077,1,0,0,0,0,0,0,0,0,0,0,0,0,0,0,0,0,0,0,0,0,0,0,0,0,0,0,0,0,0,0,0,0,0,0,0,0,0,0,0,0,0,0,0,0,0,0,0,0,0,0,0,0,0,1,0,0,0,0,0,0,0,0,0,0,1,0,0,0,0,0,0,0,0,0,0,False,False,False,True,False,False,False,True,False,False,True,False,False,False,False,False,True,False,1,0,1,0,1,0,0,0,0,0,0,0,0
JoJo's Bizarre Adventure: Diamond Is Unbreakable,0.8123515439429931,0.8760724499523356,0.07615230460921843,0.39937106918238996,0.23076923076923075,1,0,1,0,0,0,0,0,0,0,0,0,0,0,0,0,0,0,0,0,0,0,0,0,0,0,0,0,0,0,0,0,0,0,0,0,0,0,0,0,0,0,0,0,0,0,0,0,0,0,0,0,0,0,0,0,0,0,1,0,0,0,0,0,1,0,0,0,0,0,0,0,0,0,0,0,False,False,False,True,False,False,False,True,False,False,False,False,True,False,False,False,True,False,0,0,0,0,0,0,0,0,0,0,0,0,0
The Disastrous Life of Saiki K.,0.7909738717339669,0.8751191611058151,0.23847695390781562,0.4811320754716981,0.23076923076923075,0,0,0,0,0,0,0,0,0,0,1,0,0,0,0,0,0,0,0,1,0,0,0,0,0,0,0,0,0,0,0,0,0,0,0,0,0,0,0,0,0,0,0,0,0,0,0,0,0,0,0,0,0,0,1,0,0,0,1,0,0,0,0,0,1,0,0,0,0,0,0,0,0,0,0,0,False,False,False,True,False,False,False,True,False,False,False,False,False,True,False,False,True,False,0,0,0,0,1,0,0,0,0,0,1,0,0
Goblin Slayer,0.5558194774346794,0.8741658722592945,0.022044088176352703,0.6069182389937108,0.1794871794871795,1,0,1,0,0,0,0,0,0,0,0,0,0,0,0,0,0,0,1,0,0,1,0,0,0,0,0,0,0,0,0,0,0,0,0,0,0,0,0,0,0,0,0,0,0,0,0,0,0,0,0,0,0,0,0,0,0,0,0,0,0,0,0,0,0,0,0,0,0,0,0,0,0,0,0,0,False,False,False,True,False,False,True,False,False,False,True,False,False,False,False,False,True,False,0,0,1,0,0,0,0,0,0,0,0,0,0
JoJo's Bizarre Adventure: Stardust Crusaders - Battle in Egypt,0.7980997624703086,0.8732125834127741,0.046092184368737465,0.30503144654088055,0.2564102564102564,1,0,1,0,0,0,0,0,0,0,0,0,0,0,0,0,0,0,0,0,0,0,0,0,0,0,0,0,0,0,0,0,0,0,0,0,0,0,0,0,0,0,0,0,0,0,0,0,0,0,0,0,0,0,0,0,0,0,1,0,0,0,0,0,1,0,0,0,0,0,0,0,0,0,0,0,False,False,False,True,False,False,False,True,False,False,False,True,False,False,False,False,True,False,0,0,0,0,0,0,0,0,0,0,1,0,0
Ouran High School Host Club,0.7315914489311166,0.8722592945662535,0.0501002004008016,0.41509433962264153,0.48717948717948717,0,0,0,0,0,0,0,0,0,0,1,1,0,0,0,0,0,0,0,0,0,0,0,0,0,0,0,0,0,0,0,0,0,0,0,0,0,0,0,0,0,0,0,0,0,0,0,0,0,0,0,1,1,0,1,0,0,1,0,0,0,0,0,0,0,0,0,0,0,0,0,0,0,0,0,0,False,False,False,True,False,False,False,True,False,False,False,True,False,False,False,True,False,False,1,0,0,0,0,0,0,0,0,0,0,0,0
Food Wars! The Second Plate,0.7078384798099764,0.871306005719733,0.02404809619238477,0.20440251572327045,0.23076923076923075,0,0,0,0,0,0,0,0,0,0,0,0,0,0,0,1,0,0,0,0,0,0,1,0,0,0,0,0,0,0,0,0,0,0,0,0,0,0,0,0,0,0,0,0,0,0,0,0,0,0,0,0,0,0,1,0,0,0,1,0,0,0,0,0,0,0,0,0,0,0,0,0,0,0,0,0,False,False,False,True,False,False,False,True,False,False,True,False,False,False,False,False,True,False,1,0,1,0,0,0,0,0,0,0,0,0,0
The Seven Deadly Sins: Revival of the Commandments,0.5843230403800477,0.8703527168732126,0.046092184368737465,0.32704402515723274,0.1794871794871795,1,0,1,0,0,0,0,0,0,0,0,0,0,0,0,0,0,0,1,0,0,0,0,0,0,0,0,0,0,0,0,0,0,0,0,0,0,0,0,0,0,0,0,0,0,0,0,0,0,0,0,0,0,0,0,0,0,0,1,0,0,0,0,0,0,0,0,0,0,0,0,0,0,0,0,0,False,False,False,True,False,False,False,True,False,False,False,True,False,False,False,False,True,False,0,0,1,0,1,0,1,0,0,0,1,0,0
Fate/Zero Season 2,0.8218527315914488,0.8693994280266921,0.022044088176352703,0.44339622641509435,0.3333333333333333,1,0,0,0,0,0,0,0,0,0,0,0,0,0,0,0,0,0,1,0,0,0,0,0,0,0,0,0,0,0,0,0,0,0,0,0,0,0,0,0,0,0,0,0,0,0,0,0,0,0,0,0,0,0,0,0,0,0,0,0,0,0,0,0,0,0,0,0,0,0,1,0,0,0,0,0,False,False,False,True,False,False,False,False,True,False,True,False,False,False,False,False,True,False,0,0,1,0,1,0,0,0,0,0,0,0,0
Jujutsu Kaisen 0,0.7862232779097389,0.8684461391801716,0.0,0.5534591194968553,,1,0,0,0,0,0,0,0,0,0,0,0,0,0,0,0,0,0,0,0,0,0,0,0,0,0,0,0,0,0,0,0,0,0,0,0,0,0,0,0,0,0,0,0,0,0,0,0,0,0,0,0,0,0,1,0,0,0,1,0,0,0,0,0,0,1,0,0,0,0,0,0,0,0,0,0,False,False,False,True,False,False,False,True,False,True,False,False,False,False,False,False,False,False,1,1,0,0,0,0,0,0,0,0,1,0,0
Log Horizon,0.6698337292161523,0.8674928503336511,0.04809619238476953,0.5094339622641509,0.3076923076923077,1,1,1,0,0,0,0,0,0,0,0,0,0,0,0,0,0,0,1,0,0,0,0,0,0,0,0,0,0,0,0,0,0,0,0,0,0,0,0,0,0,0,0,0,0,0,0,0,0,0,0,0,0,0,0,0,0,0,0,0,0,0,0,0,0,0,0,0,0,0,0,0,1,0,0,0,False,False,False,True,False,False,False,True,False,False,False,True,False,False,False,False,True,False,1,0,1,0,0,0,0,0,0,0,0,0,0
Dr. Stone: Stone Wars,0.7292161520190026,0.8665395614871306,0.02004008016032064,0.5408805031446541,0.10256410256410256,0,0,1,0,0,0,0,0,0,0,1,0,0,0,0,0,0,0,0,0,0,0,0,0,0,0,0,0,0,0,0,0,0,0,0,0,0,0,0,0,0,0,0,0,0,0,0,0,0,0,0,0,0,0,0,1,0,0,1,0,0,0,0,0,0,0,0,0,0,0,0,0,0,0,0,0,False,False,False,True,False,False,False,True,False,False,True,False,False,False,False,False,False,True,0,0,1,0,0,0,1,0,0,0,0,0,0
Fate/stay night [Unlimited Blade Works],0.7363420427553444,0.86558627264061,0.022044088176352703,0.4025157232704403,0.28205128205128205,1,0,0,0,0,0,0,0,0,0,0,0,0,0,0,0,0,0,1,0,0,0,0,0,0,0,0,0,0,0,0,0,0,0,0,0,0,0,0,0,0,0,0,0,0,0,0,0,0,0,0,0,0,0,0,0,0,0,0,0,0,0,0,0,0,0,0,0,0,0,1,0,0,0,0,0,False,False,False,True,False,False,False,True,False,False,True,False,False,False,False,False,True,False,0,1,1,0,1,0,0,0,0,0,0,0,0
My Little Monster,0.5629453681710215,0.8646329837940896,0.02404809619238477,0.4748427672955975,0.3333333333333333,0,0,0,0,0,0,0,0,0,0,1,0,0,0,0,0,0,0,0,0,0,0,0,0,0,0,0,0,0,0,0,0,0,0,0,0,0,0,0,0,0,0,0,0,0,0,0,0,0,0,0,0,1,0,1,0,0,1,0,0,0,0,0,0,0,0,0,0,0,0,0,0,0,0,0,0,False,False,False,True,False,False,True,False,False,False,True,False,False,False,False,False,True,False,1,0,1,0,0,0,0,0,0,0,0,0,0
My Neighbor Totoro,0.7529691211401426,0.8636796949475691,0.0,0.2830188679245283,,0,0,1,0,0,1,0,0,0,0,0,0,0,0,0,0,0,0,0,0,0,0,0,0,0,0,0,0,0,0,0,0,0,0,0,0,0,0,0,0,0,0,0,0,0,0,0,0,0,0,0,0,0,0,0,0,0,0,0,0,0,0,0,0,0,1,0,0,0,0,0,0,0,0,0,0,False,False,False,True,False,False,False,True,False,True,False,False,False,False,False,False,False,False,0,1,0,0,1,0,0,0,0,0,0,0,0
My Teen Romantic Comedy SNAFU TOO!,0.7410926365795725,0.8627264061010487,0.02404809619238477,0.2578616352201258,0.2564102564102564,0,0,0,0,0,0,0,0,0,0,1,0,0,0,0,0,0,0,0,0,0,0,0,0,0,0,0,0,0,0,0,0,1,0,0,0,0,0,0,0,0,0,0,0,0,0,0,0,0,0,0,0,1,0,1,0,0,0,0,0,0,0,0,0,0,0,0,0,0,0,0,0,0,0,0,0,False,False,False,True,False,False,False,True,False,False,True,False,False,False,False,False,True,False,1,0,0,0,0,0,1,0,0,0,0,0,0
Gintama,0.9144893111638954,0.8617731172545281,0.4008016032064128,0.5062893081761006,0.48717948717948717,1,0,0,0,0,0,0,0,0,0,1,0,0,0,0,0,0,0,0,1,0,0,0,0,0,1,0,0,0,0,0,0,0,0,0,0,0,0,0,0,0,0,0,0,0,1,0,0,0,0,0,0,0,1,0,1,0,0,1,0,0,0,0,0,0,0,0,0,0,0,0,0,0,0,0,0,False,False,False,True,False,False,False,False,True,False,False,False,False,True,False,True,False,False,0,0,0,0,0,1,1,0,0,0,0,0,0
The Irregular at Magic High School,0.5439429928741093,0.8608198284080076,0.0501002004008016,0.4528301886792453,0.28205128205128205,1,0,0,0,0,0,0,0,0,0,0,0,0,0,0,0,0,0,1,0,0,0,0,0,0,0,0,0,0,0,0,0,0,0,0,0,0,0,0,0,0,0,0,0,0,0,0,0,0,0,0,0,1,0,1,1,0,0,0,0,0,0,0,0,0,0,0,0,0,0,1,0,0,0,0,0,False,False,False,True,False,False,True,False,False,False,False,True,False,False,False,False,True,False,1,1,0,0,0,0,0,0,0,0,0,0,0
JoJo's Bizarre Adventure: Golden Wind,0.8313539192399053,0.8598665395614871,0.07615230460921843,0.5251572327044025,0.1794871794871795,1,0,1,0,0,0,0,0,0,0,0,0,0,0,0,0,0,0,0,0,0,0,0,0,0,0,0,0,0,0,0,0,0,0,0,0,0,0,0,0,0,0,0,1,0,0,0,0,0,0,0,0,0,0,0,0,0,0,1,0,0,0,0,0,1,0,0,0,0,0,0,0,0,0,0,0,False,False,False,True,False,False,False,False,True,False,False,False,True,False,False,False,True,False,0,0,0,0,0,0,0,1,0,0,0,0,0
Sword Art Online: Alicization,0.5914489311163897,0.8589132507149666,0.046092184368737465,0.559748427672956,0.1794871794871795,1,0,1,0,0,0,0,0,0,0,0,0,0,0,0,0,0,0,1,0,0,0,0,0,0,0,0,0,0,0,0,0,0,0,0,0,0,0,0,0,0,0,0,0,0,0,0,0,0,0,0,0,0,0,0,0,0,0,0,0,0,0,0,0,0,0,0,0,0,0,0,0,1,0,0,0,False,False,False,True,False,False,False,True,False,False,False,True,False,False,False,False,True,False,0,0,0,0,0,0,1,0,0,0,0,0,1
Dragon Ball,0.6888361045130644,0.8579599618684461,0.3046092184368737,0.6729559748427674,1.0,1,0,1,0,0,0,0,0,0,0,1,0,0,0,0,0,0,0,1,0,0,0,0,0,0,0,0,0,0,0,0,0,0,0,0,0,1,0,0,0,0,0,0,0,0,0,0,0,0,0,0,0,0,0,0,0,0,0,1,0,0,0,0,0,0,0,0,0,0,0,0,0,0,0,0,0,False,False,False,True,False,False,False,True,False,False,False,False,False,True,True,False,False,False,0,1,0,0,0,0,1,1,0,0,0,0,0
ReLIFE,0.6840855106888362,0.8570066730219257,0.02404809619238477,0.6257861635220127,0.23076923076923075,0,0,0,0,0,0,0,0,0,0,0,0,0,0,1,0,0,0,0,0,0,0,0,0,0,0,0,0,0,0,0,0,0,0,0,0,0,0,0,0,0,0,0,0,0,0,0,0,0,0,0,0,1,0,1,0,0,0,0,0,0,0,0,0,0,0,0,0,0,0,0,0,0,0,0,0,False,False,False,True,False,False,False,True,False,False,True,False,False,False,False,False,True,False,1,0,0,0,0,0,0,0,0,0,0,0,0
Golden Time,0.6318289786223279,0.8560533841754051,0.046092184368737465,0.42138364779874216,0.3076923076923077,0,1,0,0,0,0,0,0,0,0,0,0,0,0,1,0,0,0,0,0,0,0,0,0,0,0,0,0,0,0,0,0,1,0,0,0,0,0,0,0,0,0,0,0,0,0,0,0,0,0,0,0,1,0,0,0,0,0,0,0,0,0,0,0,0,0,0,0,0,0,0,0,0,0,0,0,False,False,False,True,False,False,False,True,False,False,False,True,False,False,False,False,True,False,1,0,1,0,0,0,0,0,0,0,0,0,0
K-On!,0.6603325415676962,0.8551000953288846,0.02404809619238477,0.5283018867924528,0.41025641025641024,0,0,0,0,0,0,0,1,0,0,1,0,0,0,0,0,0,0,0,0,0,0,0,0,0,0,0,0,0,0,0,0,0,0,0,0,0,0,0,0,1,0,0,0,0,0,0,0,0,0,0,0,0,0,1,0,0,0,0,0,0,0,0,0,0,0,0,0,0,0,0,0,0,0,0,0,False,False,False,True,False,False,False,True,False,False,True,False,False,False,False,True,False,False,1,0,1,0,0,0,0,0,0,0,0,0,0
Overlord II,0.6342042755344419,0.8541468064823642,0.02404809619238477,0.4371069182389937,0.1794871794871795,1,0,1,0,0,0,0,0,0,0,0,0,0,0,0,0,0,0,1,0,0,0,0,0,0,0,0,0,1,0,0,0,0,0,0,0,0,0,0,0,0,0,0,0,0,0,0,0,0,0,0,0,0,0,0,0,0,0,0,0,0,0,0,0,0,0,0,0,0,0,0,0,0,0,0,0,False,False,False,True,False,False,False,True,False,False,True,False,False,False,False,False,True,False,0,1,1,0,0,0,0,0,0,0,0,0,0
Magi: The Labyrinth of Magic,0.6959619952494063,0.8531935176358436,0.04809619238476953,0.46540880503144655,0.3333333333333333,1,0,1,0,0,0,0,0,0,0,0,0,0,0,0,0,0,0,1,0,0,0,0,0,0,0,0,0,0,0,0,0,0,0,0,0,0,0,0,0,0,0,0,0,0,0,0,0,0,0,0,0,0,0,0,0,0,0,1,0,0,0,0,0,0,0,0,0,0,0,0,0,0,0,0,0,False,False,False,True,False,False,False,True,False,False,False,True,False,False,False,False,True,False,0,1,1,0,0,0,0,0,0,0,0,0,0
Weathering with You,0.7577197149643706,0.8522402287893232,0.0,0.5094339622641509,,0,0,0,0,0,1,0,0,0,0,0,0,0,0,1,0,0,0,0,0,0,0,0,0,0,0,0,0,0,0,0,0,0,0,0,0,0,0,0,0,0,0,0,0,0,0,0,0,0,0,0,0,1,0,0,0,0,0,0,0,0,0,0,0,0,1,0,0,0,0,0,0,0,0,0,0,False,False,False,True,False,False,False,True,False,True,False,False,False,False,False,False,False,False,1,0,0,0,0,0,0,0,0,0,0,0,1
Date A Live,0.489311163895487,0.8512869399428027,0.022044088176352703,0.6320754716981133,0.3076923076923077,1,0,0,0,0,0,0,0,0,0,0,0,0,0,0,0,0,0,1,0,0,0,0,1,0,0,0,0,0,0,0,0,0,0,0,0,0,0,0,0,0,0,0,0,0,0,0,0,0,0,0,0,1,0,1,1,0,0,0,0,0,0,0,0,0,0,0,0,0,0,1,0,0,0,0,0,False,False,False,True,False,False,True,False,False,False,True,False,False,False,False,False,True,False,1,0,0,0,1,1,0,1,0,0,0,0,0
Black Lagoon,0.7007125890736341,0.8503336510962822,0.022044088176352703,0.5471698113207547,0.48717948717948717,1,1,0,0,0,0,0,0,0,0,0,0,0,0,0,0,0,0,0,0,0,0,0,0,0,0,0,0,0,0,0,0,0,0,0,0,0,0,0,0,0,0,0,1,0,0,0,0,0,0,0,0,0,0,0,0,1,0,0,0,0,0,0,0,0,0,0,0,0,0,0,0,0,0,0,0,False,False,False,True,False,False,False,True,False,False,True,False,False,False,False,True,False,False,0,0,0,0,0,0,0,0,0,1,0,0,0
Spy x Family Part 2,0.7434679334916867,0.8493803622497617,0.02404809619238477,0.4748427672955975,0.07692307692307693,1,0,0,0,0,0,0,0,1,0,1,0,0,0,0,0,0,0,0,0,0,0,0,0,0,0,0,0,0,0,0,0,0,0,0,0,0,0,0,0,0,0,0,0,0,0,0,0,0,0,0,0,0,0,0,0,0,0,1,0,0,0,0,0,1,0,0,0,0,0,0,0,0,0,0,0,False,False,False,True,False,False,False,True,False,False,True,False,False,False,False,False,False,True,1,0,0,0,0,0,0,0,0,0,1,0,0
Prison School,0.5961995249406176,0.8484270734032412,0.022044088176352703,0.619496855345912,0.2564102564102564,0,0,0,0,0,0,0,0,0,0,1,0,0,0,0,1,0,0,0,1,0,0,0,0,0,0,0,0,0,0,0,0,0,0,0,0,0,0,0,0,0,0,0,0,0,0,0,0,0,0,0,0,0,0,1,0,1,0,0,0,0,0,0,0,0,0,0,0,0,0,0,0,0,0,0,0,False,False,False,True,False,False,False,True,False,False,True,False,False,False,False,False,True,False,1,0,0,0,0,0,0,0,0,0,0,0,0
I Want To Eat Your Pancreas,0.824228028503563,0.8474737845567206,0.0,0.5377358490566038,,0,0,0,0,0,0,0,0,0,0,0,0,0,0,1,0,0,0,0,0,0,0,0,0,0,0,0,0,0,0,0,0,0,0,0,0,0,0,0,0,0,0,0,0,0,0,0,0,0,0,0,0,1,0,1,0,0,0,0,0,0,0,0,0,0,0,0,0,0,0,0,0,0,0,0,0,False,False,False,True,False,False,False,False,True,True,False,False,False,False,False,False,False,False,0,0,1,0,0,0,0,0,0,0,0,0,0
That Time I Got Reincarnated as a Slime Season 2,0.7767220902612826,0.8465204957102002,0.022044088176352703,0.4371069182389937,0.10256410256410256,1,0,0,0,0,0,0,0,0,0,1,0,0,0,0,0,0,0,1,0,0,0,0,0,0,0,0,0,1,0,0,0,0,0,0,0,0,0,0,0,0,0,0,0,0,0,0,0,0,0,1,0,0,0,0,0,0,0,1,0,0,0,0,0,0,0,0,0,0,0,0,0,0,0,0,0,False,False,False,True,False,False,False,True,False,False,True,False,False,False,False,False,False,True,1,1,0,0,0,0,1,0,0,0,0,0,0
Mushoku Tensei: Jobless Reincarnation Part 2,0.840855106888361,0.8455672068636797,0.022044088176352703,0.39308176100628933,0.10256410256410256,0,0,1,0,0,0,0,0,0,0,0,0,0,0,1,1,0,0,1,0,0,0,0,0,0,0,0,0,1,0,0,0,0,0,0,0,0,0,0,0,0,0,0,0,0,0,0,0,0,0,1,0,0,0,0,0,0,0,0,0,0,0,0,0,0,0,0,0,0,0,0,0,0,0,0,0,False,False,False,True,False,False,False,False,True,False,True,False,False,False,False,False,False,True,1,0,1,0,1,0,0,1,0,0,0,0,0
Wotakoi: Love is Hard for Otaku,0.6745843230403801,0.8446139180171592,0.02004008016032064,0.6855345911949686,0.1794871794871795,0,1,0,0,0,0,0,0,0,0,1,0,0,0,0,0,0,0,0,0,0,0,0,0,0,0,0,0,0,0,0,0,0,0,0,0,0,0,0,0,0,0,0,0,1,0,0,0,0,0,0,0,1,0,0,0,0,0,0,0,0,0,0,0,0,0,0,0,0,0,0,0,0,0,0,1,False,False,False,True,False,False,False,True,False,False,True,False,False,False,False,False,True,False,1,0,1,1,0,0,0,0,0,0,0,0,0
Rent-a-Girlfriend,0.42755344418052266,0.8436606291706387,0.022044088176352703,0.619496855345912,0.1282051282051282,0,1,0,0,0,0,0,0,0,0,1,0,0,0,0,0,0,0,0,0,0,0,0,1,0,0,0,0,0,0,0,0,0,0,0,0,0,0,0,0,0,0,0,0,0,0,0,0,0,0,0,0,1,0,0,0,0,0,1,0,0,0,0,0,0,0,0,0,0,0,0,0,0,0,0,0,False,False,False,True,False,False,True,False,False,False,True,False,False,False,False,False,True,False,1,0,1,1,0,0,0,0,0,0,0,0,0
Kaguya-sama: Love is War -Ultra Romantic-,0.923990498812352,0.8427073403241182,0.02404809619238477,0.41823899371069184,0.07692307692307693,0,0,0,0,0,0,0,0,0,0,1,0,0,0,0,0,0,0,0,0,0,0,0,0,0,0,0,0,0,0,0,0,0,0,0,0,0,0,0,0,0,0,0,0,0,0,0,0,0,0,0,0,1,0,1,0,1,0,0,0,0,0,0,0,0,0,0,0,0,0,0,0,0,0,0,0,False,False,False,True,False,False,False,False,True,False,True,False,False,False,False,False,False,True,1,0,1,1,0,0,0,0,0,0,0,0,0
Fairy Tail Series 2,0.6128266033254157,0.8417540514775977,0.20240480961923846,0.3427672955974843,0.28205128205128205,1,0,1,0,0,0,0,0,0,0,0,0,0,0,0,0,0,0,1,0,0,0,0,0,0,0,0,0,0,0,0,0,0,0,0,0,0,0,0,0,0,0,0,0,0,0,0,0,0,0,0,0,0,0,0,0,0,0,1,0,0,0,0,0,0,0,0,0,0,0,0,0,0,0,0,0,False,False,False,True,False,False,False,True,False,False,False,False,False,True,False,False,True,False,0,1,0,0,0,0,1,0,0,1,0,0,0
Demon Slayer: Kimetsu no Yaiba Swordsmith Village Arc,0.7339667458432304,0.8408007626310772,0.02004008016032064,0.3679245283018868,0.05128205128205128,1,0,0,0,0,0,0,0,0,0,0,0,0,0,0,0,0,0,0,0,0,0,0,0,0,1,0,0,0,0,0,0,0,0,0,0,0,0,0,0,0,0,0,0,0,0,0,0,0,0,0,0,0,0,0,0,0,0,1,0,0,0,0,0,0,1,0,0,0,0,0,0,0,0,0,0,False,False,False,True,False,False,False,True,False,False,True,False,False,False,False,False,False,True,0,0,0,0,1,0,1,0,0,0,0,0,0
Solo Leveling,0.7458432304038007,0.8398474737845567,0.022044088176352703,0.4748427672955975,0.02564102564102564,1,1,1,0,0,0,0,0,0,0,0,0,0,0,0,0,0,0,1,0,0,0,0,0,0,0,0,0,0,0,0,0,0,0,0,0,0,0,0,0,0,0,0,0,0,0,0,0,0,0,0,0,0,0,0,0,0,0,0,0,0,0,0,0,0,0,0,0,0,0,1,0,0,0,0,0,False,False,False,True,False,False,False,True,False,False,True,False,False,False,False,False,False,True,0,0,1,0,0,0,0,0,0,0,1,0,0
Tower of God,0.5890736342042755,0.8388941849380362,0.02404809619238477,0.5314465408805031,0.1282051282051282,1,0,1,0,0,0,0,0,0,0,0,0,0,0,1,0,0,0,1,0,0,0,0,0,0,0,0,0,0,0,0,0,0,0,0,0,0,0,0,0,0,1,0,0,0,0,0,0,0,0,0,0,0,0,0,0,0,0,0,0,0,0,0,0,0,0,0,0,0,0,0,0,0,0,0,0,False,False,False,True,False,False,False,True,False,False,True,False,False,False,False,False,True,False,0,0,0,0,0,0,0,0,0,0,0,0,0
Kimi ni Todoke: From Me to You,0.6959619952494063,0.8379408960915158,0.04809619238476953,0.46540880503144655,0.41025641025641024,0,0,0,0,0,0,0,0,0,0,0,0,0,0,1,0,0,0,0,0,0,0,0,0,0,0,0,0,0,0,0,0,0,0,0,0,0,0,0,0,0,0,0,0,0,0,0,0,0,0,0,0,1,0,1,0,0,1,0,0,0,0,0,0,0,0,0,0,0,0,0,0,0,0,0,0,False,False,False,True,False,False,False,True,False,False,False,True,False,False,False,True,False,False,0,0,0,0,0,0,0,0,0,0,0,0,0
The Quintessential Quintuplets,0.6057007125890737,0.8369876072449952,0.022044088176352703,0.619496855345912,0.15384615384615385,0,0,0,0,0,0,0,0,0,0,1,0,0,0,0,0,0,0,0,0,0,0,0,1,0,0,0,0,0,0,0,0,0,0,0,0,0,0,0,0,0,0,0,0,0,0,0,0,0,0,0,0,1,0,1,0,0,0,1,0,0,0,0,0,0,0,0,0,0,0,0,0,0,0,0,0,False,False,False,True,False,False,False,True,False,False,True,False,False,False,False,False,True,False,1,0,0,0,0,0,0,0,0,0,0,0,0
Food Wars! The Third Plate,0.6864608076009502,0.8360343183984748,0.022044088176352703,0.27044025157232704,0.20512820512820512,0,0,0,0,0,0,0,0,0,0,0,0,0,0,0,1,0,0,0,0,0,0,1,0,0,0,0,0,0,0,0,0,0,0,0,0,0,0,0,0,0,0,0,0,0,0,0,0,0,0,0,0,0,0,1,0,0,0,1,0,0,0,0,0,0,0,0,0,0,0,0,0,0,0,0,0,False,False,False,True,False,False,False,True,False,False,True,False,False,False,False,False,True,False,1,0,1,0,0,0,0,0,0,0,0,0,0
Re:ZERO -Starting Life in Another World- Season 2 Part 2,0.793349168646081,0.8350810295519542,0.022044088176352703,0.3427672955974843,0.10256410256410256,0,0,0,0,0,0,0,0,0,0,0,0,0,0,1,0,0,0,1,0,0,0,0,0,0,0,0,0,1,0,0,0,0,0,0,0,0,0,0,0,0,0,0,0,0,0,0,0,1,0,0,0,0,0,0,0,0,0,0,0,0,0,0,0,0,0,0,1,0,1,0,0,0,0,0,0,False,False,False,True,False,False,False,True,False,False,True,False,False,False,False,False,False,True,0,0,1,0,0,0,1,0,0,0,0,0,0
Haikyu!! To the Top,0.7814726840855106,0.8341277407054337,0.02404809619238477,0.5471698113207547,0.1282051282051282,0,0,0,0,0,0,0,0,0,0,0,0,0,0,0,0,0,0,0,0,0,0,0,0,0,0,0,0,0,0,0,0,0,0,0,0,0,0,0,0,0,0,0,0,0,0,0,0,0,0,0,0,0,0,1,0,0,0,1,0,0,0,1,0,0,0,0,0,1,0,0,0,0,0,0,0,False,False,False,True,False,False,False,True,False,False,True,False,False,False,False,False,True,False,1,0,0,0,0,0,0,1,0,0,0,0,0
Chivalry of a Failed Knight,0.5534441805225654,0.8331744518589133,0.022044088176352703,0.3616352201257862,0.2564102564102564,1,0,0,0,0,0,0,0,0,0,0,0,0,0,0,1,0,0,1,0,0,0,0,0,0,0,0,0,0,0,0,0,0,0,0,0,0,0,0,0,0,0,0,0,0,0,0,0,0,0,0,0,1,0,1,0,0,0,0,0,0,0,0,0,0,0,0,0,0,0,1,0,0,0,0,0,False,False,False,True,False,False,True,False,False,False,True,False,False,False,False,False,True,False,1,1,0,0,0,0,1,0,0,0,0,0,0
Saga of Tanya the Evil,0.6840855106888362,0.8322211630123928,0.022044088176352703,0.39937106918238996,0.20512820512820512,1,0,0,0,0,0,0,0,0,0,0,0,0,0,0,0,0,0,1,0,0,0,0,0,0,0,0,0,1,0,0,0,0,0,0,0,0,0,0,1,0,0,0,0,0,0,0,0,0,0,1,0,0,0,0,0,0,0,0,0,0,0,0,0,0,0,0,0,0,0,0,0,0,0,0,0,False,False,False,True,False,False,False,True,False,False,True,False,False,False,False,False,True,False,0,1,1,0,0,0,0,0,0,0,0,0,0
Neon Genesis Evangelion: The End of Evangelion,0.8266033254156773,0.8312678741658722,0.0,0.48427672955974843,,0,0,0,0,1,0,0,0,0,0,0,0,0,0,1,0,0,0,0,0,0,0,0,0,0,0,0,0,0,0,0,0,0,0,0,0,0,1,0,0,0,0,0,0,0,0,0,0,1,0,0,0,0,0,0,1,0,0,0,0,0,0,0,0,0,0,0,1,0,0,0,0,0,0,0,0,False,False,False,True,False,False,False,False,True,True,False,False,False,False,False,False,False,False,0,0,1,0,0,1,0,0,0,0,0,0,1
Plastic Memories,0.672209026128266,0.8303145853193518,0.02404809619238477,0.48742138364779874,0.2564102564102564,0,0,0,0,0,0,0,0,0,0,0,0,0,0,1,0,0,0,0,0,0,0,0,0,0,0,0,0,0,0,0,0,0,0,0,0,0,0,0,0,0,0,0,0,0,0,0,0,0,0,0,0,1,0,0,1,0,0,0,0,0,0,0,0,0,0,0,0,0,0,0,0,0,0,0,0,False,False,False,True,False,False,False,True,False,False,True,False,False,False,False,False,True,False,0,0,0,0,0,0,0,0,0,0,0,0,0
The Ancient Magus' Bride,0.7054631828978626,0.8293612964728313,0.046092184368737465,0.5031446540880503,0.20512820512820512,0,0,0,0,0,0,0,0,0,0,0,0,0,0,1,0,0,0,1,0,0,0,0,0,0,0,0,0,0,0,0,0,0,0,0,0,0,0,0,0,0,0,1,0,0,0,0,0,0,0,0,0,1,0,0,0,0,0,1,0,0,0,0,0,0,0,0,0,0,0,1,0,0,0,0,0,False,False,False,True,False,False,False,True,False,False,False,True,False,False,False,False,True,False,0,1,0,0,0,0,0,0,0,0,0,0,0
Hellsing Ultimate,0.7743467933491688,0.8284080076263107,0.018036072144288578,0.4748427672955975,,1,1,0,0,0,0,0,0,0,0,0,0,0,0,0,0,0,0,0,0,0,1,0,0,0,0,1,0,0,0,0,0,0,0,0,0,0,0,0,1,0,0,0,0,0,0,0,0,0,0,0,0,0,0,0,0,1,0,0,0,0,0,0,0,0,1,0,0,0,0,0,1,0,0,0,0,False,False,False,True,False,False,False,True,False,False,True,False,False,False,False,False,False,False,0,0,1,0,1,0,0,0,0,0,1,0,0
5 Centimeters per Second,0.5866983372921615,0.8274547187797903,0.004008016032064127,0.339622641509434,,0,0,0,0,0,0,0,0,0,0,0,0,0,0,1,0,0,0,0,0,0,0,0,0,0,0,0,0,0,0,0,0,0,0,0,0,0,0,0,0,0,0,0,0,0,0,0,0,0,0,0,0,1,0,0,0,0,0,0,0,0,0,0,0,0,0,0,0,0,0,0,0,0,0,0,0,False,False,False,True,False,False,False,True,False,False,True,False,False,False,False,False,False,False,0,0,0,1,0,0,0,0,0,0,0,0,0
Blue Spring Ride,0.6057007125890737,0.8265014299332698,0.022044088176352703,0.5943396226415094,0.28205128205128205,0,0,0,0,0,0,0,0,0,0,0,0,0,0,0,0,0,0,0,0,0,0,0,0,0,0,0,0,0,0,0,0,1,0,0,0,0,0,0,0,0,0,0,0,0,0,0,0,0,0,0,0,1,0,1,0,0,1,0,0,0,0,0,0,0,0,0,0,0,0,0,0,0,0,0,0,False,False,False,True,False,False,False,True,False,False,True,False,False,False,False,False,True,False,1,1,1,0,0,0,0,0,0,0,0,0,0
Darker than Black,0.7030878859857481,0.8255481410867493,0.04809619238476953,0.48742138364779874,0.4615384615384615,1,0,0,0,0,0,0,0,0,0,0,0,0,0,0,0,0,0,0,0,0,0,0,0,0,0,0,0,0,0,0,0,0,0,0,0,0,0,0,0,0,1,0,0,0,0,0,0,0,0,0,0,0,0,0,0,0,0,0,0,0,0,0,0,1,0,0,0,0,0,0,0,0,0,0,0,False,False,False,True,False,False,False,True,False,False,False,True,False,False,False,True,False,False,0,0,1,0,1,1,0,0,0,0,0,0,1
[Oshi no Ko],0.824228028503563,0.8245948522402288,0.02004008016032064,0.44654088050314467,0.05128205128205128,0,0,0,0,0,1,0,0,0,0,0,0,0,0,1,0,0,0,0,0,0,0,0,0,0,0,0,0,0,0,0,0,0,0,0,0,0,0,0,0,0,0,0,0,0,0,0,0,0,0,1,0,0,0,0,0,1,0,0,1,0,0,0,0,0,0,0,0,0,0,0,0,0,0,0,0,False,False,False,True,False,False,False,False,True,False,True,False,False,False,False,False,False,True,0,0,0,0,0,0,0,0,0,0,0,0,1
Danganronpa: The Animation,0.5011876484560571,0.8236415633937083,0.02404809619238477,0.5566037735849056,0.3076923076923077,0,0,0,0,0,0,0,0,0,0,0,0,0,0,0,0,0,0,0,0,0,0,0,0,1,0,1,0,0,0,0,0,0,0,0,0,0,0,0,0,0,1,0,0,0,0,0,0,1,0,0,0,0,0,1,0,0,0,0,0,0,0,0,0,0,0,1,1,0,0,0,0,0,0,0,0,False,False,False,True,False,False,True,False,False,False,True,False,False,False,False,False,True,False,1,0,0,0,0,1,0,0,0,0,0,0,0
Overlord III,0.672209026128266,0.8226882745471877,0.02404809619238477,0.3647798742138365,0.1794871794871795,1,0,1,0,0,0,0,0,0,0,0,0,0,0,0,0,0,0,1,0,0,0,0,0,0,0,0,0,1,0,0,0,0,0,0,0,0,0,0,0,0,0,0,0,0,0,0,0,0,0,0,0,0,0,0,0,0,0,0,0,0,0,0,0,0,0,0,0,0,0,0,0,0,0,0,0,False,False,False,True,False,False,False,True,False,False,True,False,False,False,False,False,True,False,0,0,1,0,0,0,0,0,0,0,0,0,0
Fate/stay night,0.5201900237529691,0.8217349857006673,0.046092184368737465,0.5440251572327044,0.48717948717948717,1,0,0,0,0,0,0,0,0,0,0,0,0,0,0,0,0,0,1,0,0,0,0,0,0,0,0,0,0,0,0,0,0,0,0,0,0,0,0,0,0,0,0,0,0,0,0,0,0,0,0,0,1,0,0,0,0,0,0,0,0,0,0,0,0,0,0,0,0,0,1,0,0,0,0,0,False,False,False,True,False,False,True,False,False,False,False,True,False,False,False,True,False,False,1,1,1,0,0,0,1,0,0,0,1,0,0
Monthly Girls' Nozaki-kun,0.6484560570071258,0.8207816968541468,0.022044088176352703,0.3836477987421384,0.28205128205128205,0,0,0,0,0,0,0,0,0,0,1,0,0,0,0,0,0,0,0,0,0,0,0,0,0,0,0,0,0,0,0,0,0,0,0,0,0,0,0,0,0,0,0,0,1,0,0,0,0,0,0,0,1,0,1,0,0,0,0,0,0,0,0,0,0,0,0,0,0,0,0,0,0,0,0,0,False,False,False,True,False,False,False,True,False,False,True,False,False,False,False,False,True,False,1,0,0,0,0,0,0,0,0,0,0,0,0
The Promised Neverland Season 2,0.040380047505938155,0.8198284080076264,0.02004008016032064,0.37106918238993714,0.10256410256410256,0,0,0,0,0,0,0,0,0,0,0,0,0,0,0,0,0,0,0,0,0,0,0,0,0,0,0,0,0,0,0,0,0,0,0,0,0,0,0,0,0,1,0,0,0,0,0,0,1,0,0,0,0,0,0,0,0,0,1,0,0,0,0,0,0,0,1,1,0,0,0,0,0,0,0,0,False,False,False,True,False,True,False,False,False,False,True,False,False,False,False,False,False,True,0,0,0,0,1,0,0,0,0,0,0,0,0
Komi Can't Communicate,0.6460807600950118,0.8188751191611058,0.022044088176352703,0.5943396226415094,0.10256410256410256,0,0,0,0,0,0,0,0,0,0,1,0,0,0,0,0,0,0,0,0,0,0,0,0,0,0,0,0,0,0,0,0,0,0,0,0,0,0,0,0,0,0,0,0,0,0,0,0,0,0,0,0,0,0,1,0,0,0,1,0,0,0,0,0,0,0,0,0,0,0,0,0,0,0,0,0,False,False,False,True,False,False,False,True,False,False,True,False,False,False,False,False,False,True,1,0,0,0,0,0,0,0,0,0,0,0,0
The God of High School,0.47268408551068886,0.8179218303145853,0.02404809619238477,0.4968553459119497,0.1282051282051282,1,0,0,0,0,0,0,0,0,0,0,0,0,0,0,0,0,0,1,0,0,0,0,0,0,0,0,0,0,0,0,0,0,0,0,0,1,0,0,0,0,0,0,0,0,0,0,0,0,0,0,0,0,0,0,0,0,0,0,0,0,0,0,0,0,0,0,0,0,0,1,0,0,0,0,0,False,False,False,True,False,False,True,False,False,False,True,False,False,False,False,False,True,False,1,0,0,0,0,0,1,1,0,0,0,0,0
Cyberpunk: Edgerunners,0.840855106888361,0.8169685414680649,0.018036072144288578,0.6132075471698114,,1,0,0,0,0,0,0,0,0,0,0,0,0,0,0,0,0,0,0,0,0,1,0,0,0,0,0,0,0,0,0,0,0,0,0,0,0,0,0,0,0,0,0,1,0,0,0,0,0,0,0,0,0,0,0,1,0,0,0,0,0,0,0,0,0,0,0,0,0,0,0,0,0,0,0,0,False,False,False,True,False,False,False,False,True,False,True,False,False,False,False,False,False,False,1,0,1,0,0,1,0,1,0,0,0,0,1
The Melancholy of Haruhi Suzumiya,0.6508313539192401,0.8160152526215443,0.026052104208416832,0.6257861635220127,0.48717948717948717,0,0,0,0,0,1,0,0,0,0,1,0,0,0,0,0,0,0,0,0,0,0,0,0,0,0,0,0,0,0,0,0,0,0,0,0,0,0,0,0,0,1,0,0,0,0,0,0,0,0,0,0,0,0,1,1,0,0,0,0,0,0,0,0,0,0,0,0,0,0,0,0,0,0,0,0,False,False,False,True,False,False,False,True,False,False,False,True,False,False,False,True,False,False,1,0,0,0,1,1,0,0,0,1,0,0,0
To Your Eternity,0.7767220902612826,0.8150619637750238,0.038076152304609215,0.6226415094339623,0.10256410256410256,0,0,1,0,0,0,0,0,0,0,0,0,0,0,1,0,0,0,0,0,0,0,0,0,0,0,0,0,0,0,0,0,0,0,0,0,0,0,0,0,0,0,0,0,0,0,0,0,0,0,0,0,0,0,0,0,0,0,1,0,0,0,0,0,0,1,0,0,0,0,0,0,0,0,0,0,False,False,False,True,False,False,False,True,False,False,False,True,False,False,False,False,False,True,0,0,1,0,0,0,0,0,0,0,0,0,1
Nichijou - My Ordinary Life,0.8052256532066513,0.8141086749285034,0.0501002004008016,0.33333333333333337,0.358974358974359,0,0,0,0,0,0,0,0,0,0,1,0,0,0,0,0,0,0,0,1,0,0,0,0,0,0,0,0,0,0,0,0,0,0,0,0,0,0,0,0,0,0,0,0,0,0,0,0,0,0,0,0,0,0,1,0,0,0,1,0,0,0,0,0,0,0,0,0,0,0,0,0,0,0,0,0,False,False,False,True,False,False,False,True,False,False,False,True,False,False,False,False,True,False,1,0,0,0,0,1,0,0,0,0,0,0,1
Tokyo Ghoul:re 2nd Season,0.33016627078384797,0.8131553860819829,0.022044088176352703,0.5251572327044025,0.1794871794871795,1,0,0,0,0,0,0,0,0,0,0,0,0,0,0,0,0,0,1,0,0,1,0,0,0,0,1,0,0,0,0,0,0,0,0,0,0,0,0,0,0,0,0,0,0,0,0,0,1,0,0,0,0,0,0,0,1,0,0,0,0,0,0,0,0,0,0,1,0,0,1,0,0,0,0,0,False,False,False,True,False,True,False,False,False,False,True,False,False,False,False,False,True,False,0,0,0,0,0,0,0,0,0,0,0,0,0
Black Bullet,0.47268408551068886,0.8122020972354623,0.02404809619238477,0.44654088050314467,0.28205128205128205,1,0,0,0,0,0,0,0,0,0,0,0,0,0,0,0,0,0,0,0,0,0,0,0,0,0,0,0,0,0,0,0,0,0,0,0,0,0,0,0,0,1,0,0,0,0,0,0,0,0,0,0,0,0,0,1,0,0,0,0,0,0,0,0,0,0,0,0,0,0,0,0,0,0,0,0,False,False,False,True,False,False,True,False,False,False,True,False,False,False,False,False,True,False,0,0,0,0,0,0,0,1,0,0,1,0,0
High School DxD New,0.5653206650831355,0.8112488083889419,0.022044088176352703,0.37106918238993714,0.3076923076923077,1,0,0,0,0,0,0,0,0,0,1,0,0,0,0,1,0,0,0,0,0,0,0,1,0,0,0,0,0,0,0,0,0,0,0,0,0,0,0,0,0,0,1,0,0,0,0,0,0,0,0,0,1,0,1,0,0,0,0,0,0,0,0,0,0,1,0,0,0,0,0,0,0,0,0,0,False,False,False,True,False,False,True,False,False,False,True,False,False,False,False,False,True,False,1,0,0,0,0,0,1,0,0,0,0,0,0
Masamune-kun's Revenge,0.39667458432304037,0.8102955195424213,0.022044088176352703,0.4371069182389937,0.20512820512820512,0,0,0,0,0,0,0,0,0,0,1,0,0,0,0,0,0,0,0,0,0,0,0,1,0,0,0,0,0,0,0,0,0,0,0,0,0,0,0,0,0,0,0,0,0,0,0,0,0,0,0,0,1,0,1,0,0,0,1,0,0,0,0,0,0,0,0,0,0,0,0,0,0,0,0,0,False,False,False,True,False,False,True,False,False,False,True,False,False,False,False,False,True,False,1,0,1,0,0,0,0,0,0,0,0,0,0
Baccano!,0.7767220902612826,0.8093422306959008,0.02404809619238477,0.46540880503144655,0.4615384615384615,1,1,0,0,0,0,0,0,0,0,0,0,0,0,0,0,0,0,0,0,0,0,0,0,0,1,0,0,0,0,0,0,0,0,0,0,0,0,0,0,0,1,0,1,0,0,0,0,0,0,0,0,0,0,0,0,0,0,0,0,0,0,0,0,0,1,0,0,0,0,0,0,0,0,0,0,False,False,False,True,False,False,False,True,False,False,True,False,False,False,False,True,False,False,0,0,1,0,0,0,0,0,0,0,0,0,0
Banana Fish,0.8004750593824228,0.8083889418493804,0.046092184368737465,0.5283018867924528,0.1794871794871795,1,0,1,0,0,0,0,0,0,0,0,0,1,0,1,0,0,0,0,0,0,0,0,0,0,0,0,0,0,0,0,0,0,0,0,0,0,0,0,0,0,0,0,1,0,0,0,0,1,0,0,0,0,0,0,0,0,1,0,0,0,0,0,0,0,0,0,1,0,0,0,0,0,0,0,0,False,False,False,True,False,False,False,True,False,False,False,True,False,False,False,False,True,False,0,0,1,0,0,0,0,0,0,1,0,0,0
Beastars,0.643705463182898,0.8074356530028599,0.022044088176352703,0.5314465408805031,0.15384615384615385,0,0,0,1,0,0,0,0,0,0,0,0,0,0,1,0,0,0,0,0,0,0,0,0,0,0,0,0,0,0,0,0,0,0,0,0,0,0,0,0,0,0,0,0,0,0,0,0,1,0,0,0,0,0,1,0,0,0,1,0,0,0,0,0,0,0,0,1,0,0,0,0,0,0,0,0,False,False,False,True,False,False,False,True,False,False,True,False,False,False,False,False,True,False,1,0,1,0,0,0,0,0,0,0,0,0,0
Yuri!!! on Ice,0.6698337292161523,0.8064823641563393,0.022044088176352703,0.44654088050314467,0.23076923076923075,0,0,0,0,0,1,0,0,0,0,0,0,0,0,0,0,0,0,0,0,0,0,0,0,0,0,0,0,0,0,0,0,0,0,0,0,0,0,0,0,0,0,0,0,0,0,1,0,0,0,0,0,0,0,0,0,0,0,0,0,0,0,1,0,0,0,0,0,0,0,0,0,0,0,0,0,False,False,False,True,False,False,False,True,False,False,True,False,False,False,False,False,True,False,0,0,0,0,0,1,0,0,0,0,0,0,0
Bungo Stray Dogs 2,0.7339667458432304,0.8055290753098189,0.022044088176352703,0.3867924528301887,0.23076923076923075,1,1,0,0,0,0,0,0,0,0,0,0,0,1,0,0,0,0,0,0,0,0,0,0,0,0,0,0,0,0,0,0,0,0,0,0,0,0,0,0,0,1,0,1,0,0,0,0,0,0,0,0,0,0,0,0,1,0,0,0,0,0,0,0,1,0,0,0,0,0,0,0,0,0,0,0,False,False,False,True,False,False,False,True,False,False,True,False,False,False,False,False,True,False,0,0,1,0,0,0,0,0,0,1,0,0,0
Steins;Gate 0,0.824228028503563,0.8045757864632984,0.044088176352705406,0.6572327044025158,0.1794871794871795,0,0,0,0,0,0,0,0,0,0,0,0,0,0,1,0,0,0,0,0,0,0,0,0,0,0,0,0,0,0,0,0,0,0,0,0,0,0,0,0,0,0,0,0,0,0,0,0,0,0,0,0,0,0,0,1,0,0,0,0,0,0,0,0,0,0,0,1,0,1,0,0,0,0,0,0,False,False,False,True,False,False,False,False,True,False,False,True,False,False,False,False,True,False,1,0,0,0,0,1,0,0,0,0,1,0,1
"No Game, No Life: Zero",0.7315914489311166,0.8036224976167778,0.0,0.5974842767295597,,0,0,0,0,0,0,0,0,0,0,0,0,0,0,1,0,0,0,1,0,0,0,0,0,0,0,0,0,1,0,0,0,0,0,0,0,0,0,0,0,0,0,0,0,0,0,0,0,0,0,0,0,1,0,0,0,0,0,0,0,0,0,0,0,0,0,0,0,0,0,0,0,0,0,0,0,False,False,False,True,False,False,False,True,False,True,False,False,False,False,False,False,False,False,0,1,1,0,0,0,0,0,0,0,0,0,0
Akira,0.7315914489311166,0.8026692087702574,0.0,0.5566037735849056,,1,0,0,0,0,0,0,0,0,0,0,0,0,0,0,0,0,0,0,0,0,1,0,0,0,0,1,0,0,0,0,0,0,0,0,0,0,0,0,1,0,0,0,0,0,0,0,0,0,0,0,0,0,0,0,1,1,0,0,0,0,0,0,0,1,0,0,0,0,0,0,0,0,0,0,0,False,False,False,True,False,False,False,True,False,True,False,False,False,False,False,False,False,False,0,0,1,0,0,0,0,0,0,0,1,0,0
Blood Blockade Battlefront,0.5961995249406176,0.8017159199237369,0.022044088176352703,0.6226415094339623,0.2564102564102564,1,0,0,0,0,0,0,0,0,0,0,0,0,0,0,0,0,0,1,0,0,0,0,0,0,0,0,0,0,0,0,0,0,0,0,0,0,0,0,0,0,0,0,0,0,0,0,0,0,0,0,0,0,0,0,0,0,0,1,0,0,0,0,0,1,0,0,0,0,0,1,1,0,0,0,0,False,False,False,True,False,False,False,True,False,False,True,False,False,False,False,False,True,False,0,0,0,0,1,0,0,0,1,0,0,0,0
Demon Slayer: Kimetsu no Yaiba Mugen Train Arc,0.7767220902612826,0.8007626310772165,0.012024048096192383,0.42452830188679247,0.10256410256410256,1,0,0,0,0,0,0,0,0,0,0,0,0,0,0,0,0,0,0,0,0,0,0,0,0,1,0,0,0,0,0,0,0,0,0,0,0,0,0,0,0,0,0,0,0,0,0,0,0,0,0,0,0,0,0,0,0,0,1,0,0,0,0,0,0,1,0,0,0,0,0,0,0,0,0,0,False,False,False,True,False,False,False,True,False,False,True,False,False,False,False,False,False,True,0,0,0,0,1,1,0,0,0,0,1,0,0
86 Eighty-Six,0.7743467933491688,0.7998093422306959,0.02004008016032064,0.5220125786163522,0.10256410256410256,0,0,0,0,0,0,0,0,0,0,0,0,0,0,1,0,0,0,0,0,0,0,0,0,0,0,0,0,0,0,0,0,0,0,0,0,0,1,0,1,0,0,0,0,0,0,0,0,0,0,0,0,0,0,0,1,0,0,0,0,0,0,0,0,0,0,0,0,0,0,0,0,0,0,0,0,False,False,False,True,False,False,False,True,False,False,True,False,False,False,False,False,False,True,0,0,1,0,0,0,0,0,0,0,0,0,0
Fruits Basket 1st Season,0.7434679334916867,0.7988560533841754,0.04809619238476953,0.6540880503144655,0.15384615384615385,0,0,0,0,0,0,0,0,0,0,0,0,0,0,1,0,0,0,0,0,0,0,0,0,0,0,0,0,0,0,0,0,1,0,0,0,0,0,0,0,0,0,0,0,0,0,0,0,0,0,0,0,1,0,1,0,0,1,0,0,0,0,0,0,0,1,0,0,0,0,0,0,0,0,0,0,False,False,False,True,False,False,False,True,False,False,False,True,False,False,False,False,True,False,1,0,0,1,0,0,0,0,0,0,0,0,0
Yona of the Dawn,0.7007125890736341,0.7979027645376549,0.046092184368737465,0.5660377358490566,0.28205128205128205,0,0,1,0,0,0,0,0,0,0,0,0,0,0,0,0,0,0,1,0,0,0,0,0,0,0,0,0,0,0,0,0,0,0,0,0,0,0,0,0,0,0,0,0,0,0,0,0,0,0,0,0,1,0,0,0,0,1,0,0,0,0,0,0,0,0,0,0,0,0,0,0,0,0,0,0,False,False,False,True,False,False,False,True,False,False,False,True,False,False,False,False,True,False,0,0,0,0,0,0,1,0,0,0,0,0,0
The Garden of Words,0.6603325415676962,0.7969494756911344,0.0,0.3207547169811321,,0,0,0,0,0,1,0,0,0,0,0,0,0,0,1,0,0,0,0,0,0,0,0,0,0,0,0,0,0,0,0,0,0,0,0,0,0,0,0,0,0,0,0,0,0,0,0,0,0,0,0,0,1,0,0,0,0,0,0,0,0,0,0,0,0,0,0,0,0,0,0,0,0,0,1,0,False,False,False,True,False,False,False,True,False,True,False,False,False,False,False,False,False,False,0,0,0,0,0,0,0,0,0,0,0,0,0
Boruto: Naruto Next Generations,0.21377672209026133,0.7959961868446139,0.5851703406813626,0.5408805031446541,0.20512820512820512,1,0,1,0,0,0,0,0,0,0,0,0,0,0,0,0,0,0,1,0,0,0,0,0,0,0,0,0,0,0,0,0,0,0,0,0,1,0,0,0,0,0,0,0,0,0,0,0,0,0,0,0,0,0,0,0,0,0,1,0,0,0,0,0,0,0,0,0,0,0,0,0,0,0,0,0,False,False,False,True,False,True,False,False,False,False,False,False,False,True,False,False,True,False,0,0,1,0,0,0,0,0,0,0,0,0,0
Kuroko's Basketball 2,0.7410926365795725,0.7950428979980935,0.04809619238476953,0.4937106918238994,0.3076923076923077,0,0,0,0,0,0,0,0,0,0,0,0,0,0,0,0,0,0,0,0,0,0,0,0,0,0,0,0,0,0,0,0,0,0,0,0,0,0,0,0,0,0,0,0,0,0,0,0,0,0,0,0,0,0,1,0,0,0,1,0,0,0,1,0,0,0,0,0,1,0,0,0,0,0,0,0,False,False,False,True,False,False,False,True,False,False,False,True,False,False,False,False,True,False,1,0,0,0,0,0,0,1,0,0,0,0,0
Fate/stay night [Unlimited Blade Works] Season 2,0.7695961995249407,0.7940896091515729,0.02404809619238477,0.4591194968553459,0.2564102564102564,1,0,0,0,0,0,0,0,0,0,0,0,0,0,0,0,0,0,1,0,0,0,0,0,0,0,0,0,0,0,0,0,0,0,0,0,0,0,0,0,0,0,0,0,0,0,0,0,0,0,0,0,0,0,0,0,0,0,0,0,0,0,0,0,0,0,0,0,0,0,1,0,0,0,0,0,False,False,False,True,False,False,False,True,False,False,True,False,False,False,False,False,True,False,0,1,1,0,0,0,0,0,0,0,0,0,0
Haikyu!! To the Top 2nd-cour,0.8266033254156773,0.7931363203050524,0.022044088176352703,0.4968553459119497,0.1282051282051282,0,0,0,0,0,0,0,0,0,0,0,0,0,0,0,0,0,0,0,0,0,0,0,0,0,0,0,0,0,0,0,0,0,0,0,0,0,0,0,0,0,0,0,0,0,0,0,0,0,0,0,0,0,0,1,0,0,0,1,0,0,0,1,0,0,0,0,0,1,0,0,0,0,0,0,0,False,False,False,True,False,False,False,False,True,False,True,False,False,False,False,False,True,False,1,0,0,0,0,0,0,1,0,0,0,0,0
Great Teacher Onizuka,0.8551068883610451,0.792183031458532,0.08416833667334668,0.6729559748427674,0.6666666666666666,0,0,0,0,0,0,0,0,0,0,1,0,1,0,0,0,0,0,0,0,0,0,0,0,0,0,0,0,0,0,0,0,0,0,0,0,0,0,0,0,0,0,0,0,0,0,0,0,0,0,0,0,0,0,1,0,0,0,1,0,0,0,0,0,0,0,0,0,0,0,0,0,0,0,0,1,False,False,False,True,False,False,False,False,True,False,False,False,True,False,True,False,False,False,1,0,1,0,0,0,0,0,0,0,0,0,1
Btooom!,0.517814726840855,0.7912297426120114,0.022044088176352703,0.5628930817610063,0.3333333333333333,1,0,0,0,0,0,0,0,0,0,0,0,0,0,0,0,0,0,0,0,0,1,0,0,1,0,0,0,0,0,0,0,0,0,0,0,0,0,0,0,0,0,0,0,0,0,0,0,1,0,0,0,0,0,0,1,1,0,0,0,0,0,0,0,0,0,1,1,0,0,0,0,0,0,0,0,False,False,False,True,False,False,True,False,False,False,True,False,False,False,False,False,True,False,0,0,0,0,0,0,0,1,0,0,0,0,0
Dragon Ball Super,0.5676959619952495,0.7902764537654909,0.2605210420841683,0.2861635220125786,0.2564102564102564,1,0,1,0,0,0,0,0,0,0,1,0,0,0,0,0,0,0,1,0,0,0,0,0,0,0,0,0,0,0,0,0,0,0,0,0,1,0,0,0,0,0,0,0,0,0,0,0,0,0,0,0,0,0,0,0,0,0,1,0,0,0,0,0,0,0,0,0,0,0,0,0,0,0,0,0,False,False,False,True,False,False,True,False,False,False,False,False,False,True,False,False,True,False,0,0,1,0,0,0,0,0,0,0,0,0,0
Trinity Seven,0.463182897862233,0.7893231649189705,0.022044088176352703,0.4811320754716981,0.28205128205128205,1,0,0,0,0,0,0,0,0,0,1,0,0,0,0,1,0,0,1,0,0,0,0,1,0,0,0,0,0,0,0,0,0,0,0,0,0,0,0,0,0,0,0,0,0,0,0,0,0,0,0,0,1,0,1,0,0,0,1,0,0,0,0,0,0,0,0,0,0,0,0,0,0,0,0,0,False,False,False,True,False,False,True,False,False,False,True,False,False,False,False,False,True,False,1,1,0,0,0,0,0,0,0,0,0,0,0
Is It Wrong to Try to Pick Up Girls in a Dungeon? II,0.5130641330166272,0.78836987607245,0.022044088176352703,0.39937106918238996,0.15384615384615385,1,0,1,0,0,0,0,0,0,0,0,0,0,0,0,0,0,0,1,0,0,0,0,0,0,0,0,0,0,0,0,0,0,0,0,0,0,0,0,0,0,0,0,0,0,0,0,0,0,0,0,0,0,0,0,0,0,0,0,0,0,0,0,0,0,0,0,0,0,0,0,0,0,0,0,0,False,False,False,True,False,False,True,False,False,False,True,False,False,False,False,False,True,False,0,0,0,0,0,0,0,0,0,0,0,0,0
Mushi-Shi,0.8479809976247032,0.7874165872259294,0.0501002004008016,0.5314465408805031,0.5128205128205128,0,1,1,0,0,0,0,0,0,0,0,0,0,0,0,0,0,0,0,0,0,0,0,0,0,1,0,0,0,1,0,0,0,0,0,0,0,0,0,0,0,1,0,0,0,0,0,0,0,0,0,0,0,0,0,0,1,0,0,0,1,0,0,0,0,1,0,0,0,0,0,0,0,0,0,0,False,False,False,True,False,False,False,False,True,False,False,True,False,False,False,True,False,False,0,0,1,0,0,0,1,0,0,0,0,0,0
Magi: The Kingdom of Magic,0.7410926365795725,0.786463298379409,0.04809619238476953,0.4371069182389937,0.3076923076923077,1,0,1,0,0,0,0,0,0,0,0,0,0,0,0,0,0,0,1,0,0,0,0,0,0,0,0,0,0,0,0,0,0,0,0,0,0,0,0,0,0,0,0,0,0,0,0,0,0,0,0,0,0,0,0,0,0,0,1,0,0,0,0,0,0,0,0,0,0,0,0,0,0,0,0,0,False,False,False,True,False,False,False,True,False,False,False,True,False,False,False,False,True,False,0,1,1,0,0,0,1,1,0,0,0,0,0
Fire Force Season 2,0.6508313539192401,0.7855100095328884,0.046092184368737465,0.5566037735849056,0.1282051282051282,1,0,0,0,0,0,0,0,0,0,0,0,0,0,0,0,0,0,1,0,0,0,0,0,0,0,0,0,0,0,0,0,0,0,0,0,0,0,0,0,0,0,0,0,0,0,0,0,0,0,0,0,0,0,0,1,0,0,1,0,0,0,0,0,0,0,0,0,0,0,1,0,0,0,0,0,False,False,False,True,False,False,False,True,False,False,False,True,False,False,False,False,True,False,0,0,0,0,0,0,0,0,0,1,1,0,1
Orange,0.6057007125890737,0.784556720686368,0.02404809619238477,0.4716981132075472,0.23076923076923075,0,0,0,0,0,0,0,0,0,0,0,0,0,0,1,0,0,0,0,0,0,0,0,0,0,0,0,0,0,0,0,0,1,0,0,0,0,0,0,0,0,0,0,0,0,0,0,0,0,0,0,0,1,0,1,1,0,1,0,0,0,0,0,0,0,0,0,0,0,1,0,0,0,0,0,0,False,False,False,True,False,False,False,True,False,False,True,False,False,False,False,False,True,False,1,0,1,0,0,1,0,0,0,0,0,0,0
The Misfit of Demon King Academy,0.5320665083135394,0.7836034318398475,0.02404809619238477,0.5566037735849056,0.1282051282051282,1,0,0,0,0,0,0,0,0,0,0,0,0,0,0,0,0,0,1,0,0,0,0,0,0,0,0,0,0,0,0,0,0,0,0,0,0,0,0,0,0,0,0,0,0,0,0,0,0,0,1,0,0,0,1,0,0,0,0,0,0,0,0,0,0,0,0,0,0,0,0,0,0,0,0,0,False,False,False,True,False,False,True,False,False,False,True,False,False,False,False,False,True,False,1,1,1,0,1,1,0,0,0,0,0,0,0
FLCL,0.7030878859857481,0.782650142993327,0.010020040080160319,0.4528301886792453,,0,0,0,0,1,0,0,0,0,0,1,0,0,0,0,0,0,0,0,0,0,0,0,0,0,0,0,0,0,0,0,0,0,0,0,0,0,1,0,0,0,0,0,0,0,1,0,0,1,0,0,0,0,0,0,1,0,0,0,0,0,0,0,0,0,0,0,1,0,0,0,0,0,0,0,0,False,False,False,True,False,False,False,True,False,False,True,False,False,False,False,False,False,False,0,0,0,0,0,0,0,0,0,0,0,0,0
Kokoro Connect,0.6270783847980999,0.7816968541468065,0.02404809619238477,0.42138364779874216,0.3333333333333333,0,0,0,0,0,0,0,0,0,0,0,0,0,0,1,0,0,0,0,0,0,0,0,0,0,0,0,0,0,0,0,0,1,0,0,0,0,0,0,0,0,0,0,0,0,0,0,0,0,0,0,0,1,0,1,0,0,0,0,0,0,0,0,0,0,1,0,0,0,0,0,0,0,0,0,0,False,False,False,True,False,False,False,True,False,False,True,False,False,False,False,False,True,False,1,1,1,0,1,0,0,0,0,0,0,0,0
Grand Blue Dreaming,0.8004750593824228,0.780743565300286,0.022044088176352703,0.4088050314465409,0.1794871794871795,0,1,0,0,0,0,0,0,0,0,1,0,0,0,0,0,0,0,0,1,0,0,0,0,0,0,0,0,0,0,0,0,0,0,0,0,0,0,0,0,0,0,0,0,0,0,0,0,0,0,0,0,0,0,0,0,1,0,0,0,0,0,0,0,0,0,0,0,0,0,0,0,0,0,0,0,False,False,False,True,False,False,False,True,False,False,True,False,False,False,False,False,True,False,0,0,0,0,0,0,0,0,0,0,0,1,0
That Time I Got Reincarnated as a Slime Season 2 Part 2,0.7648456057007129,0.7797902764537655,0.022044088176352703,0.3836477987421384,0.10256410256410256,1,0,0,0,0,0,0,0,0,0,1,0,0,0,0,0,0,0,1,0,0,0,0,0,0,0,0,0,1,0,0,0,0,0,0,0,0,0,0,0,0,0,0,0,0,0,0,0,0,0,1,0,0,0,0,0,0,0,1,0,0,0,0,0,0,0,0,0,0,0,0,0,0,0,0,0,False,False,False,True,False,False,False,True,False,False,True,False,False,False,False,False,False,True,0,0,1,0,1,1,1,0,0,0,0,0,0
Daily Lives of High School Boys,0.7482185273159148,0.778836987607245,0.022044088176352703,0.33018867924528306,0.3333333333333333,0,0,0,0,0,0,0,0,0,0,1,0,0,0,0,0,0,0,0,1,0,0,0,0,0,0,0,0,0,0,0,0,0,0,0,0,0,0,0,0,0,0,0,0,0,0,0,0,0,0,0,0,0,0,1,0,0,0,0,0,0,0,0,0,0,0,0,0,0,0,0,0,0,0,0,0,False,False,False,True,False,False,False,True,False,False,True,False,False,False,False,False,True,False,1,0,0,1,0,1,0,0,1,0,0,0,0
Kabaneri of the Iron Fortress,0.5225653206650833,0.7778836987607245,0.022044088176352703,0.5660377358490566,0.23076923076923075,1,0,0,0,0,0,0,0,0,0,0,0,0,0,0,0,0,0,1,0,0,1,0,0,0,1,1,0,0,0,0,0,0,0,0,0,0,0,0,0,0,0,0,0,0,0,0,0,0,0,0,0,0,0,0,0,0,0,0,0,0,0,0,0,0,0,1,1,0,0,0,0,0,0,0,0,False,False,False,True,False,False,True,False,False,False,True,False,False,False,False,False,True,False,0,0,0,0,0,0,0,0,0,0,0,0,0
Serial Experiments Lain,0.7173396674584323,0.776930409914204,0.02404809619238477,0.6257861635220127,0.6923076923076923,0,0,0,0,1,1,0,0,0,0,0,0,0,0,1,0,0,0,0,0,0,0,0,0,0,0,0,0,0,0,0,0,0,0,0,0,0,0,0,0,0,1,0,0,0,0,0,0,1,0,0,0,0,0,0,1,0,0,0,0,0,0,0,0,0,1,0,1,0,0,0,0,0,0,0,0,False,False,False,True,False,False,False,True,False,False,True,False,False,False,True,False,False,False,1,0,1,0,0,1,1,0,0,1,0,0,1
Hell's Paradise,0.7149643705463185,0.7759771210676836,0.02404809619238477,0.5314465408805031,0.05128205128205128,1,0,1,0,0,0,0,0,0,0,0,0,0,0,0,0,0,0,0,0,0,1,0,0,0,1,0,0,0,0,0,0,0,0,0,0,0,0,0,0,0,0,0,0,0,0,0,0,0,0,0,0,0,1,0,0,0,0,1,0,0,0,0,0,0,1,0,0,0,0,0,0,0,0,0,0,False,False,False,True,False,False,False,True,False,False,True,False,False,False,False,False,False,True,0,0,1,0,0,0,1,0,0,1,0,0,1
GATE,0.6175771971496438,0.775023832221163,0.022044088176352703,0.5534591194968553,0.2564102564102564,1,0,1,0,0,0,0,0,0,0,0,0,0,0,0,0,0,0,1,0,0,0,0,0,0,0,0,0,1,0,0,0,0,0,0,0,0,0,0,1,0,0,0,0,0,0,0,0,0,0,0,0,0,0,0,0,0,0,0,0,0,0,0,0,0,0,0,0,0,0,0,0,0,0,0,0,False,False,False,True,False,False,False,True,False,False,True,False,False,False,False,False,True,False,0,0,1,0,1,0,0,1,0,0,0,0,0
"Don't Toy with Me, Miss Nagatoro",0.5035629453681711,0.7740705433746425,0.022044088176352703,0.3679245283018868,0.10256410256410256,0,0,0,0,0,0,0,0,0,0,1,0,0,0,0,0,0,0,0,0,0,0,0,0,0,0,0,0,0,0,0,0,0,1,0,0,0,0,0,0,0,0,0,0,0,0,0,0,0,0,0,0,1,0,1,0,0,0,0,0,0,0,0,0,0,0,0,0,0,0,0,0,0,0,0,0,False,False,False,True,False,False,True,False,False,False,True,False,False,False,False,False,False,True,1,0,1,0,0,0,0,0,0,0,0,0,0
Into the Forest of Fireflies' Light,0.7553444180522566,0.773117254528122,0.0,0.44025157232704404,,0,0,0,0,0,1,0,0,0,0,0,0,0,0,1,0,0,0,0,0,0,0,0,0,0,0,0,0,0,0,0,0,0,0,0,0,0,0,0,0,0,0,0,0,0,0,0,0,0,0,0,0,1,0,0,0,0,1,0,0,0,0,0,0,0,1,0,0,0,0,0,0,0,0,0,0,False,False,False,True,False,False,False,True,False,True,False,False,False,False,False,False,False,False,0,0,0,0,1,0,0,0,0,0,1,0,0
SHIMONETA: A Boring World Where the Concept of Dirty Jokes Doesn't Exist,0.5059382422802852,0.7721639656816015,0.022044088176352703,0.5660377358490566,0.2564102564102564,0,0,0,0,0,0,0,0,0,0,1,0,0,0,0,1,0,0,0,1,0,0,0,0,0,0,0,0,0,0,0,0,0,0,0,0,0,0,0,0,0,0,0,0,0,0,0,0,0,0,0,0,0,0,1,0,0,0,0,0,0,0,0,0,0,0,0,0,0,0,0,0,0,0,0,0,False,False,False,True,False,False,True,False,False,False,True,False,False,False,False,False,True,False,1,0,0,0,0,0,0,0,0,0,1,0,0
KonoSuba: God's Blessing on This Wonderful World! - Legend of Crimson,0.7909738717339669,0.771210676835081,0.0,0.46855345911949686,,0,0,1,0,0,0,0,0,0,0,1,0,0,0,0,0,0,0,1,0,0,0,0,0,0,0,0,0,1,0,0,0,0,0,0,0,0,0,0,0,0,0,0,0,0,1,0,0,0,0,0,0,0,0,0,0,0,0,0,0,0,0,0,0,0,0,0,0,0,0,0,0,0,0,0,0,False,False,False,True,False,False,False,True,False,True,False,False,False,False,False,False,False,False,0,1,1,0,1,0,0,0,0,0,0,0,0
Dandadan,0.802850356294537,0.7702573879885606,0.022044088176352703,0.4308176100628931,0.02564102564102564,1,0,0,0,0,0,0,0,0,0,1,0,0,0,0,0,0,0,0,0,0,0,0,0,0,0,0,0,0,0,0,0,0,0,0,0,0,0,0,0,0,0,0,0,0,0,0,0,0,0,0,0,0,0,0,0,0,0,1,0,0,0,0,0,0,1,0,0,0,0,0,0,0,0,0,0,False,False,False,True,False,False,False,True,False,False,True,False,False,False,False,False,False,True,1,0,1,0,1,1,0,0,0,0,0,0,0
Spice and Wolf,0.7434679334916867,0.76930409914204,0.02404809619238477,0.41509433962264153,0.4358974358974359,0,1,1,0,0,0,0,0,0,0,0,0,0,0,1,0,0,0,0,0,0,0,0,0,0,0,0,0,0,0,0,0,0,0,0,0,0,0,0,0,0,0,0,0,0,0,0,0,0,0,0,0,1,0,0,0,0,0,0,0,0,0,0,0,0,1,0,0,0,0,0,0,0,0,0,0,False,False,False,True,False,False,False,True,False,False,True,False,False,False,False,True,False,False,0,0,0,0,0,0,0,0,0,0,0,0,0
The Familiar of Zero,0.5035629453681711,0.7683508102955195,0.02404809619238477,0.5314465408805031,0.48717948717948717,1,0,1,0,0,0,0,0,0,0,1,0,0,0,0,1,0,0,1,0,0,0,0,1,0,0,0,0,1,0,0,0,0,0,0,0,0,0,0,0,0,0,0,0,0,0,0,0,0,0,0,0,1,0,1,0,0,0,0,0,0,0,0,0,0,0,0,0,0,0,0,0,0,0,0,0,False,False,False,True,False,False,True,False,False,False,True,False,False,False,False,True,False,False,1,1,0,0,0,0,0,0,0,0,0,0,0
A Certain Magical Index,0.5368171021377672,0.7673975214489991,0.046092184368737465,0.46855345911949686,0.4358974358974359,1,0,0,0,0,0,0,0,0,0,0,0,0,0,0,0,0,0,1,0,0,0,0,0,0,0,0,0,0,0,0,0,0,0,0,0,0,0,0,0,0,0,0,0,0,0,0,0,0,0,0,0,0,0,0,1,0,0,0,0,0,0,0,0,1,0,0,0,0,0,1,0,0,0,0,0,False,False,False,True,False,False,True,False,False,False,False,True,False,False,False,True,False,False,1,1,0,0,1,0,0,0,0,0,0,0,0
Wolf Children,0.8266033254156773,0.7664442326024785,0.0,0.5628930817610063,,0,0,0,0,0,1,0,0,1,0,0,0,0,0,0,0,0,0,0,0,0,0,0,0,0,0,0,0,0,0,0,0,0,0,0,0,0,0,0,0,0,0,0,0,0,0,0,0,0,0,0,0,0,0,0,0,0,0,0,0,1,0,0,0,0,1,0,0,0,0,0,0,0,0,0,0,False,False,False,True,False,False,False,False,True,True,False,False,False,False,False,False,False,False,1,0,1,0,0,0,0,0,0,0,0,0,0
Blue Lock,0.7292161520190026,0.765490943755958,0.046092184368737465,0.5408805031446541,0.07692307692307693,0,0,0,0,0,0,0,0,0,0,0,0,0,0,0,0,0,0,0,0,0,0,0,0,0,0,0,0,0,0,0,0,0,0,0,0,0,0,0,0,0,0,0,0,0,0,0,0,0,0,0,0,0,0,0,0,0,0,1,0,0,0,1,0,0,0,0,0,1,0,0,0,0,0,0,0,False,False,False,True,False,False,False,True,False,False,False,True,False,False,False,False,False,True,1,0,0,0,0,0,0,1,0,0,0,0,0
InuYasha,0.6627078384798102,0.7645376549094376,0.3326653306613226,0.5220125786163522,0.641025641025641,1,0,1,0,0,0,0,0,0,0,0,0,0,0,0,0,0,0,1,0,0,0,0,0,0,1,0,0,0,0,0,0,1,0,0,0,0,0,0,0,0,0,1,0,0,0,0,0,0,0,0,0,1,0,0,0,0,0,1,0,0,0,0,0,0,0,0,0,0,1,0,0,0,0,0,0,False,False,False,True,False,False,False,True,False,False,False,False,False,True,True,False,False,False,0,0,0,0,1,0,1,0,0,0,0,0,0
Higurashi: When They Cry,0.6627078384798102,0.7635843660629171,0.0501002004008016,0.5660377358490566,0.48717948717948717,0,0,0,0,0,0,0,0,0,0,0,0,0,0,0,0,0,0,0,0,0,1,0,0,0,0,1,0,0,0,0,0,0,0,0,0,0,0,0,0,0,1,0,0,0,0,0,0,1,0,0,0,0,0,0,0,0,0,0,0,0,0,0,0,0,0,0,1,0,0,0,0,0,0,0,0,False,False,False,True,False,False,False,True,False,False,False,True,False,False,False,True,False,False,1,0,0,0,0,0,0,0,0,1,1,0,0
The Rising of the Shield Hero Season 2,0.3444180522565321,0.7626310772163966,0.02404809619238477,0.30503144654088055,0.07692307692307693,1,0,1,0,0,0,0,0,0,0,0,0,0,0,1,0,0,0,1,0,0,0,0,0,0,0,0,0,1,0,0,0,0,0,0,0,0,0,0,0,0,0,0,0,0,0,0,0,0,0,0,0,0,0,0,0,0,0,0,0,0,0,0,0,0,0,0,0,0,0,0,0,0,0,0,0,False,False,False,True,False,False,True,False,False,False,True,False,False,False,False,False,False,True,0,0,0,0,1,0,0,0,0,0,1,0,0
Haganai: I don't have many friends,0.486935866983373,0.7616777883698761,0.022044088176352703,0.5283018867924528,0.358974358974359,0,0,0,0,0,0,0,0,0,0,1,0,0,0,0,1,0,0,0,0,0,0,0,1,0,0,0,0,0,0,0,0,0,0,0,0,0,0,0,0,0,0,0,0,0,0,0,0,0,0,0,0,1,0,1,0,0,0,0,0,0,0,0,0,0,0,0,0,0,0,0,0,0,0,0,0,False,False,False,True,False,False,True,False,False,False,True,False,False,False,False,False,True,False,1,0,0,0,0,0,0,0,1,0,0,0,0
Seraph of the End: Battle in Nagoya,0.6009501187648458,0.7607244995233555,0.022044088176352703,0.49056603773584906,0.2564102564102564,1,0,0,0,0,0,0,0,0,0,0,0,0,0,1,0,0,0,1,0,0,0,0,0,0,0,0,0,0,0,0,0,0,0,0,0,0,0,0,1,0,0,0,0,0,0,0,0,0,0,0,0,0,0,0,0,0,0,1,0,0,0,0,0,0,0,0,0,0,0,0,1,0,0,0,0,False,False,False,True,False,False,False,True,False,False,True,False,False,False,False,False,True,False,0,0,1,0,1,0,0,1,0,0,1,0,0
Yamada-kun and the Seven Witches,0.5795724465558194,0.7597712106768351,0.022044088176352703,0.619496855345912,0.2564102564102564,0,0,0,0,0,0,0,0,0,0,1,0,0,0,0,0,0,0,0,0,0,0,0,1,0,0,0,0,0,0,0,0,0,0,0,0,0,0,0,0,0,1,0,0,0,0,0,0,0,0,0,0,1,0,1,0,0,0,1,0,0,0,0,0,0,1,0,0,0,0,0,0,0,0,0,0,False,False,False,True,False,False,False,True,False,False,True,False,False,False,False,False,True,False,1,1,0,0,1,0,1,0,1,0,0,0,0
High School DxD BorN,0.5534441805225654,0.7588179218303146,0.022044088176352703,0.4339622641509434,0.2564102564102564,1,0,0,0,0,0,0,0,0,0,1,0,0,0,0,1,0,0,0,0,0,0,0,1,0,0,0,0,0,0,0,0,0,0,0,0,0,0,0,0,0,0,1,0,0,0,0,0,0,0,0,0,1,0,1,0,0,0,0,0,0,0,0,0,0,1,0,0,0,0,0,0,0,0,0,0,False,False,False,True,False,False,True,False,False,False,True,False,False,False,False,False,True,False,1,0,0,0,0,0,1,1,0,0,0,0,0
Free! - Iwatobi Swim Club,0.5320665083135394,0.7578646329837941,0.022044088176352703,0.5408805031446541,0.3076923076923077,0,0,0,0,0,0,0,0,0,0,0,0,0,0,0,0,0,0,0,0,0,0,0,0,0,0,0,0,0,0,0,0,0,0,0,0,0,0,0,0,0,0,0,0,0,0,0,0,0,0,0,0,0,0,1,0,0,0,0,0,0,0,1,0,0,0,0,0,0,0,0,0,0,0,0,0,False,False,False,True,False,False,True,False,False,False,True,False,False,False,False,False,True,False,1,0,0,0,0,0,0,1,0,0,0,0,0
The Girl Who Leapt Through Time,0.7149643705463185,0.7569113441372736,0.0,0.2893081761006289,,0,0,0,0,0,1,0,0,0,0,0,0,0,0,1,0,0,0,0,0,0,0,0,0,0,0,0,0,0,0,0,0,0,0,0,0,0,0,0,0,0,0,0,0,0,0,0,0,0,0,0,0,1,0,1,1,0,0,0,0,0,0,0,0,0,0,0,0,0,1,0,0,0,0,0,0,False,False,False,True,False,False,False,True,False,True,False,False,False,False,False,False,False,False,1,0,0,0,0,1,0,0,0,0,0,0,0
Sword Art Online: Alicization - War of Underworld,0.5938242280285035,0.7559580552907531,0.022044088176352703,0.4528301886792453,0.15384615384615385,1,0,1,0,0,0,0,0,0,0,0,0,0,0,0,0,0,0,1,0,0,0,0,0,0,0,0,0,0,0,0,0,0,0,0,0,0,0,0,0,0,0,0,0,0,0,0,0,0,0,0,0,0,0,0,0,0,0,0,0,0,0,0,0,0,0,0,0,0,0,0,0,1,0,0,0,False,False,False,True,False,False,False,True,False,False,True,False,False,False,False,False,True,False,0,1,0,0,0,0,0,0,0,1,0,0,0
Kakegurui××,0.4988123515439429,0.7550047664442326,0.022044088176352703,0.3805031446540881,0.15384615384615385,0,0,0,0,0,0,0,0,0,0,0,0,0,0,1,0,0,0,0,0,0,0,0,0,1,0,0,0,0,0,0,0,0,0,0,0,0,0,0,0,0,1,0,0,0,0,0,0,1,0,0,0,0,0,1,0,0,0,1,0,0,0,0,1,0,0,0,1,0,0,0,0,0,0,0,0,False,False,False,True,False,False,True,False,False,False,True,False,False,False,False,False,True,False,1,0,0,0,0,0,0,0,0,0,0,0,0
Mob Psycho 100 III,0.8622327790973874,0.7540514775977121,0.022044088176352703,0.39308176100628933,0.07692307692307693,1,0,0,0,0,0,0,0,0,0,1,0,0,0,0,0,0,0,0,0,0,0,0,0,0,0,0,0,0,0,0,0,0,0,0,0,0,0,0,0,0,0,0,0,0,0,0,0,0,0,0,0,0,0,0,0,0,0,0,0,0,0,0,0,0,1,0,0,0,0,0,0,0,0,0,0,False,False,False,True,False,False,False,False,True,False,True,False,False,False,False,False,False,True,1,0,1,0,1,0,0,0,0,0,0,0,0
Haven't You Heard? I'm Sakamoto,0.5843230403800477,0.7530981887511916,0.022044088176352703,0.2861635220125786,0.23076923076923075,0,0,0,0,0,0,0,0,0,0,1,0,0,0,0,0,0,0,0,1,0,0,0,0,0,0,0,0,0,0,0,0,0,0,0,0,0,0,0,0,0,0,0,0,0,0,0,0,0,0,0,0,0,0,1,0,1,0,0,0,0,0,0,0,0,0,0,0,0,0,0,0,0,0,0,0,False,False,False,True,False,False,False,True,False,False,True,False,False,False,False,False,True,False,1,0,0,0,0,0,0,0,0,0,0,0,0
Wonder Egg Priority,0.5866983372921615,0.7521448999046711,0.022044088176352703,0.4716981132075472,0.10256410256410256,0,0,0,0,0,0,0,0,0,0,0,0,0,0,1,0,0,0,0,0,0,0,0,0,0,0,0,0,0,0,0,0,0,0,0,0,0,0,0,0,0,0,0,0,0,0,0,0,1,0,0,0,0,0,0,0,0,0,0,0,0,0,0,0,0,1,0,1,0,0,0,0,0,0,0,0,False,False,False,True,False,False,False,True,False,False,True,False,False,False,False,False,False,True,0,0,0,0,1,0,0,0,0,0,0,0,1
The Eminence in Shadow,0.7505938242280286,0.7511916110581507,0.038076152304609215,0.6572327044025158,0.07692307692307693,1,0,0,0,0,0,0,0,0,0,1,0,0,0,0,0,0,0,1,0,0,0,0,0,0,0,0,0,1,0,0,0,0,0,0,0,0,0,0,0,0,0,0,0,0,0,0,0,0,0,1,0,0,0,0,0,0,0,0,0,0,0,0,0,0,0,0,0,0,0,0,0,0,0,0,0,False,False,False,True,False,False,False,True,False,False,False,True,False,False,False,False,False,True,1,1,0,0,0,0,0,1,0,0,0,0,0
Kuroko's Basketball 3,0.7624703087885984,0.7502383222116301,0.04809619238476953,0.4056603773584906,0.2564102564102564,0,0,0,0,0,0,0,0,0,0,0,0,0,0,0,0,0,0,0,0,0,0,0,0,0,0,0,0,0,0,0,0,0,0,0,0,0,0,0,0,0,0,0,0,0,0,0,0,0,0,0,0,0,0,1,0,0,0,1,0,0,0,1,0,0,0,0,0,1,0,0,0,0,0,0,0,False,False,False,True,False,False,False,True,False,False,False,True,False,False,False,False,True,False,1,0,0,0,0,0,0,1,0,0,0,0,0
Trigun,0.7458432304038007,0.7492850333651097,0.0501002004008016,0.5314465408805031,0.6923076923076923,1,1,1,0,0,0,0,0,0,0,0,0,0,0,0,0,0,0,0,0,0,0,0,0,0,0,0,0,0,0,0,0,0,0,0,0,0,0,0,0,0,0,0,0,0,0,0,0,0,0,0,0,0,0,0,1,0,0,1,0,0,0,0,0,0,0,0,0,0,0,0,0,0,0,0,0,False,False,False,True,False,False,False,True,False,False,False,True,False,False,True,False,False,False,0,0,0,0,0,0,0,0,0,0,0,0,0
Tonikawa: Over The Moon For You,0.6579572446555819,0.7483317445185891,0.022044088176352703,0.4779874213836478,0.1282051282051282,0,0,0,0,0,0,0,0,0,0,1,0,0,0,0,0,0,0,0,0,0,0,0,0,0,0,0,0,0,0,0,0,0,0,0,0,0,0,0,0,0,0,0,0,0,0,0,0,0,0,0,0,1,0,0,0,0,0,1,0,0,0,0,0,0,0,0,0,0,0,0,0,0,0,0,0,False,False,False,True,False,False,False,True,False,False,True,False,False,False,False,False,True,False,1,1,0,0,0,0,0,0,0,0,0,0,0
Domestic Girlfriend,0.3657957244655583,0.7473784556720686,0.022044088176352703,0.6855345911949686,0.15384615384615385,0,0,0,0,0,0,0,0,0,0,0,0,0,0,1,0,0,0,0,0,0,0,0,0,0,0,0,0,0,0,0,0,1,0,0,0,0,0,0,0,0,0,0,0,0,0,0,0,0,0,0,0,1,0,1,0,0,0,1,0,0,0,0,0,0,0,0,0,0,0,0,0,0,0,0,0,False,False,False,True,False,False,True,False,False,False,True,False,False,False,False,False,True,False,1,0,1,0,0,0,0,0,0,1,0,1,1
From the New World,0.7529691211401426,0.7464251668255482,0.04809619238476953,0.5911949685534591,0.3333333333333333,0,0,0,0,0,0,0,0,0,0,0,0,0,0,1,0,0,0,1,0,0,0,0,0,0,0,1,0,0,0,0,0,0,0,0,0,0,0,0,0,0,1,0,0,0,0,0,0,1,0,0,0,0,0,0,1,0,0,0,0,0,0,0,0,0,0,0,1,0,0,0,0,0,0,0,0,False,False,False,True,False,False,False,True,False,False,False,True,False,False,False,False,True,False,1,0,0,0,0,0,0,0,0,0,0,0,0
Blue Exorcist: Kyoto Saga,0.5368171021377672,0.7454718779790277,0.022044088176352703,0.5157232704402516,0.20512820512820512,1,0,0,0,0,0,0,0,0,0,0,0,0,0,0,0,0,0,0,0,0,0,0,0,0,0,0,0,0,0,0,0,0,0,0,0,0,0,0,0,0,0,1,0,0,0,0,0,0,0,0,0,0,0,1,0,0,0,1,0,0,0,0,0,0,1,0,0,0,0,0,0,0,0,0,0,False,False,False,True,False,False,True,False,False,False,True,False,False,False,False,False,True,False,1,0,0,0,1,0,0,1,0,1,0,0,0
Welcome to the N.H.K.,0.7672209026128267,0.7445185891325072,0.046092184368737465,0.44654088050314467,0.48717948717948717,0,0,0,0,0,0,0,0,0,0,1,0,0,0,1,0,0,0,0,0,0,0,0,0,0,0,0,0,0,0,0,0,0,0,0,0,0,0,0,0,0,0,0,0,1,0,0,0,1,0,0,0,1,0,0,0,0,0,0,0,0,0,0,0,0,0,0,0,0,0,0,0,0,0,0,0,False,False,False,True,False,False,False,True,False,False,False,True,False,False,False,True,False,False,0,0,0,0,0,0,0,1,0,0,0,0,1
Attack on Titan: Final Season - The Final Chapters,0.8978622327790975,0.7435653002859867,0.002004008016032064,0.5,,1,0,0,0,0,0,0,0,0,0,0,0,0,0,1,0,0,0,0,0,0,1,0,0,0,0,0,0,0,0,0,0,0,0,0,0,0,0,0,1,0,0,0,0,0,0,0,0,0,0,0,0,0,0,0,0,0,0,1,0,0,0,0,0,0,0,1,1,0,0,0,0,0,0,0,0,False,False,False,True,False,False,False,False,True,False,True,False,False,False,False,False,False,False,0,0,1,0,0,0,0,0,0,0,0,0,0
My Teen Romantic Comedy SNAFU Climax!,0.7767220902612826,0.7426120114394662,0.022044088176352703,0.4591194968553459,0.1282051282051282,0,0,0,0,0,0,0,0,0,0,1,0,0,0,0,0,0,0,0,0,0,0,0,0,0,0,0,0,0,0,0,0,1,0,0,0,0,0,0,0,0,0,0,0,0,0,0,0,0,0,0,0,1,0,1,0,0,0,0,0,0,0,0,0,0,0,0,0,0,0,0,0,0,0,0,0,False,False,False,True,False,False,False,True,False,False,True,False,False,False,False,False,True,False,1,0,1,0,1,0,1,0,1,0,0,1,0
My Hero Academia: Two Heroes,0.5795724465558194,0.7416587225929456,0.0,0.3805031446540881,,1,0,0,0,0,0,0,0,0,0,0,0,0,0,0,0,0,0,0,0,0,0,0,0,0,0,0,0,0,0,0,0,0,0,0,0,0,0,0,0,0,0,0,0,0,0,0,0,0,0,0,0,0,0,0,0,0,0,1,0,0,0,0,0,1,0,0,0,0,0,0,0,0,0,0,0,False,False,False,True,False,False,False,True,False,True,False,False,False,False,False,False,False,False,1,0,0,0,0,0,0,0,0,0,0,0,0
Akashic Records of Bastard Magic Instructor,0.48218527315914494,0.7407054337464252,0.022044088176352703,0.5157232704402516,0.20512820512820512,1,0,0,0,0,0,0,0,0,0,0,0,0,0,0,0,0,0,1,0,0,0,0,0,0,0,0,0,0,0,0,0,0,0,0,0,0,0,0,0,0,0,0,0,0,0,0,0,0,0,0,0,0,0,1,0,0,0,0,0,0,0,0,0,0,0,0,0,0,0,0,0,0,0,0,0,False,False,False,True,False,False,True,False,False,False,True,False,False,False,False,False,True,False,1,1,1,0,1,0,0,1,0,0,1,0,0
K,0.5558194774346794,0.7397521448999047,0.02404809619238477,0.5314465408805031,0.3333333333333333,1,0,0,0,0,0,0,0,0,0,0,0,0,0,0,0,0,0,0,0,0,0,0,0,0,0,0,0,0,0,0,0,0,0,0,0,0,0,0,0,0,1,0,0,0,0,0,0,0,0,0,0,0,0,0,0,0,0,0,0,0,0,0,0,1,0,0,0,0,0,0,0,0,0,0,0,False,False,False,True,False,False,True,False,False,False,True,False,False,False,False,False,True,False,1,0,1,0,1,0,1,0,0,1,0,0,0
Rascal Does Not Dream of a Dreaming Girl,0.8337292161520191,0.7387988560533842,0.0,0.3679245283018868,,0,0,0,0,0,0,0,0,0,0,0,0,0,0,1,0,0,0,0,0,0,0,0,0,0,0,0,0,0,0,0,0,0,0,0,0,0,0,0,0,0,0,0,0,0,0,0,0,0,0,0,0,1,0,1,0,0,0,0,0,0,0,0,0,0,1,0,0,0,0,0,0,0,0,0,0,False,False,False,True,False,False,False,False,True,True,False,False,False,False,False,False,False,False,1,0,0,0,0,0,0,0,0,0,0,0,0
Vinland Saga Season 2,0.8883610451306414,0.7378455672068638,0.046092184368737465,0.5125786163522013,0.05128205128205128,1,0,1,0,0,0,0,0,0,0,0,0,0,0,1,0,0,0,0,0,0,1,0,0,0,1,0,0,0,0,0,0,0,0,0,0,0,0,0,0,0,0,0,0,0,0,0,0,0,0,0,0,0,0,0,0,1,0,0,0,0,0,0,0,0,0,0,0,0,0,0,0,0,0,0,0,False,False,False,True,False,False,False,False,True,False,False,True,False,False,False,False,False,True,0,0,1,0,1,0,0,0,0,0,1,0,0
Arifureta: From Commonplace to World's Strongest,0.3895486935866983,0.7368922783603432,0.02404809619238477,0.5062893081761006,0.15384615384615385,1,0,1,0,0,0,0,0,0,0,0,0,0,0,0,0,0,0,1,0,0,0,0,1,0,0,0,0,1,0,0,0,0,0,0,0,0,0,0,0,0,0,0,0,0,0,0,0,0,0,0,0,0,0,0,0,0,0,0,0,0,0,0,0,0,0,0,0,0,0,0,0,0,0,0,0,False,False,False,True,False,False,True,False,False,False,True,False,False,False,False,False,True,False,0,0,0,0,1,0,0,0,0,0,1,0,0
Monster Musume: Everyday Life with Monster Girls,0.43705463182897875,0.7359389895138226,0.022044088176352703,0.4779874213836478,0.2564102564102564,0,0,0,1,0,0,0,0,0,0,1,0,0,0,0,1,0,0,1,0,0,0,0,1,0,0,0,0,0,0,0,0,0,0,0,0,0,0,0,0,0,0,0,0,0,0,0,0,0,0,0,0,1,0,0,0,1,0,0,0,0,0,0,0,0,0,0,0,0,0,1,0,0,0,0,0,False,False,False,True,False,False,True,False,False,False,True,False,False,False,False,False,True,False,0,0,0,1,0,0,0,0,0,0,0,0,1
Perfect Blue,0.824228028503563,0.7349857006673022,0.0,0.5408805031446541,,0,1,0,0,1,1,0,0,0,0,0,0,0,0,1,0,0,0,0,0,0,0,0,0,0,0,1,0,0,0,0,0,0,0,0,0,0,0,0,0,0,0,0,0,0,0,0,0,1,0,0,0,0,0,0,0,0,0,0,1,0,0,0,0,0,0,0,1,0,0,0,0,0,0,0,0,False,False,False,True,False,False,False,False,True,True,False,False,False,False,False,False,False,False,0,1,0,0,0,0,0,0,0,1,0,0,0
Grimgar: Ashes and Illusions,0.6128266033254157,0.7340324118207817,0.022044088176352703,0.5125786163522013,0.23076923076923075,1,0,1,0,0,0,0,0,0,0,0,0,0,0,1,0,0,0,1,0,0,0,0,0,0,0,0,0,1,0,0,0,0,0,0,0,0,0,0,0,0,0,0,0,0,0,0,0,0,0,0,0,0,0,0,0,0,0,0,0,0,0,0,0,0,0,0,0,0,0,0,0,0,0,0,0,False,False,False,True,False,False,False,True,False,False,True,False,False,False,False,False,True,False,0,1,1,0,0,0,1,0,0,0,0,0,0
The Quintessential Quintuplets 2,0.6959619952494063,0.7330791229742613,0.022044088176352703,0.3584905660377359,0.10256410256410256,0,0,0,0,0,0,0,0,0,0,1,0,0,0,0,0,0,0,0,0,0,0,0,1,0,0,0,0,0,0,0,0,0,0,0,0,0,0,0,0,0,0,0,0,0,0,0,0,0,0,0,0,1,0,1,0,0,0,1,0,0,0,0,0,0,0,0,0,0,0,0,0,0,0,0,0,False,False,False,True,False,False,False,True,False,False,True,False,False,False,False,False,False,True,1,0,0,0,0,0,0,0,0,0,0,0,0
Kiznaiver,0.5415676959619955,0.7321258341277408,0.022044088176352703,0.4968553459119497,0.23076923076923075,0,0,0,0,0,0,0,0,0,0,0,0,0,0,1,0,0,0,0,0,0,0,0,0,0,0,0,0,0,0,0,0,0,0,0,0,0,0,0,0,0,0,0,0,0,0,0,0,0,0,0,0,1,0,0,1,0,0,0,0,0,0,0,0,0,0,0,0,0,0,0,0,0,0,0,0,False,False,False,True,False,False,True,False,False,False,True,False,False,False,False,False,True,False,0,0,0,0,0,0,0,0,0,0,0,0,1
"Love, Chunibyo & Other Delusions!: Heart Throb",0.5866983372921615,0.7311725452812202,0.022044088176352703,0.2610062893081761,0.28205128205128205,0,0,0,0,0,0,0,0,0,0,1,0,0,0,0,0,0,0,0,0,0,0,0,0,0,0,0,0,0,0,0,0,0,0,0,0,0,0,0,0,0,0,0,0,0,0,0,0,0,0,0,0,1,0,1,0,0,0,0,0,0,0,0,0,0,0,0,0,0,0,0,0,0,0,0,0,False,False,False,True,False,False,False,True,False,False,True,False,False,False,False,False,True,False,1,0,1,0,0,0,0,0,0,0,0,0,0
How Not to Summon a Demon Lord,0.4133016627078385,0.7302192564346998,0.022044088176352703,0.5566037735849056,0.1794871794871795,1,0,0,0,0,0,0,0,0,0,1,0,0,0,0,1,0,0,1,0,0,0,0,1,0,0,0,0,1,0,0,0,0,0,0,0,0,0,0,0,0,0,0,0,0,0,0,0,0,0,0,0,1,0,0,0,0,0,0,0,0,0,0,0,0,0,0,0,0,0,0,0,0,0,0,0,False,False,False,True,False,False,True,False,False,False,True,False,False,False,False,False,True,False,0,1,1,0,1,0,0,1,0,0,0,0,0
The Seven Deadly Sins: Imperial Wrath of the Gods,0.33016627078384797,0.7292659675881792,0.046092184368737465,0.48427672955974843,0.15384615384615385,1,0,1,0,0,0,0,0,0,0,0,0,0,0,0,0,0,0,1,0,0,0,0,0,0,0,0,0,0,0,0,0,0,0,0,0,0,0,0,0,0,0,0,0,0,0,0,0,0,0,0,0,0,0,0,0,0,0,1,0,0,0,0,0,0,0,0,0,0,0,0,0,0,0,0,0,False,False,False,True,False,True,False,False,False,False,False,True,False,False,False,False,True,False,0,0,0,0,0,0,1,0,0,0,0,0,1
91 Days,0.6508313539192401,0.7283126787416587,0.022044088176352703,0.39308176100628933,0.23076923076923075,1,1,0,0,0,0,0,0,0,0,0,0,0,0,1,0,0,0,0,0,0,0,0,0,0,1,0,0,0,0,0,0,0,0,0,0,0,0,0,0,0,0,0,1,0,0,0,0,0,0,0,0,0,0,0,0,0,0,0,0,0,0,0,0,0,0,0,1,0,0,0,0,0,0,0,0,False,False,False,True,False,False,False,True,False,False,True,False,False,False,False,False,True,False,0,0,0,0,0,0,0,0,0,0,0,0,0
Hellsing,0.5748218527315916,0.7273593898951383,0.02404809619238477,0.5125786163522013,0.6153846153846154,1,1,0,0,0,0,0,0,0,0,0,0,0,0,0,0,0,0,0,0,0,1,0,0,0,0,1,0,0,0,0,0,0,0,0,0,0,0,0,0,0,0,0,0,0,0,0,0,0,0,0,0,0,0,0,0,1,0,0,0,0,0,0,0,0,1,0,0,0,0,0,1,0,0,0,0,False,False,False,True,False,False,True,False,False,False,True,False,False,False,False,True,False,False,0,0,0,0,1,0,0,0,0,0,0,0,0
My Hero Academia Season 6,0.7458432304038007,0.7264061010486178,0.04809619238476953,0.3836477987421384,0.07692307692307693,1,0,0,0,0,0,0,0,0,0,0,0,0,0,0,0,0,0,0,0,0,0,0,0,0,0,0,0,0,0,0,0,0,0,0,0,0,0,0,0,0,0,0,0,0,0,0,0,0,0,0,0,0,0,1,0,0,0,1,0,0,0,0,0,1,0,0,0,0,0,0,0,0,0,0,0,False,False,False,True,False,False,False,True,False,False,False,True,False,False,False,False,False,True,1,0,1,0,0,0,0,0,0,0,0,0,0
Tsuredure Children,0.5843230403800477,0.7254528122020973,0.022044088176352703,0.27044025157232704,0.20512820512820512,0,0,0,0,0,0,0,0,0,0,1,0,0,0,0,0,0,0,0,0,0,0,0,0,0,0,0,0,0,0,0,0,0,0,0,0,0,0,0,0,0,0,0,0,0,0,0,0,0,0,0,0,1,0,1,0,0,0,1,0,0,0,0,0,0,0,0,0,0,0,0,0,0,0,0,0,False,False,False,True,False,False,False,True,False,False,True,False,False,False,False,False,True,False,0,0,0,1,0,0,0,0,0,0,0,0,0
Sword Art Online the Movie: Ordinal Scale,0.5890736342042755,0.7244995233555768,0.0,0.4056603773584906,,1,0,1,0,0,0,0,0,0,0,0,0,0,0,0,0,0,0,0,0,0,0,0,0,0,0,0,0,0,0,0,0,0,0,0,0,0,0,0,0,0,0,0,0,0,0,0,0,0,0,0,0,0,0,0,1,0,0,0,0,0,0,0,0,0,0,0,0,0,0,0,0,1,0,0,0,False,False,False,True,False,False,False,True,False,True,False,False,False,False,False,False,False,False,0,0,1,0,0,0,1,0,0,0,0,0,0
Nisemonogatari,0.7220902612826603,0.7235462345090562,0.02004008016032064,0.389937106918239,0.3333333333333333,0,0,0,0,0,0,0,0,0,0,1,0,0,0,0,1,0,0,0,0,0,0,0,0,0,0,0,0,0,0,0,0,0,0,0,0,0,0,0,0,0,1,0,0,0,0,0,0,0,0,0,0,0,0,0,0,0,0,0,0,0,0,0,0,0,1,0,0,0,0,0,0,0,0,0,0,False,False,False,True,False,False,False,True,False,False,True,False,False,False,False,False,True,False,0,0,0,0,1,0,0,0,0,0,0,0,0
Food Wars! The Third Plate: Totsuki Train Arc,0.6769596199524941,0.7225929456625357,0.022044088176352703,0.37735849056603776,0.1794871794871795,0,0,0,0,0,0,0,0,0,0,0,0,0,0,0,1,0,0,0,0,0,0,1,0,0,0,0,0,0,0,0,0,0,0,0,0,0,0,0,0,0,0,0,0,0,0,0,0,0,0,0,0,0,0,1,0,0,0,1,0,0,0,0,0,0,0,0,0,0,0,0,0,0,0,0,0,False,False,False,True,False,False,False,True,False,False,True,False,False,False,False,False,True,False,1,0,0,0,0,0,0,0,0,0,0,0,0
Classroom of the Elite II,0.7102137767220904,0.7216396568160153,0.02404809619238477,0.4276729559748428,0.07692307692307693,0,0,0,0,0,0,0,0,0,0,0,0,0,0,1,0,0,0,0,0,0,0,0,0,0,0,0,0,0,0,0,0,0,0,0,0,0,0,0,0,0,0,0,0,0,0,0,0,1,0,0,0,0,0,1,0,0,0,0,0,0,0,0,0,0,0,0,1,0,0,0,0,0,0,0,0,False,False,False,True,False,False,False,True,False,False,True,False,False,False,False,False,False,True,1,0,0,0,0,0,0,0,0,0,0,0,0
The Seven Deadly Sins: Signs of Holy War,0.4441805225653208,0.7206863679694948,0.0060120240480961915,0.2893081761006289,0.23076923076923075,1,0,1,0,0,0,0,0,0,0,0,0,0,0,0,0,0,0,1,0,0,0,0,0,0,0,0,0,0,0,0,0,0,0,0,0,0,0,0,0,0,0,0,0,0,0,0,0,0,0,0,0,0,0,0,0,0,0,1,0,0,0,0,0,0,0,0,0,0,0,0,0,0,0,0,0,False,False,False,True,False,False,True,False,False,False,True,False,False,False,False,False,True,False,0,0,1,0,0,0,1,0,0,0,0,0,0
Eromanga Sensei,0.2921615201900236,0.7197330791229744,0.022044088176352703,0.4716981132075472,0.20512820512820512,0,0,0,0,0,0,0,0,0,0,1,0,0,0,0,1,0,0,0,0,0,0,0,0,0,0,0,0,0,0,0,0,0,0,0,0,0,0,0,0,0,0,0,0,1,0,0,0,0,0,0,0,1,0,0,0,0,0,0,0,0,0,0,0,0,0,0,0,0,0,0,0,0,0,0,0,False,False,False,True,False,True,False,False,False,False,True,False,False,False,False,False,True,False,0,0,0,0,0,0,0,0,0,0,0,0,0
Nana,0.8289786223277911,0.7187797902764538,0.09218436873747494,0.5534591194968553,0.48717948717948717,0,1,0,0,0,0,0,0,0,0,0,0,0,0,1,0,0,0,0,0,0,0,0,0,0,0,0,0,0,0,0,0,1,0,0,0,0,0,0,0,1,0,0,0,0,0,0,0,0,0,0,0,1,0,0,0,0,1,0,0,0,0,0,0,0,0,0,0,0,0,0,0,0,0,0,0,False,False,False,True,False,False,False,False,True,False,False,False,True,False,False,True,False,False,0,0,1,1,0,1,0,0,0,0,0,0,0
Mashle: Magic and Muscles,0.6033254156769596,0.7178265014299333,0.022044088176352703,0.5,0.05128205128205128,1,0,0,0,0,0,0,0,0,0,1,0,0,0,0,0,0,0,1,1,0,0,0,0,0,0,0,0,0,0,0,0,0,0,0,0,0,0,0,0,0,0,0,0,0,1,0,0,0,0,0,0,0,0,1,0,0,0,1,0,0,0,0,0,0,0,0,0,0,0,0,0,0,0,0,0,False,False,False,True,False,False,False,True,False,False,True,False,False,False,False,False,False,True,1,1,0,0,0,0,0,0,0,0,0,0,0
Grave of the Fireflies,0.819477434679335,0.7168732125834127,0.0,0.4339622641509434,,0,0,0,0,0,0,0,0,0,0,0,0,0,0,1,0,0,0,0,0,0,0,0,0,0,1,0,0,0,0,0,0,0,0,0,0,0,0,0,0,0,0,0,0,0,0,0,0,0,0,0,0,0,0,0,0,0,0,0,0,0,0,0,0,0,0,0,0,0,0,0,0,0,0,0,0,False,False,False,True,False,False,False,False,True,True,False,False,False,False,False,False,False,False,0,0,1,0,0,1,0,0,0,0,0,0,0
Berserk,0.8384798099762472,0.7159199237368923,0.04809619238476953,0.6886792452830189,0.717948717948718,1,0,1,0,0,0,0,0,0,0,0,0,0,0,1,0,0,0,1,0,0,1,0,0,0,0,1,0,0,0,0,0,0,0,0,0,0,0,0,1,0,0,0,0,0,0,0,0,1,0,0,0,0,0,0,0,1,0,0,0,0,0,0,0,0,0,0,0,0,0,0,0,0,0,0,0,False,False,False,True,False,False,False,False,True,False,False,True,False,False,True,False,False,False,0,0,1,0,0,0,1,1,0,0,0,0,0
The Apothecary Diaries,0.8978622327790975,0.7149666348903718,0.046092184368737465,0.4308176100628931,0.05128205128205128,0,0,0,0,0,0,0,0,0,0,0,0,0,0,1,0,0,0,0,0,0,0,0,0,0,1,0,0,0,0,0,0,0,0,0,0,0,0,1,0,0,1,0,0,0,0,0,0,0,0,0,0,0,0,0,0,0,0,0,0,0,0,0,0,0,0,0,0,0,0,0,0,0,0,0,0,False,False,False,True,False,False,False,False,True,False,False,True,False,False,False,False,False,True,0,0,0,0,0,0,0,0,0,1,1,0,0
Accel World,0.5035629453681711,0.7140133460438514,0.046092184368737465,0.6729559748427674,0.3333333333333333,1,0,0,0,0,0,0,0,0,0,0,0,0,0,0,0,0,0,0,0,0,0,0,0,0,0,0,0,0,0,0,0,0,0,0,0,0,0,0,0,0,0,0,0,0,0,0,0,0,0,0,0,1,0,1,1,0,0,0,0,0,0,0,0,0,0,0,0,0,0,0,0,1,0,0,0,False,False,False,True,False,False,True,False,False,False,False,True,False,False,False,False,True,False,1,0,0,0,0,0,0,0,0,0,0,0,0
Yu Yu Hakusho: Ghost Files,0.802850356294537,0.7130600571973309,0.2224448897795591,0.4308176100628931,0.8461538461538461,1,0,0,0,0,0,0,0,0,0,0,0,0,0,0,0,0,0,0,0,0,0,0,0,0,0,0,0,0,0,0,0,0,0,0,0,1,0,0,0,0,0,1,0,0,0,0,0,0,0,0,0,0,0,0,0,0,0,1,0,0,0,0,0,0,1,0,0,0,0,0,0,0,0,0,0,False,False,False,True,False,False,False,True,False,False,False,False,False,True,True,False,False,False,0,0,1,0,1,1,0,0,0,1,0,0,0
K-ON! Season 2,0.7363420427553444,0.7121067683508103,0.0501002004008016,0.5,0.3846153846153846,0,0,0,0,0,1,0,1,0,0,1,0,0,0,0,0,0,0,0,0,0,0,0,0,0,0,0,0,0,0,0,0,0,0,0,0,0,0,0,0,1,0,0,0,0,0,0,0,0,0,0,0,0,0,1,0,0,0,0,0,0,0,0,0,0,0,0,0,0,0,0,0,0,0,0,0,False,False,False,True,False,False,False,True,False,False,False,True,False,False,False,True,False,False,1,0,0,0,0,0,0,0,1,0,0,0,1
Bocchi the Rock!,0.8693586698337292,0.7111534795042898,0.022044088176352703,0.34905660377358494,0.07692307692307693,0,0,0,0,0,0,0,1,0,0,1,0,0,0,0,0,0,0,0,0,0,0,0,0,0,0,0,0,0,0,0,0,0,0,0,0,0,0,0,0,1,0,0,0,0,0,0,0,0,0,0,0,0,0,0,0,0,0,0,0,0,0,0,0,0,0,0,0,0,0,0,0,0,0,0,0,False,False,False,True,False,False,False,False,True,False,True,False,False,False,False,False,False,True,1,0,0,0,0,0,0,0,0,0,0,0,0
Nisekoi: False Love Season 2,0.5368171021377672,0.7102001906577693,0.022044088176352703,0.33018867924528306,0.2564102564102564,0,0,0,0,0,0,0,0,0,0,1,0,0,0,0,0,0,0,0,0,0,0,0,1,0,0,0,0,0,0,0,0,0,0,0,0,0,0,0,0,0,0,0,0,0,0,0,0,0,0,0,0,1,0,1,0,0,0,1,0,0,0,0,0,0,0,0,0,0,0,0,0,0,0,0,0,False,False,False,True,False,False,True,False,False,False,True,False,False,False,False,False,True,False,0,0,1,0,0,0,0,0,0,0,0,0,0
Ranking of Kings,0.8099762470308789,0.7092469018112488,0.044088176352705406,0.449685534591195,0.10256410256410256,0,0,1,0,0,0,0,0,0,0,0,0,0,0,0,0,0,0,1,0,0,0,0,0,0,0,0,0,0,0,0,0,0,0,0,0,0,0,0,0,0,0,0,0,0,0,0,0,0,0,0,0,0,0,0,0,0,0,0,0,0,0,0,0,0,0,0,0,0,0,0,0,0,0,0,0,False,False,False,True,False,False,False,True,False,False,False,True,False,False,False,False,False,True,0,0,1,0,0,0,1,0,0,0,0,0,1
Call of the Night,0.6817102137767221,0.7082936129647284,0.02404809619238477,0.5974842767295597,0.07692307692307693,0,0,0,0,0,0,0,0,0,0,0,0,0,0,0,0,0,0,0,0,0,0,0,0,0,0,0,0,0,0,0,0,0,0,0,0,0,0,0,0,0,0,0,0,0,0,0,0,0,0,0,0,1,0,0,0,0,0,1,0,0,0,0,0,0,1,0,0,0,0,0,1,0,0,0,0,False,False,False,True,False,False,False,True,False,False,True,False,False,False,False,False,False,True,1,0,0,0,1,0,0,0,0,0,0,0,0
Great Pretender,0.7387173396674585,0.7073403241182079,0.044088176352705406,0.5220125786163522,0.1282051282051282,1,1,1,0,0,0,0,0,0,0,0,0,0,0,0,0,0,0,0,0,0,0,0,0,0,0,0,0,0,0,0,0,0,0,0,0,0,0,0,0,0,1,0,1,0,0,0,0,0,0,0,0,0,0,0,0,0,0,0,0,0,0,0,0,0,0,0,0,0,0,0,0,0,0,0,0,False,False,False,True,False,False,False,True,False,False,False,True,False,False,False,False,True,False,0,0,0,0,0,0,0,0,0,1,0,0,0
Himouto! Umaru-chan,0.4774346793349169,0.7063870352716873,0.022044088176352703,0.4119496855345912,0.2564102564102564,0,0,0,0,0,0,0,0,0,0,1,0,0,0,0,0,0,0,0,0,0,0,0,0,0,0,0,0,0,0,0,0,0,0,0,0,0,0,0,0,0,0,0,0,1,0,0,0,0,0,0,0,0,0,1,0,1,0,0,0,0,0,0,0,0,0,0,0,0,0,0,0,0,0,0,0,False,False,False,True,False,False,True,False,False,False,True,False,False,False,False,False,True,False,1,0,0,0,0,0,0,0,0,0,0,0,0
Snow White with the Red Hair,0.6365795724465559,0.7054337464251669,0.022044088176352703,0.5283018867924528,0.2564102564102564,0,0,0,0,0,0,0,0,0,0,0,0,0,0,1,0,0,0,0,0,0,0,0,0,0,0,0,0,0,0,0,0,0,0,0,0,0,0,1,0,0,0,0,0,0,0,0,0,0,0,0,0,1,0,0,0,0,1,0,0,0,0,0,0,0,0,0,0,0,0,0,0,0,0,0,0,False,False,False,True,False,False,False,True,False,False,True,False,False,False,False,False,True,False,0,0,1,0,0,0,0,0,0,0,0,0,0
Scum's Wish,0.4750593824228029,0.7044804575786463,0.022044088176352703,0.4748427672955975,0.20512820512820512,0,0,0,0,0,0,0,0,0,0,0,0,0,0,1,0,0,0,0,0,0,0,0,0,0,0,0,0,0,0,0,0,1,0,0,0,0,0,0,0,0,0,0,0,0,0,0,0,0,0,0,0,1,0,1,0,1,0,0,0,0,0,0,0,0,0,0,0,0,0,0,0,0,0,0,0,False,False,False,True,False,False,True,False,False,False,True,False,False,False,False,False,True,False,1,0,0,1,0,0,0,0,0,0,0,0,0
Angels of Death,0.4465558194774346,0.7035271687321258,0.03006012024048096,0.3584905660377359,0.1794871794871795,0,0,1,0,0,0,0,0,0,0,0,0,0,0,0,0,0,0,0,0,0,1,0,0,0,0,1,0,0,0,0,0,0,0,0,0,0,0,0,0,0,0,0,0,0,0,0,0,1,0,0,0,0,0,0,0,0,0,0,0,0,0,0,0,0,0,0,1,0,0,0,0,0,0,0,0,False,False,False,True,False,False,True,False,False,False,False,True,False,False,False,False,True,False,0,0,1,0,0,0,0,0,0,1,0,0,0
D.Gray-man,0.6935866983372923,0.7025738798856054,0.20440881763527052,0.4779874213836478,0.48717948717948717,1,0,1,0,0,0,0,0,0,0,0,0,0,0,0,0,0,0,1,0,0,0,0,0,0,0,0,0,0,0,0,0,0,0,0,0,0,0,0,0,0,0,0,0,0,0,0,0,0,0,0,0,0,0,0,0,0,0,1,0,0,0,0,0,0,0,0,0,0,0,1,0,0,0,0,0,False,False,False,True,False,False,False,True,False,False,False,False,False,True,False,True,False,False,0,0,0,0,0,1,0,0,0,0,1,0,0
My Love Story!!,0.667458432304038,0.7016205910390849,0.046092184368737465,0.4591194968553459,0.2564102564102564,0,0,0,0,0,0,0,0,0,0,1,0,0,0,0,0,0,0,0,0,0,0,0,0,0,0,0,0,0,0,0,0,0,0,0,0,0,0,0,0,0,0,0,0,0,0,0,0,0,0,0,0,1,0,0,0,0,1,0,0,0,0,0,0,0,0,0,0,0,0,0,0,0,0,0,0,False,False,False,True,False,False,False,True,False,False,False,True,False,False,False,False,True,False,1,0,0,1,0,0,0,0,0,0,0,0,0
March Comes In Like a Lion,0.7814726840855106,0.7006673021925645,0.04208416833667334,0.5754716981132075,0.23076923076923075,0,0,0,0,0,0,0,0,1,0,0,0,0,0,1,0,0,0,0,0,0,0,0,0,0,0,0,0,0,0,0,0,0,0,0,0,0,0,0,0,0,0,0,0,0,0,0,0,0,0,0,0,0,0,0,0,1,0,0,0,0,0,0,1,0,0,0,0,0,0,0,0,0,0,0,0,False,False,False,True,False,False,False,True,False,False,False,True,False,False,False,False,True,False,1,0,0,0,0,0,0,0,0,0,0,0,1
The Testament of Sister New Devil,0.3800475059382422,0.6997140133460439,0.022044088176352703,0.550314465408805,0.2564102564102564,1,0,0,0,0,0,0,0,0,0,0,0,0,0,0,1,0,0,0,0,0,0,0,1,0,0,0,0,0,0,0,0,0,0,0,0,0,0,0,0,0,0,0,0,0,0,0,0,0,0,0,0,0,0,0,0,0,0,0,0,0,0,0,0,0,1,0,0,0,0,0,0,0,0,0,0,False,False,False,True,False,False,True,False,False,False,True,False,False,False,False,False,True,False,0,0,0,0,1,0,0,0,0,0,0,0,0
Rosario + Vampire,0.39192399049881255,0.6987607244995233,0.02404809619238477,0.5157232704402516,0.4358974358974359,0,0,0,0,0,0,0,0,0,0,1,0,0,0,0,1,0,0,0,0,0,0,0,1,0,0,0,0,0,0,0,0,0,0,0,0,0,0,0,0,0,0,1,0,0,0,0,0,0,0,0,0,1,0,1,0,0,0,1,0,0,0,0,0,0,1,0,0,0,0,0,1,0,0,0,0,False,False,False,True,False,False,True,False,False,False,True,False,False,False,False,True,False,False,1,0,0,1,1,0,0,0,0,0,0,1,0
Blood Lad,0.5106888361045132,0.6978074356530028,0.018036072144288578,0.5251572327044025,0.3076923076923077,1,0,0,0,0,0,0,0,0,0,1,0,1,0,0,0,0,0,1,0,0,0,0,0,0,0,0,0,0,0,0,0,0,0,0,0,0,0,0,0,0,0,1,0,0,0,0,0,0,0,0,0,0,0,0,0,1,0,0,0,0,0,0,0,0,0,0,0,0,0,0,1,0,0,0,0,False,False,False,True,False,False,True,False,False,False,True,False,False,False,False,False,True,False,0,1,0,0,1,0,0,0,0,0,0,0,0
OreImo,0.43942992874109255,0.6968541468064824,0.022044088176352703,0.4779874213836478,0.3846153846153846,0,0,0,0,0,0,0,0,0,0,1,0,0,0,0,0,0,0,0,0,0,0,0,0,0,0,0,0,0,0,0,0,0,0,0,0,0,0,0,0,0,0,0,0,1,0,0,0,0,0,0,0,0,0,0,0,0,0,0,0,0,0,0,0,0,0,0,0,0,0,0,0,0,0,0,0,False,False,False,True,False,False,True,False,False,False,True,False,False,False,False,True,False,False,1,0,0,0,0,0,0,0,0,0,0,1,0
Claymore,0.6294536817102139,0.6959008579599619,0.0501002004008016,0.44339622641509435,0.4615384615384615,1,0,1,0,0,0,0,0,0,0,0,0,0,0,0,0,0,0,1,0,0,1,0,0,0,0,0,0,0,0,0,0,0,0,0,0,0,0,0,0,0,0,0,0,0,0,0,0,0,0,0,0,0,0,0,0,0,0,1,0,0,0,0,0,0,0,0,0,0,0,0,0,0,0,0,0,False,False,False,True,False,False,False,True,False,False,False,True,False,False,False,True,False,False,0,0,1,0,1,0,1,0,0,0,0,0,0
Mushoku Tensei: Jobless Reincarnation Season 2,0.7434679334916867,0.6949475691134415,0.022044088176352703,0.5094339622641509,0.05128205128205128,0,0,1,0,0,0,0,0,0,0,0,0,0,0,1,1,0,0,1,0,0,0,0,0,0,0,0,0,1,0,0,0,0,0,0,0,0,0,0,0,0,0,0,0,0,0,0,0,0,0,1,0,0,0,0,0,0,0,0,0,0,0,0,0,0,0,0,0,0,0,0,0,0,0,0,0,False,False,False,True,False,False,False,True,False,False,True,False,False,False,False,False,False,True,0,0,1,0,0,1,1,1,1,0,0,0,1
Kamisama Kiss,0.7220902612826603,0.6939942802669209,0.02404809619238477,0.6981132075471699,0.3333333333333333,0,0,0,0,0,0,0,0,0,0,1,0,0,0,0,0,0,0,0,0,0,0,0,0,0,0,0,0,0,0,0,0,0,0,0,0,0,0,0,0,0,0,1,0,0,0,0,0,0,0,0,0,1,0,0,0,0,1,0,0,0,0,0,0,0,1,0,0,0,0,0,0,0,0,0,0,False,False,False,True,False,False,False,True,False,False,True,False,False,False,False,False,True,False,1,0,0,0,1,0,0,0,0,0,0,0,0
Monogatari Series: Second Season,0.8741092636579573,0.6930409914204004,0.0501002004008016,0.3679245283018868,0.3076923076923077,0,0,0,0,0,0,0,0,0,0,1,0,0,0,0,0,0,0,0,0,0,0,0,0,0,0,0,0,0,0,0,0,0,0,0,0,0,0,0,0,0,1,0,0,0,0,0,0,0,0,0,0,1,0,0,0,0,0,0,0,0,0,0,0,0,1,0,0,0,0,0,1,0,0,0,0,False,False,False,True,False,False,False,False,True,False,False,True,False,False,False,False,True,False,0,0,0,0,1,0,0,0,0,0,0,0,0
Saekano: How to Raise a Boring Girlfriend,0.5676959619952495,0.6920877025738799,0.022044088176352703,0.48742138364779874,0.2564102564102564,0,0,0,0,0,0,0,0,0,0,1,0,0,0,0,1,0,0,0,0,0,0,0,1,0,0,0,0,0,0,0,0,0,0,0,0,0,0,0,0,0,0,0,0,1,0,0,0,0,0,0,0,1,0,1,0,0,0,0,0,0,0,0,0,0,0,0,0,0,0,0,0,0,0,0,0,False,False,False,True,False,False,True,False,False,False,True,False,False,False,False,False,True,False,0,0,0,0,0,0,0,0,0,0,0,0,0
Demon Slayer: Kimetsu no Yaiba Hashira Training Arc,0.7078384798099764,0.6911344137273594,0.014028056112224447,0.4811320754716981,0.02564102564102564,1,0,0,0,0,0,0,0,0,0,0,0,0,0,0,0,0,0,0,0,0,0,0,0,0,1,0,0,0,0,0,0,0,0,0,0,0,0,0,0,0,0,0,0,0,0,0,0,0,0,0,0,0,0,0,0,0,0,1,0,0,0,0,0,0,1,0,0,0,0,0,0,0,0,0,0,False,False,False,True,False,False,False,True,False,False,True,False,False,False,False,False,False,True,0,0,1,0,1,0,0,1,0,0,0,0,0
Barakamon,0.7790973871733966,0.6901811248808389,0.022044088176352703,0.5031446540880503,0.28205128205128205,0,0,0,0,0,0,0,0,1,0,0,0,0,0,0,0,0,0,0,0,0,0,0,0,0,0,0,0,0,1,0,0,0,0,0,0,0,0,0,0,0,0,0,0,0,0,0,0,0,0,0,0,0,0,0,0,0,0,0,0,1,0,0,0,0,0,0,0,0,0,0,0,0,0,1,0,False,False,False,True,False,False,False,True,False,False,True,False,False,False,False,False,True,False,1,0,1,0,0,0,0,0,0,0,0,0,1
The Disastrous Life of Saiki K. 2,0.7909738717339669,0.6892278360343185,0.046092184368737465,0.22641509433962265,0.1794871794871795,0,0,0,0,0,0,0,0,0,0,1,0,0,0,0,0,0,0,0,1,0,0,0,0,0,0,0,0,0,0,0,0,0,0,0,0,0,0,0,0,0,0,0,0,0,0,0,0,0,0,0,0,0,0,1,0,0,0,1,0,0,0,0,0,1,0,0,0,0,0,0,0,0,0,0,0,False,False,False,True,False,False,False,True,False,False,False,True,False,False,False,False,True,False,0,0,0,0,0,0,0,0,0,0,0,0,0
School Days,0.10213776722090251,0.688274547187798,0.022044088176352703,0.5,0.4615384615384615,0,0,0,0,0,0,0,0,0,0,0,0,0,0,1,0,0,0,0,0,0,0,0,1,0,0,0,0,0,0,0,0,0,0,0,0,0,0,0,0,0,0,0,0,0,0,0,0,0,0,0,0,1,0,1,0,0,0,0,0,0,0,0,0,0,0,0,0,0,0,0,0,0,0,0,0,False,False,False,True,False,True,False,False,False,False,True,False,False,False,False,True,False,False,1,0,0,1,0,0,0,0,0,0,0,0,0
Violet Evergarden: The Movie,0.8931116389548694,0.6873212583412774,0.0,0.37421383647798745,,0,0,0,0,0,1,0,0,0,0,0,0,0,0,1,0,0,0,0,0,0,0,0,0,0,0,0,0,0,0,0,0,0,0,0,0,0,0,0,0,0,0,0,0,0,0,0,0,0,0,0,0,0,0,0,0,0,0,0,0,0,0,0,0,0,0,0,0,0,0,0,0,0,0,0,0,False,False,False,True,False,False,False,False,True,True,False,False,False,False,False,False,False,False,0,0,1,0,0,0,0,0,0,0,0,0,0
Ergo Proxy,0.6698337292161523,0.6863679694947569,0.044088176352705406,0.5031446540880503,0.48717948717948717,0,1,0,0,0,0,0,0,0,0,0,0,0,0,0,0,0,0,0,0,0,0,0,0,0,0,0,0,0,0,0,0,0,0,0,0,0,0,0,0,0,1,0,0,0,0,0,0,1,0,0,0,0,0,0,1,0,0,0,0,0,0,0,0,0,0,0,1,0,0,0,0,0,0,0,0,False,False,False,True,False,False,False,True,False,False,False,True,False,False,False,True,False,False,0,0,1,0,1,1,0,0,0,1,0,0,0
Little Witch Academia,0.6460807600950118,0.6854146806482364,0.04809619238476953,0.6477987421383649,0.20512820512820512,0,0,1,0,0,0,0,0,0,0,1,0,0,0,0,0,0,0,1,0,0,0,0,0,0,0,0,0,0,0,0,0,0,0,0,0,0,0,0,0,0,0,0,0,0,0,0,0,0,0,0,0,0,0,1,0,0,0,0,0,0,0,0,0,0,0,0,0,0,0,0,0,0,0,0,0,False,False,False,True,False,False,False,True,False,False,False,True,False,False,False,False,True,False,1,1,0,0,0,0,0,0,0,0,0,0,0
The Asterisk War,0.4085510688836105,0.684461391801716,0.022044088176352703,0.6037735849056605,0.2564102564102564,1,0,0,0,0,0,0,0,0,0,1,0,0,0,0,1,0,0,1,0,0,0,0,1,0,0,0,0,0,0,0,0,0,0,0,0,0,0,0,0,0,0,0,0,0,0,0,0,0,0,0,0,1,0,1,0,0,0,0,0,0,0,0,0,0,0,0,0,0,0,1,0,0,0,0,0,False,False,False,True,False,False,True,False,False,False,True,False,False,False,False,False,True,False,1,1,0,0,0,0,0,0,0,0,0,0,0
BLEND-S,0.5130641330166272,0.6835081029551955,0.022044088176352703,0.46855345911949686,0.20512820512820512,0,0,0,0,0,0,0,0,0,0,1,0,0,0,0,0,0,0,0,0,0,0,0,0,0,0,0,0,0,0,0,0,0,0,0,0,0,0,0,0,0,0,0,0,1,0,0,0,0,0,0,0,0,0,0,0,0,0,0,0,0,0,0,0,0,0,0,0,0,0,0,0,0,0,0,1,False,False,False,True,False,False,True,False,False,False,True,False,False,False,False,False,True,False,0,0,0,1,0,0,0,0,0,0,0,0,0
Bungo Stray Dogs 3,0.7410926365795725,0.682554814108675,0.022044088176352703,0.4937106918238994,0.15384615384615385,1,1,0,0,0,0,0,0,0,0,0,0,0,1,0,0,0,0,0,0,0,0,0,0,0,0,0,0,0,0,0,0,0,0,0,0,0,0,0,0,0,1,0,1,0,0,0,0,0,0,0,0,0,0,0,0,1,0,0,0,0,0,0,0,1,0,0,0,0,0,0,0,0,0,0,0,False,False,False,True,False,False,False,True,False,False,True,False,False,False,False,False,True,False,0,0,1,0,0,0,0,0,0,1,0,0,0
Amagi Brilliant Park,0.5629453681710215,0.6816015252621545,0.02404809619238477,0.5754716981132075,0.28205128205128205,0,0,0,0,0,0,0,0,0,0,1,0,0,0,0,0,0,0,0,0,0,0,0,0,0,0,0,0,0,0,0,0,0,0,0,0,0,0,0,0,0,0,0,0,0,0,0,0,0,0,0,0,0,0,0,0,0,0,0,0,0,0,0,0,0,1,0,0,0,0,0,0,0,0,0,1,False,False,False,True,False,False,True,False,False,False,True,False,False,False,False,False,True,False,1,1,0,0,0,0,0,0,0,0,0,0,0
Inuyashiki: Last Hero,0.6057007125890737,0.680648236415634,0.02004008016032064,0.6855345911949686,0.20512820512820512,1,0,0,0,0,0,0,0,0,0,0,0,0,0,1,0,0,0,0,0,0,1,0,0,0,0,0,0,0,0,0,0,0,0,0,0,0,0,0,0,0,0,0,0,0,0,0,0,1,0,0,0,0,0,0,1,1,0,0,0,0,0,0,0,0,0,0,1,0,0,0,0,0,0,0,0,False,False,False,True,False,False,False,True,False,False,True,False,False,False,False,False,True,False,0,0,0,0,0,1,0,0,0,0,0,0,0
Gamers!,0.39192399049881255,0.6796949475691134,0.022044088176352703,0.4559748427672956,0.20512820512820512,0,0,0,0,0,0,0,0,0,0,1,0,0,0,0,0,0,0,0,0,0,0,0,0,0,0,0,0,0,0,0,0,1,0,0,0,0,0,0,0,0,0,0,0,1,0,0,0,0,0,0,0,1,0,1,0,0,0,0,0,0,0,0,0,0,0,0,0,0,0,0,0,1,0,0,0,False,False,False,True,False,False,True,False,False,False,True,False,False,False,False,False,True,False,1,0,1,0,0,0,0,0,0,0,0,0,0
"WataMote: No Matter How I Look At It, It's You Guys' Fault I'm Not Popular!",0.4536817102137769,0.678741658722593,0.022044088176352703,0.4119496855345912,0.3076923076923077,0,0,0,0,0,0,0,0,0,0,1,0,0,0,0,0,0,0,0,0,0,0,0,0,0,0,0,0,0,0,0,0,0,0,0,0,0,0,0,0,0,0,0,0,1,0,0,0,0,0,0,0,0,0,1,0,0,0,0,0,0,0,0,0,0,0,0,0,0,0,0,0,0,0,0,0,False,False,False,True,False,False,True,False,False,False,True,False,False,False,False,False,True,False,1,0,1,0,0,0,0,0,1,0,0,0,0
Cells at Work!,0.5866983372921615,0.6777883698760725,0.02404809619238477,0.339622641509434,0.1794871794871795,0,0,0,1,0,0,0,0,0,0,1,0,0,0,0,0,1,0,0,0,0,0,0,0,0,0,0,0,0,0,0,0,0,0,0,0,0,0,1,0,0,0,0,0,0,0,0,0,0,0,0,0,0,0,0,0,0,0,1,0,0,0,0,0,0,0,0,0,0,0,0,0,0,0,0,0,False,False,False,True,False,False,False,True,False,False,True,False,False,False,False,False,True,False,0,0,0,0,0,0,0,1,0,0,0,0,0
"Say ""I Love You.""",0.5486935866983373,0.676835081029552,0.02404809619238477,0.6100628930817611,0.3333333333333333,0,0,0,0,0,0,0,0,0,0,0,0,0,0,1,0,0,0,0,0,0,0,0,0,0,0,0,0,0,0,0,0,0,0,0,0,0,0,0,0,0,0,0,0,0,0,0,0,0,0,0,0,1,0,1,0,0,1,0,0,0,0,0,0,0,0,0,0,0,0,0,0,0,0,0,0,False,False,False,True,False,False,True,False,False,False,True,False,False,False,False,False,True,False,1,0,1,0,0,0,0,0,0,0,0,0,0
Ghost in the Shell,0.7577197149643706,0.6758817921830316,0.0,0.5220125786163522,,0,1,0,0,0,1,0,0,0,0,0,0,0,1,0,0,0,0,0,0,0,0,0,0,0,0,0,0,0,0,0,0,0,0,0,0,0,1,0,0,0,1,0,0,0,0,0,0,1,0,0,0,0,0,0,1,1,0,0,0,0,0,0,0,0,0,0,1,0,0,0,0,0,0,0,0,False,False,False,True,False,False,False,True,False,True,False,False,False,False,False,False,False,False,0,0,1,0,0,1,1,0,0,0,1,0,0
Solo Leveling Season 2: Arise from the Shadow,0.8432304038004752,0.674928503336511,0.02404809619238477,0.3836477987421384,0.0,1,1,1,0,0,0,0,0,0,0,0,0,0,0,0,0,0,0,1,0,0,0,0,0,0,0,0,0,0,0,0,0,0,0,0,0,0,0,0,0,0,0,0,0,0,0,0,0,0,0,0,0,0,0,0,0,0,0,0,0,0,0,0,0,0,0,0,0,0,0,1,0,0,0,0,0,False,False,False,True,False,False,False,False,True,False,True,False,False,False,False,False,False,True,0,0,1,0,1,0,0,0,0,0,0,0,0
Psycho-Pass 2,0.5534441805225654,0.6739752144899904,0.02004008016032064,0.48427672955974843,0.28205128205128205,1,1,0,0,0,0,0,0,0,0,0,0,0,1,0,0,0,0,0,0,0,0,0,0,0,0,0,0,0,0,0,0,0,0,0,0,0,0,0,0,0,1,0,0,0,0,0,0,1,0,0,0,0,0,0,1,0,0,0,0,0,0,0,0,0,0,0,1,0,0,0,0,0,0,0,0,False,False,False,True,False,False,True,False,False,False,True,False,False,False,False,False,True,False,0,0,0,0,0,0,0,0,0,1,0,0,1
Lucky☆Star,0.6342042755344419,0.67302192564347,0.046092184368737465,0.2610062893081761,0.4615384615384615,0,0,0,0,0,0,0,1,0,0,1,0,0,0,0,0,0,0,0,1,0,0,0,0,0,0,0,0,0,0,0,0,0,0,0,0,0,0,0,0,0,0,0,0,1,0,0,0,0,0,0,0,0,0,1,0,0,0,0,0,0,0,0,0,0,0,0,0,0,0,0,0,0,0,0,0,False,False,False,True,False,False,False,True,False,False,False,True,False,False,False,True,False,False,1,0,0,0,0,0,0,0,0,0,0,1,0
Cautious Hero: The Hero Is Overpowered but Overly Cautious,0.5676959619952495,0.6720686367969495,0.022044088176352703,0.4811320754716981,0.15384615384615385,1,0,1,0,0,0,0,0,0,0,1,0,0,0,0,0,0,0,1,0,0,0,0,0,0,0,0,0,1,0,0,0,0,0,0,0,0,0,0,0,0,0,0,0,0,1,0,0,0,0,0,0,0,0,0,0,0,0,0,0,0,0,0,0,0,0,0,0,0,0,0,0,0,0,0,0,False,False,False,True,False,False,True,False,False,False,True,False,False,False,False,False,True,False,0,0,0,0,0,0,0,1,0,0,0,0,0
Gintama Season 4,0.9429928741092641,0.671115347950429,0.1002004008016032,0.5786163522012578,0.2564102564102564,1,0,0,0,0,0,0,0,0,0,1,0,0,0,0,0,0,0,0,1,0,0,0,0,0,1,0,0,0,0,0,0,0,0,0,0,0,0,0,0,0,0,0,0,0,1,0,0,0,0,0,0,0,1,0,1,0,0,1,0,0,0,0,0,0,0,0,0,0,0,0,0,0,0,0,0,False,False,False,True,False,False,False,False,True,False,False,False,True,False,False,False,True,False,0,0,1,0,0,1,1,1,0,0,0,1,0
Date A Live II,0.4988123515439429,0.6701620591039086,0.018036072144288578,0.27044025157232704,0.28205128205128205,1,0,0,0,0,0,0,0,0,0,0,0,0,0,0,0,0,0,1,0,0,0,0,1,0,0,0,0,0,0,0,0,0,0,0,0,0,0,0,0,0,0,0,0,0,0,0,0,0,0,0,0,1,0,1,1,0,0,0,0,0,0,0,0,0,0,0,0,0,0,1,0,0,0,0,0,False,False,False,True,False,False,True,False,False,False,True,False,False,False,False,False,True,False,0,0,0,0,1,0,0,0,0,0,0,0,0
To Love Ru,0.4465558194774346,0.669208770257388,0.0501002004008016,0.5031446540880503,0.4358974358974359,0,0,0,0,0,0,0,0,0,0,1,0,0,0,0,1,0,0,0,0,0,0,0,1,0,0,0,0,0,0,0,0,0,0,0,0,0,0,0,0,0,0,0,0,0,0,0,0,0,0,0,0,1,0,1,1,0,0,1,0,0,0,0,0,0,0,0,0,0,0,0,0,0,0,0,0,False,False,False,True,False,False,True,False,False,False,False,True,False,False,False,True,False,False,0,0,0,1,0,1,0,0,0,0,0,1,0
Sword Art Online: Alicization - War of Underworld Part 2,0.5771971496437054,0.6682554814108675,0.02004008016032064,0.5125786163522013,0.1282051282051282,1,0,1,0,0,0,0,0,0,0,0,0,0,0,0,0,0,0,1,0,0,0,0,0,0,0,0,0,0,0,0,0,0,0,0,0,0,0,0,0,0,0,0,0,0,0,0,0,0,0,0,0,0,0,0,0,0,0,0,0,0,0,0,0,0,0,0,0,0,0,0,0,1,0,0,0,False,False,False,True,False,False,False,True,False,False,True,False,False,False,False,False,True,False,0,1,1,0,0,0,1,0,0,0,0,0,0
Kaiju No. 8,0.7529691211401426,0.667302192564347,0.022044088176352703,0.6886792452830189,0.02564102564102564,1,1,0,0,0,0,0,0,0,0,0,0,0,0,0,0,0,0,1,0,0,0,0,0,0,0,0,0,0,0,0,0,0,0,0,0,0,0,0,1,0,0,0,0,0,0,0,0,0,0,0,0,0,0,0,1,0,0,1,0,0,0,0,0,0,0,0,0,0,0,1,0,0,0,0,0,False,False,False,True,False,False,False,True,False,False,True,False,False,False,False,False,False,True,0,0,1,0,1,0,0,0,0,0,0,0,0
Toilet-Bound Hanako-kun,0.6508313539192401,0.6663489037178265,0.022044088176352703,0.4559748427672956,0.1282051282051282,0,0,0,0,0,0,0,0,0,0,0,0,0,0,0,0,0,0,0,0,0,0,0,0,0,0,0,0,0,0,0,0,0,0,0,0,0,0,0,0,0,0,0,0,0,0,0,0,0,0,0,0,0,0,1,0,0,0,1,0,0,0,0,0,0,1,0,0,0,0,0,0,0,0,0,0,False,False,False,True,False,False,False,True,False,False,True,False,False,False,False,False,True,False,1,0,0,1,1,0,0,0,0,0,0,0,0
Fighting Spirit,0.8788598574821853,0.665395614871306,0.14829659318637273,0.619496855345912,0.641025641025641,0,0,0,0,0,0,0,0,0,1,0,0,0,0,0,0,0,0,0,0,0,0,0,0,0,0,0,0,0,0,0,0,0,0,0,0,0,0,0,0,0,0,0,0,0,0,0,0,0,0,0,0,0,0,0,0,0,0,1,0,0,0,1,0,0,0,0,0,0,0,0,0,0,0,0,0,False,False,False,True,False,False,False,False,True,False,False,False,False,True,True,False,False,False,1,0,0,0,1,0,0,1,0,0,0,0,0
Pokémon,0.5534441805225654,0.6644423260247856,0.5511022044088176,0.6006289308176102,0.717948717948718,1,0,1,0,0,0,0,0,0,0,1,0,0,0,0,0,0,0,1,0,0,0,0,0,0,0,0,0,0,0,0,1,0,0,0,0,0,0,0,0,0,0,0,0,0,0,0,0,0,0,0,0,0,0,0,0,0,0,0,0,0,0,0,0,0,0,0,0,0,0,0,0,0,0,0,0,False,False,False,True,False,False,True,False,False,False,False,False,False,True,True,False,False,False,0,0,1,0,0,0,0,1,0,0,0,0,0
Infinite Stratos,0.36104513064133004,0.6634890371782651,0.022044088176352703,0.46855345911949686,0.358974358974359,1,0,0,0,0,0,0,0,0,0,1,0,0,0,0,1,0,0,0,0,0,0,0,1,0,0,0,0,0,0,0,0,0,0,0,0,0,0,0,0,0,0,0,0,0,0,0,0,0,0,0,0,1,0,1,1,0,0,0,0,0,0,0,0,0,0,0,0,0,0,0,0,0,0,0,0,False,False,False,True,False,False,True,False,False,False,True,False,False,False,False,False,True,False,1,0,1,0,0,0,1,1,1,0,0,0,0
Dragon Ball GT,0.33966745843230406,0.6625357483317446,0.12625250501002003,0.39308176100628933,0.7435897435897436,1,0,1,0,0,0,0,0,0,0,1,0,0,0,0,0,0,0,1,0,0,0,0,0,0,0,0,0,0,0,0,0,0,0,0,0,1,0,0,0,0,0,0,0,0,0,0,0,0,0,0,0,0,0,0,0,0,0,1,0,0,0,0,0,0,0,0,0,0,0,0,0,0,0,0,0,False,False,False,True,False,False,True,False,False,False,False,False,False,True,True,False,False,False,0,0,0,0,0,0,1,0,0,0,0,0,0
Rokka: Braves of the Six Flowers,0.5154394299287413,0.661582459485224,0.022044088176352703,0.6100628930817611,0.2564102564102564,1,0,0,0,0,0,0,0,0,0,0,0,0,0,0,0,0,0,1,0,0,0,0,0,0,0,0,0,0,0,0,0,0,0,0,0,0,0,0,0,0,1,0,0,0,0,0,0,0,0,0,0,0,0,0,0,0,0,0,0,0,0,0,0,0,0,0,0,0,0,0,0,0,0,0,0,False,False,False,True,False,False,True,False,False,False,True,False,False,False,False,False,True,False,0,0,0,0,1,0,0,0,0,0,0,0,0
Bleach: Thousand-Year Blood War,0.9287410926365796,0.6606291706387035,0.02404809619238477,0.4811320754716981,0.07692307692307693,1,0,1,0,0,0,0,0,0,0,0,0,0,0,0,0,0,0,0,0,0,0,0,0,0,0,0,0,0,0,0,0,0,0,0,0,0,0,0,0,0,0,0,0,0,0,0,0,0,0,0,0,0,0,0,0,0,0,1,0,0,0,0,0,0,1,0,0,0,0,0,0,0,0,0,0,False,False,False,True,False,False,False,False,True,False,True,False,False,False,False,False,False,True,1,0,1,0,1,0,1,0,0,0,0,0,0
Strike the Blood,0.4560570071258907,0.6596758817921831,0.046092184368737465,0.4088050314465409,0.3076923076923077,1,0,0,0,0,0,0,0,0,0,0,0,0,0,0,1,0,0,1,0,0,0,0,1,0,0,0,0,0,0,0,0,0,0,0,0,0,0,0,0,0,0,0,0,0,0,0,0,0,0,0,0,0,0,1,0,0,0,0,0,0,0,0,0,0,0,0,0,0,0,1,1,0,0,0,0,False,False,False,True,False,False,True,False,False,False,False,True,False,False,False,False,True,False,1,0,0,0,1,0,1,0,0,0,0,0,0
Is It Wrong to Try to Pick Up Girls in a Dungeon? III,0.5653206650831355,0.6587225929456626,0.022044088176352703,0.24213836477987422,0.1282051282051282,1,0,1,0,0,0,0,0,0,0,0,0,0,0,0,0,0,0,1,0,0,0,0,0,0,0,0,0,0,0,0,0,0,0,0,0,0,0,0,0,0,0,0,0,0,0,0,0,0,0,0,0,0,0,0,0,0,0,0,0,0,0,0,0,0,0,0,0,0,0,0,0,0,0,0,0,False,False,False,True,False,False,True,False,False,False,True,False,False,False,False,False,True,False,0,0,0,0,0,0,0,0,0,0,0,0,0
Sword Art Online Alternative: Gun Gale Online,0.4584323040380047,0.6577693040991421,0.022044088176352703,0.6918238993710693,0.1794871794871795,1,0,0,0,0,0,0,0,0,0,0,0,0,0,0,0,0,0,0,0,0,0,0,0,0,0,0,0,0,0,0,0,0,0,0,0,0,0,0,1,0,0,0,0,0,0,0,0,0,0,0,0,0,0,0,0,0,0,0,0,0,0,0,0,0,0,0,0,0,0,0,0,1,0,0,0,False,False,False,True,False,False,True,False,False,False,True,False,False,False,False,False,True,False,1,0,0,0,0,0,0,1,0,0,1,0,0
"Higehiro: After Being Rejected, I Shaved and Took in a High School Runaway",0.517814726840855,0.6568160152526216,0.02404809619238477,0.550314465408805,0.10256410256410256,0,0,0,0,0,0,0,0,0,0,0,0,0,0,1,0,0,0,0,0,0,0,0,0,0,0,0,0,0,0,0,0,0,0,0,0,0,0,0,0,0,0,0,0,0,0,0,0,0,0,0,0,1,0,0,0,0,0,0,0,0,0,0,0,0,0,0,0,0,0,0,0,0,0,0,0,False,False,False,True,False,False,True,False,False,False,True,False,False,False,False,False,False,True,1,0,1,0,0,0,0,0,0,0,0,0,0
Baka & Test: Summon the Beasts,0.5748218527315916,0.6558627264061011,0.02404809619238477,0.6886792452830189,0.3846153846153846,0,0,0,0,0,0,0,0,0,0,1,0,0,0,0,0,0,0,0,0,0,0,0,0,0,0,0,0,0,0,0,0,1,0,0,0,0,0,0,0,0,0,0,0,0,0,0,0,0,0,0,0,1,0,1,0,0,0,0,0,0,0,0,0,0,0,0,0,0,0,0,0,0,0,0,0,False,False,False,True,False,False,True,False,False,False,True,False,False,False,False,True,False,False,1,0,0,0,0,0,0,0,0,0,0,0,0
Food Wars! The Fourth Plate,0.6294536817102139,0.6549094375595805,0.022044088176352703,0.30188679245283023,0.15384615384615385,0,0,0,0,0,0,0,0,0,0,0,0,0,0,0,1,0,0,0,0,0,0,1,0,0,0,0,0,0,0,0,0,0,0,0,0,0,0,0,0,0,0,0,0,0,0,0,0,0,0,0,0,0,0,1,0,0,0,1,0,0,0,0,0,0,0,0,0,0,0,0,0,0,0,0,0,False,False,False,True,False,False,False,True,False,False,True,False,False,False,False,False,True,False,1,0,0,0,0,1,0,0,0,0,0,0,0
The World God Only Knows,0.6080760095011877,0.6539561487130601,0.022044088176352703,0.5220125786163522,0.3846153846153846,0,0,0,0,0,0,0,0,0,0,1,0,0,0,0,0,0,0,0,0,0,0,0,1,0,0,0,0,0,0,0,0,0,0,0,0,0,0,0,0,0,0,0,0,1,0,0,0,0,0,0,0,1,0,0,0,0,0,1,0,0,0,0,0,0,1,0,0,0,0,0,0,0,0,0,0,False,False,False,True,False,False,False,True,False,False,True,False,False,False,False,True,False,False,0,0,0,0,1,0,1,0,0,0,0,0,0
Naruto Shippuden the Movie 7: The Last,0.643705463182898,0.6530028598665396,0.0,0.4937106918238994,,1,0,1,0,0,0,0,0,0,0,0,0,0,0,0,0,0,0,1,0,0,0,0,0,0,0,0,0,0,0,0,0,0,0,0,0,0,0,0,0,0,0,0,0,0,0,0,0,0,0,0,0,1,0,0,0,0,0,1,0,0,0,0,0,0,0,0,0,0,0,0,0,0,0,0,0,False,False,False,True,False,False,False,True,False,True,False,False,False,False,False,False,False,False,0,0,1,0,0,0,0,1,0,0,0,0,0
Sankarea: Undying Love,0.5201900237529691,0.6520495710200191,0.022044088176352703,0.6257861635220127,0.3333333333333333,0,0,0,0,0,0,0,0,0,0,1,0,0,0,0,1,0,0,0,0,0,0,0,0,0,0,1,0,0,0,0,0,1,0,0,0,0,0,0,0,0,0,0,0,0,0,0,0,0,0,0,0,1,0,0,0,0,0,1,0,0,0,0,0,0,1,0,0,0,0,0,0,0,0,0,0,False,False,False,True,False,False,True,False,False,False,True,False,False,False,False,False,True,False,0,0,1,0,0,0,0,0,0,0,0,0,0
Bakuman.,0.7339667458432304,0.6510962821734986,0.04809619238476953,0.48742138364779874,0.3846153846153846,0,0,0,0,0,0,0,0,0,0,1,0,0,0,1,0,0,0,0,0,0,0,0,0,0,0,0,0,0,0,0,0,0,0,0,0,0,0,0,0,0,0,0,0,1,0,0,0,0,0,0,0,1,0,0,0,0,0,1,0,0,0,0,0,0,0,0,0,0,0,0,0,0,0,0,0,False,False,False,True,False,False,False,True,False,False,False,True,False,False,False,True,False,False,1,0,0,0,0,0,0,0,0,0,0,1,0
Zom 100: Bucket List of the Dead,0.6270783847980999,0.6501429933269781,0.022044088176352703,0.5125786163522013,0.05128205128205128,0,1,0,0,0,0,0,0,0,0,1,0,0,0,0,0,0,0,0,0,0,0,0,0,0,0,0,0,0,0,0,0,0,0,0,0,0,0,0,0,0,0,0,0,0,0,0,0,0,0,0,0,0,0,0,0,1,0,0,0,0,0,0,0,0,0,1,1,0,0,0,0,0,0,0,0,False,False,False,True,False,False,False,True,False,False,True,False,False,False,False,False,False,True,0,0,0,0,0,0,0,0,0,0,0,0,1
Is This a Zombie?,0.5320665083135394,0.6491897044804575,0.022044088176352703,0.5094339622641509,0.358974358974359,1,0,0,0,0,0,0,0,0,0,1,0,0,0,0,1,0,0,0,0,0,0,0,1,0,0,0,0,0,0,0,0,0,0,0,0,0,0,0,0,0,0,0,0,0,0,0,0,0,0,0,0,0,0,0,0,0,0,0,0,0,0,0,0,0,1,0,0,0,0,0,1,0,0,0,0,False,False,False,True,False,False,True,False,False,False,True,False,False,False,False,False,True,False,1,1,0,1,1,0,0,0,0,1,1,0,0
The Fruit of Grisaia,0.5629453681710215,0.6482364156339371,0.02404809619238477,0.4779874213836478,0.28205128205128205,0,0,0,0,0,0,0,0,0,0,0,0,0,0,1,0,0,0,0,0,0,0,0,1,0,0,0,0,0,0,0,0,0,0,0,0,0,0,0,0,0,0,0,0,0,0,0,0,1,0,0,0,1,0,1,0,0,0,0,0,0,0,0,0,0,0,0,1,0,0,0,0,0,0,0,0,False,False,False,True,False,False,True,False,False,False,True,False,False,False,False,False,True,False,1,0,0,0,0,0,0,0,1,0,0,0,1
Summer Time Rendering,0.8052256532066513,0.6472831267874166,0.04809619238476953,0.44025157232704404,0.07692307692307693,0,0,0,0,0,0,0,0,0,0,0,0,0,0,0,0,0,0,0,0,0,0,0,0,0,0,0,0,0,0,0,0,0,0,0,0,0,0,0,0,0,1,0,0,0,0,0,0,0,0,0,0,0,0,0,0,0,0,1,0,0,0,0,0,0,1,0,1,0,1,0,0,0,0,0,0,False,False,False,True,False,False,False,True,False,False,False,True,False,False,False,False,False,True,0,0,0,0,0,0,0,0,0,1,0,0,0
Wise Man's Grandchild,0.3634204275534443,0.6463298379408962,0.022044088176352703,0.6069182389937108,0.15384615384615385,1,0,0,0,0,0,0,0,0,0,1,0,0,0,0,0,0,0,1,0,0,0,0,0,0,0,0,0,1,0,0,0,0,0,0,0,0,0,0,0,0,0,0,0,0,0,0,0,0,0,1,0,1,0,0,0,0,0,0,0,0,0,0,0,0,0,0,0,0,0,0,0,0,0,0,0,False,False,False,True,False,False,True,False,False,False,True,False,False,False,False,False,True,False,1,1,1,0,0,0,1,0,1,0,0,0,0
Kiki's Delivery Service,0.7482185273159148,0.6453765490943757,0.0,0.4088050314465409,,0,0,1,0,0,1,0,0,0,0,1,0,0,0,1,0,0,0,1,0,0,0,0,0,0,0,0,0,0,0,0,0,0,0,0,0,0,0,0,0,0,0,0,0,0,0,0,0,0,0,0,0,0,0,0,0,0,0,0,0,0,0,0,0,0,0,0,0,0,0,0,0,0,0,0,0,False,False,False,True,False,False,False,True,False,True,False,False,False,False,False,False,False,False,0,1,0,0,0,0,0,1,0,0,0,0,0
Log Horizon 2,0.5866983372921615,0.6444232602478551,0.04809619238476953,0.4937106918238994,0.28205128205128205,1,1,1,0,0,0,0,0,0,0,0,0,0,0,0,0,0,0,1,0,0,0,0,0,0,0,0,0,0,0,0,0,0,0,0,0,0,0,0,0,0,0,0,0,0,0,0,0,0,0,0,0,0,0,0,0,0,0,0,0,0,0,0,0,0,0,0,0,0,0,0,0,1,0,0,0,False,False,False,True,False,False,False,True,False,False,False,True,False,False,False,False,True,False,0,0,0,0,0,0,0,0,0,0,0,0,0
A Certain Scientific Railgun,0.6104513064133019,0.6434699714013347,0.046092184368737465,0.48742138364779874,0.41025641025641024,1,0,0,0,0,0,0,0,0,0,0,0,0,0,0,0,0,0,1,0,0,0,0,0,0,0,0,0,0,0,0,0,0,0,0,0,0,0,0,0,0,0,0,0,0,0,0,0,0,0,0,0,0,0,0,1,0,0,0,0,0,0,0,0,1,0,0,0,0,0,1,0,0,0,0,0,False,False,False,True,False,False,False,True,False,False,False,True,False,False,False,True,False,False,1,0,0,0,0,0,0,0,0,1,0,0,0
The Disappearance of Haruhi Suzumiya,0.8337292161520191,0.6425166825548141,0.0,0.42452830188679247,,0,0,0,0,0,1,0,0,0,0,0,0,0,0,0,0,0,0,0,0,0,0,0,0,0,0,0,0,0,0,0,0,0,0,0,0,0,0,0,0,0,1,0,0,0,0,0,0,0,0,0,0,0,0,1,1,0,0,0,0,0,0,0,0,0,1,0,0,0,0,0,0,0,0,0,0,False,False,False,True,False,False,False,False,True,True,False,False,False,False,False,False,False,False,1,0,1,0,1,0,0,0,0,0,0,0,0
Ponyo,0.6840855106888362,0.6415633937082936,0.0,0.6069182389937108,,0,0,1,0,0,1,0,0,0,0,0,0,0,0,0,0,0,0,1,0,0,0,0,0,0,0,0,0,0,0,0,0,0,0,0,0,0,0,0,0,0,0,0,0,0,0,0,0,0,0,0,0,0,0,0,0,0,0,0,0,0,0,0,0,0,0,0,0,0,0,0,0,0,0,0,0,False,False,False,True,False,False,False,True,False,True,False,False,False,False,False,False,False,False,0,1,0,0,0,0,0,0,0,0,0,0,0
Shiki,0.6247030878859858,0.6406101048617732,0.04208416833667334,0.37421383647798745,0.3846153846153846,0,0,0,0,0,0,0,0,0,0,0,0,0,0,0,0,0,0,0,0,0,1,0,0,0,0,1,0,0,0,0,0,0,0,0,0,0,0,0,0,0,1,0,0,0,0,0,0,1,0,0,0,0,0,0,0,0,0,1,0,0,0,0,0,0,1,0,1,0,0,0,1,0,0,0,0,False,False,False,True,False,False,False,True,False,False,False,True,False,False,False,True,False,False,0,0,1,0,0,0,0,1,0,1,0,0,0
Lovely Complex,0.7007125890736341,0.6396568160152527,0.046092184368737465,0.4716981132075472,0.4615384615384615,0,0,0,0,0,0,0,0,0,0,1,0,0,0,0,0,0,0,0,0,0,0,0,0,0,0,0,0,0,0,0,0,0,0,0,0,0,0,0,0,0,0,0,0,0,0,0,0,0,0,0,0,1,0,1,0,0,1,0,0,0,0,0,0,0,0,0,0,0,0,0,0,0,0,0,0,False,False,False,True,False,False,False,True,False,False,False,True,False,False,False,True,False,False,1,0,0,0,0,0,0,1,0,0,0,1,0
Hunter x Hunter,0.7957244655581948,0.6387035271687321,0.1222444889779559,0.4056603773584906,0.6666666666666666,1,0,1,0,0,0,0,0,0,0,0,0,0,0,0,0,0,0,1,0,0,0,0,0,0,0,0,0,0,0,0,0,0,0,0,0,0,0,0,0,0,0,0,0,0,0,0,0,0,0,0,0,0,0,0,0,0,0,1,0,0,0,0,0,0,0,0,0,0,0,0,0,0,0,0,0,False,False,False,True,False,False,False,True,False,False,False,False,False,True,True,False,False,False,0,0,0,0,0,0,1,0,0,0,0,0,0
Steins;Gate: The Movie - Load Region of Déjà Vu,0.8004750593824228,0.6377502383222117,0.0,0.4528301886792453,,0,0,0,0,0,0,0,0,0,0,0,0,0,0,1,0,0,0,0,0,0,0,0,0,0,0,0,0,0,0,0,0,0,0,0,0,0,0,0,0,0,0,0,0,0,0,0,0,0,0,0,0,0,0,0,1,0,0,0,0,0,0,0,0,0,0,0,0,0,0,0,0,0,0,0,0,False,False,False,True,False,False,False,True,False,True,False,False,False,False,False,False,False,False,0,0,0,0,0,1,0,0,0,0,0,0,0
Redo of Healer,0.29453681710213786,0.6367969494756911,0.022044088176352703,0.46855345911949686,0.10256410256410256,1,0,1,0,0,0,0,0,0,0,0,0,0,0,1,0,0,1,1,0,0,1,0,1,0,0,0,0,0,0,0,0,0,0,0,0,0,0,0,0,0,0,0,0,0,0,0,0,0,0,0,0,0,0,0,0,0,0,0,0,0,0,0,0,0,0,0,0,0,1,0,0,0,0,0,0,False,False,False,True,False,True,False,False,False,False,True,False,False,False,False,False,False,True,0,1,0,0,0,1,0,0,0,0,0,0,0
A Lull in the Sea,0.6793349168646083,0.6358436606291706,0.0501002004008016,0.5157232704402516,0.3076923076923077,0,0,0,0,0,0,0,0,0,0,0,0,0,0,1,0,0,0,1,0,0,0,0,0,0,0,0,0,0,0,0,0,1,0,0,0,0,0,0,0,0,0,0,0,0,0,0,0,0,0,0,0,1,0,0,0,0,0,0,0,0,0,0,0,0,0,0,0,0,0,1,0,0,0,0,0,False,False,False,True,False,False,False,True,False,False,False,True,False,False,False,False,True,False,1,1,0,0,0,0,0,0,0,0,0,0,0
Spy x Family Season 2,0.7078384798099764,0.6348903717826502,0.022044088176352703,0.4937106918238994,0.05128205128205128,1,0,0,0,0,0,0,0,1,0,1,0,0,0,0,0,0,0,0,0,0,0,0,0,0,0,0,0,0,0,0,0,0,0,0,0,0,0,0,0,0,0,0,0,0,0,0,0,0,0,0,0,0,0,0,0,0,0,1,0,0,0,0,0,1,0,0,0,0,0,0,0,0,0,0,0,False,False,False,True,False,False,False,True,False,False,True,False,False,False,False,False,False,True,1,0,1,0,0,0,0,0,0,0,0,0,1
Vampire Knight,0.41805225653206657,0.6339370829361297,0.02404809619238477,0.49056603773584906,0.4358974358974359,0,0,0,0,0,0,0,0,0,0,0,0,0,0,1,0,0,0,0,0,0,0,0,0,0,0,0,0,0,0,0,0,1,0,0,0,0,0,0,0,0,1,0,0,0,0,0,0,0,0,0,0,1,0,1,0,0,1,0,0,0,0,0,0,0,1,0,0,0,0,0,1,0,0,0,0,False,False,False,True,False,False,True,False,False,False,True,False,False,False,False,True,False,False,1,1,1,0,1,0,0,0,0,0,0,0,0
Teasing Master Takagi-san,0.6152019002375297,0.6329837940896093,0.022044088176352703,0.27044025157232704,0.1794871794871795,0,0,0,0,0,0,0,0,0,0,1,0,0,0,0,0,0,0,0,0,0,0,0,0,0,0,0,0,0,0,0,0,0,1,0,0,0,0,0,0,0,0,0,0,0,0,0,0,0,0,0,0,1,0,1,0,0,0,1,0,0,0,0,0,0,0,0,0,0,0,0,0,0,0,0,0,False,False,False,True,False,False,False,True,False,False,True,False,False,False,False,False,True,False,0,0,0,0,0,0,0,0,0,0,0,0,0
Beelzebub,0.6555819477434679,0.6320305052430887,0.11823647294589178,0.4748427672955975,0.358974358974359,1,0,0,0,0,0,0,0,1,0,1,0,1,0,0,0,0,0,0,0,0,0,0,0,0,0,0,0,0,0,0,0,0,0,0,0,0,0,0,0,0,0,1,0,0,0,0,0,0,0,0,0,0,0,1,0,0,0,1,0,0,0,0,0,0,1,0,0,0,0,0,0,0,0,0,0,False,False,False,True,False,False,False,True,False,False,False,False,False,True,False,False,True,False,1,0,0,0,1,1,0,0,0,0,0,0,0
Given,0.7624703087885984,0.6310772163965682,0.02004008016032064,0.5220125786163522,0.15384615384615385,0,0,0,0,0,0,1,0,0,0,0,0,0,0,1,0,0,0,0,0,0,0,0,0,0,0,0,0,0,0,0,0,0,0,0,0,0,0,0,0,1,0,0,0,0,0,0,0,0,0,0,0,0,0,1,0,0,0,0,0,0,0,0,0,0,0,0,0,0,0,0,0,0,0,0,0,False,False,False,True,False,False,False,True,False,False,True,False,False,False,False,False,True,False,1,0,0,0,0,0,0,0,1,0,0,0,0
Blast of Tempest,0.667458432304038,0.6301239275500476,0.046092184368737465,0.5345911949685535,0.3333333333333333,1,0,0,0,0,0,0,0,0,0,0,0,0,0,1,0,0,0,1,0,0,0,0,0,0,0,0,0,0,0,0,0,0,0,0,0,0,0,0,0,0,1,0,0,0,0,0,0,1,0,0,0,0,0,0,0,0,0,1,0,0,0,0,0,0,0,0,0,0,0,1,0,0,0,0,0,False,False,False,True,False,False,False,True,False,False,False,True,False,False,False,False,True,False,0,1,0,0,0,0,0,0,0,1,1,0,0
Ajin: Demi-Human,0.5463182897862233,0.6291706387035272,0.02404809619238477,0.5534591194968553,0.23076923076923075,1,0,0,0,0,0,0,0,0,0,0,0,0,0,0,0,0,0,0,0,0,1,0,0,0,0,1,0,0,0,0,0,0,0,0,0,0,0,0,0,0,1,0,0,0,0,0,0,0,0,0,0,0,0,0,0,1,0,0,0,0,0,0,0,0,1,0,0,0,0,0,0,0,0,0,0,False,False,False,True,False,False,True,False,False,False,True,False,False,False,False,False,True,False,1,0,0,0,0,0,0,0,0,0,0,0,0
SK8 the Infinity,0.6935866983372923,0.6282173498570067,0.022044088176352703,0.4276729559748428,0.10256410256410256,0,0,0,0,0,0,0,0,0,0,0,0,0,0,0,0,0,0,0,0,0,0,0,0,0,0,0,0,0,0,0,0,0,0,0,0,0,0,0,0,0,0,0,0,0,0,0,0,0,1,0,0,0,0,0,0,0,0,0,0,0,0,1,0,0,0,0,0,0,0,0,0,0,0,0,0,False,False,False,True,False,False,False,True,False,False,True,False,False,False,False,False,False,True,1,0,1,0,0,0,0,0,0,0,0,0,0
Gangsta.,0.5558194774346794,0.6272640610104863,0.022044088176352703,0.5062893081761006,0.2564102564102564,1,1,0,0,0,0,0,0,0,0,0,0,0,0,1,0,0,0,0,0,0,0,0,0,0,0,0,0,0,0,0,0,0,0,0,0,0,0,0,0,0,0,0,1,0,0,0,0,0,0,0,0,0,0,0,0,1,0,0,0,0,0,0,0,0,0,0,0,0,0,0,0,0,0,0,0,False,False,False,True,False,False,True,False,False,False,True,False,False,False,False,False,True,False,0,0,1,0,0,0,0,0,0,0,0,0,0
My Hero Academia: Heroes Rising,0.6769596199524941,0.6263107721639657,0.0,0.7358490566037736,,1,0,0,0,0,0,0,0,0,0,0,0,0,0,0,0,0,0,0,0,0,0,0,0,0,0,0,0,0,0,0,0,0,0,0,0,0,0,0,0,0,0,0,0,0,0,0,0,0,0,0,0,0,0,0,0,0,0,1,0,0,0,0,0,1,0,0,0,0,0,0,0,0,0,0,0,False,False,False,True,False,False,False,True,False,True,False,False,False,False,False,False,False,False,1,0,1,0,0,0,0,0,0,1,0,0,0
In Another World With My Smartphone,0.24228028503562937,0.6253574833174452,0.022044088176352703,0.37106918238993714,0.20512820512820512,0,0,1,0,0,0,0,0,0,0,1,0,0,0,0,0,0,0,1,0,0,0,0,1,0,0,0,0,1,0,0,0,0,0,0,0,0,0,0,0,0,0,0,0,0,0,0,0,0,0,0,0,1,0,0,0,0,0,0,0,0,0,0,0,0,0,0,0,0,0,0,0,0,0,0,0,False,False,False,True,False,True,False,False,False,False,True,False,False,False,False,False,True,False,0,1,0,1,0,0,0,0,0,0,0,0,0
The World's Finest Assassin Gets Reincarnated in Another World as an Aristocrat,0.5320665083135394,0.6244041944709247,0.022044088176352703,0.5314465408805031,0.10256410256410256,1,0,0,0,0,0,0,0,0,0,0,0,0,0,1,0,0,0,1,0,0,0,0,0,0,0,0,0,1,0,0,0,0,0,0,0,0,0,0,0,0,1,0,0,0,0,0,0,0,0,1,0,1,0,0,0,0,0,0,0,0,0,0,0,0,0,0,0,0,0,0,0,0,0,0,0,False,False,False,True,False,False,True,False,False,False,True,False,False,False,False,False,False,True,0,1,0,0,0,0,1,0,0,0,0,0,1
Dorohedoro,0.7030878859857481,0.6234509056244042,0.022044088176352703,0.5943396226415094,0.1282051282051282,1,0,0,0,0,0,0,0,0,0,1,0,0,0,0,0,0,0,1,0,0,1,0,0,0,0,1,0,0,0,0,0,0,0,0,0,0,0,0,0,0,0,0,0,0,0,0,0,0,0,0,0,0,0,0,0,1,0,0,0,0,0,0,0,0,0,0,0,0,0,0,0,0,0,0,0,False,False,False,True,False,False,False,True,False,False,True,False,False,False,False,False,True,False,0,1,0,0,0,0,1,0,0,1,1,0,0
Overlord IV,0.7078384798099764,0.6224976167778837,0.02404809619238477,0.5062893081761006,0.07692307692307693,1,0,1,0,0,0,0,0,0,0,0,0,0,0,0,0,0,0,1,0,0,0,0,0,0,0,0,0,1,0,0,0,0,0,0,0,0,0,0,0,0,0,0,0,0,0,0,0,0,0,0,0,0,0,0,0,0,0,0,0,0,0,0,0,0,0,0,0,0,0,0,0,0,0,0,0,False,False,False,True,False,False,False,True,False,False,True,False,False,False,False,False,False,True,0,1,1,0,0,1,1,0,0,0,0,0,0
"Problem Children Are Coming from Another World, Aren't They?",0.5534441805225654,0.6215443279313633,0.018036072144288578,0.4339622641509434,0.3076923076923077,1,0,0,0,0,0,0,0,0,0,1,0,0,0,0,0,0,0,1,0,0,0,0,0,0,0,0,0,1,0,0,0,0,0,0,0,0,0,0,0,0,0,1,0,0,0,0,0,0,0,0,0,0,0,0,0,0,0,0,0,0,0,0,0,0,0,0,0,0,0,0,0,0,0,0,0,False,False,False,True,False,False,True,False,False,False,True,False,False,False,False,False,True,False,0,0,0,0,1,0,0,0,0,0,0,0,0
86 Eighty-Six Part 2,0.8646080760095016,0.6205910390848428,0.022044088176352703,0.550314465408805,0.10256410256410256,0,0,0,0,0,0,0,0,0,0,0,0,0,0,1,0,0,0,0,0,0,0,0,0,0,0,0,0,0,0,0,0,0,0,0,0,0,1,0,1,0,0,0,0,0,0,0,0,0,0,0,0,0,0,0,1,0,0,0,0,0,0,0,0,0,0,0,0,0,0,0,0,0,0,0,0,False,False,False,True,False,False,False,False,True,False,True,False,False,False,False,False,False,True,0,0,1,0,0,0,0,1,0,0,0,0,0
The Case Study of Vanitas,0.6698337292161523,0.6196377502383222,0.022044088176352703,0.4591194968553459,0.10256410256410256,1,0,0,0,0,0,0,0,0,0,0,0,0,0,0,0,0,0,1,0,0,0,0,0,0,1,0,0,0,0,0,0,0,0,0,0,0,0,0,0,0,1,0,0,0,0,0,0,0,0,0,0,0,0,0,0,0,0,1,0,0,0,0,0,0,0,0,0,0,0,1,1,0,0,0,0,False,False,False,True,False,False,False,True,False,False,True,False,False,False,False,False,False,True,0,0,0,0,1,0,0,0,0,0,1,0,0
Drifters,0.665083135391924,0.6186844613918018,0.022044088176352703,0.6037735849056605,0.23076923076923075,1,1,1,0,0,0,0,0,0,0,1,0,0,0,0,0,0,0,1,0,0,1,0,0,0,1,0,0,1,0,0,0,0,0,0,0,0,0,0,1,0,0,0,0,0,0,0,0,0,0,0,0,0,1,0,0,1,0,0,0,0,0,0,0,0,0,0,0,0,0,0,0,0,0,0,0,False,False,False,True,False,False,False,True,False,False,True,False,False,False,False,False,True,False,0,0,1,0,0,0,0,0,0,0,0,0,0
Evangelion: 1.0 You Are (Not) Alone,0.6935866983372923,0.6177311725452812,0.0,0.42452830188679247,,0,0,0,0,0,1,0,0,0,0,0,0,0,0,1,0,0,0,0,0,0,0,0,0,0,0,0,0,0,0,0,0,0,0,0,0,0,1,0,0,0,0,0,0,0,0,0,0,1,0,0,0,0,0,0,1,0,0,0,0,0,0,0,0,0,0,0,1,0,0,0,0,0,0,0,0,False,False,False,True,False,False,False,True,False,True,False,False,False,False,False,False,False,False,0,0,1,0,0,1,1,0,0,0,0,0,0
Shikimori's Not Just a Cutie,0.4418052256532068,0.6167778836987607,0.022044088176352703,0.4559748427672956,0.07692307692307693,0,0,0,0,0,0,0,0,0,0,1,0,0,0,0,0,0,0,0,0,0,0,0,0,0,0,0,0,0,0,0,0,0,0,0,0,0,0,0,0,0,0,0,0,0,0,0,0,0,0,0,0,1,0,1,0,0,0,0,0,0,0,0,0,0,0,0,0,0,0,0,0,0,0,0,0,False,False,False,True,False,False,True,False,False,False,True,False,False,False,False,False,False,True,1,0,0,1,0,0,0,0,1,0,0,0,1
Darwin's Game,0.5059382422802852,0.6158245948522403,0.02004008016032064,0.6037735849056605,0.1282051282051282,1,0,0,0,0,0,0,0,0,0,0,0,0,0,0,0,0,0,0,0,0,0,0,0,1,0,0,0,0,0,0,0,0,0,0,0,0,0,0,0,0,1,0,0,0,0,0,0,0,0,0,0,0,0,0,0,0,0,1,0,0,0,0,0,1,0,1,1,0,0,0,0,0,0,0,0,False,False,False,True,False,False,True,False,False,False,True,False,False,False,False,False,True,False,1,0,0,0,0,0,0,1,0,0,0,0,0
Gintama Season 2,0.9358669833729218,0.6148713060057198,0.1002004008016032,0.5031446540880503,0.358974358974359,1,0,0,0,0,0,0,0,0,0,1,0,0,0,0,0,0,0,0,1,0,0,0,0,0,1,0,0,0,0,0,0,0,0,0,0,0,0,0,0,0,0,0,0,0,1,0,0,0,0,0,0,0,1,0,1,0,0,1,0,0,0,0,0,0,0,0,0,0,0,0,0,0,0,0,0,False,False,False,True,False,False,False,False,True,False,False,False,True,False,False,False,True,False,0,0,0,0,0,1,1,1,0,0,0,0,0
Miss Kobayashi's Dragon Maid S,0.7434679334916867,0.6139180171591992,0.022044088176352703,0.4811320754716981,0.10256410256410256,0,0,0,0,0,0,0,0,0,0,0,0,0,0,0,0,0,0,0,0,0,0,0,0,0,0,0,0,0,0,0,0,0,0,0,0,0,0,0,0,0,0,0,0,0,0,0,0,0,0,0,0,0,0,0,0,0,0,0,0,1,0,0,0,0,1,0,0,0,0,0,0,0,0,0,0,False,False,False,True,False,False,False,True,False,False,True,False,False,False,False,False,False,True,1,0,0,0,0,0,1,0,0,0,0,0,0
Heavenly Delusion,0.7434679334916867,0.6129647283126788,0.02404809619238477,0.3647798742138365,0.05128205128205128,0,0,1,0,0,0,0,0,0,0,0,0,0,0,0,0,0,0,0,0,0,0,0,0,0,0,0,0,0,0,0,0,0,0,0,0,0,0,0,0,0,1,0,0,0,0,0,0,0,0,0,0,0,0,0,1,1,0,0,0,0,0,0,0,0,0,0,0,0,0,0,0,0,0,0,0,False,False,False,True,False,False,False,True,False,False,True,False,False,False,False,False,False,True,0,0,0,0,0,0,0,0,0,0,0,0,0
Kiss x Sis (TV),0.35154394299287395,0.6120114394661582,0.022044088176352703,0.37735849056603776,0.3846153846153846,0,0,0,0,0,0,0,0,0,0,1,0,0,0,0,1,0,0,0,0,0,0,0,1,0,0,0,0,0,0,0,0,0,0,0,0,0,0,0,0,0,0,0,0,0,0,0,0,0,0,0,0,1,0,1,0,1,0,0,0,0,0,0,0,0,0,0,0,0,0,0,0,0,0,0,0,False,False,False,True,False,False,True,False,False,False,True,False,False,False,False,True,False,False,1,0,0,0,0,0,0,0,0,0,0,0,0
Black Butler II,0.48456057007125897,0.6110581506196378,0.022044088176352703,0.4276729559748428,0.3846153846153846,1,0,0,0,0,0,0,0,0,0,1,0,0,0,0,0,0,0,0,0,0,0,0,0,0,1,0,0,0,0,0,0,0,0,0,0,0,0,0,0,0,0,1,0,0,0,0,0,0,0,0,0,0,0,0,0,0,0,1,0,0,0,0,0,0,1,0,0,0,0,0,0,0,0,0,0,False,False,False,True,False,False,True,False,False,False,True,False,False,False,False,True,False,False,0,0,0,0,1,0,0,0,0,0,0,0,0
GATE Part 2,0.6247030878859858,0.6101048617731173,0.022044088176352703,0.37735849056603776,0.23076923076923075,1,0,1,0,0,0,0,0,0,0,0,0,0,0,0,0,0,0,1,0,0,0,0,0,0,0,0,0,1,0,0,0,0,0,0,0,0,0,0,1,0,0,0,0,0,0,0,0,0,0,0,0,0,0,0,0,0,0,0,0,0,0,0,0,0,0,0,0,0,0,0,0,0,0,0,0,False,False,False,True,False,False,False,True,False,False,True,False,False,False,False,False,True,False,0,1,0,0,0,0,1,0,0,0,0,0,0
Paprika,0.7030878859857481,0.6091515729265968,0.0,0.5125786163522013,,0,1,0,0,1,1,0,0,0,0,0,0,0,0,0,0,0,0,0,0,0,0,0,0,0,0,0,0,0,0,0,0,0,0,0,0,0,0,0,0,0,1,0,0,0,0,0,0,1,0,0,0,0,0,0,1,0,0,0,0,0,0,0,0,0,0,0,1,0,0,0,0,0,0,0,0,False,False,False,True,False,False,False,True,False,True,False,False,False,False,False,False,False,False,0,0,0,0,0,0,0,0,0,0,1,0,1
Vivy -Fluorite Eye's Song-,0.7838479809976251,0.6081982840800764,0.02404809619238477,0.550314465408805,0.10256410256410256,1,0,0,0,0,0,0,0,0,0,0,0,0,0,0,0,0,0,0,0,0,0,0,0,0,0,0,0,0,0,0,0,0,0,0,0,0,0,0,0,1,0,0,0,0,0,0,0,0,0,0,0,0,0,0,1,0,0,0,0,0,0,0,0,0,0,0,1,0,1,0,0,0,0,0,0,False,False,False,True,False,False,False,True,False,False,True,False,False,False,False,False,False,True,0,0,1,0,0,1,0,0,0,0,0,0,0
Gosick,0.7030878859857481,0.6072449952335558,0.046092184368737465,0.5062893081761006,0.358974358974359,0,0,0,0,0,0,0,0,0,0,0,0,0,0,1,0,0,0,0,0,0,0,0,0,0,1,0,0,0,0,0,0,0,0,0,0,0,0,0,0,0,1,0,0,0,0,0,0,0,0,0,0,1,0,0,0,0,0,0,0,0,0,0,0,0,0,0,0,0,0,0,0,0,0,0,0,False,False,False,True,False,False,False,True,False,False,False,True,False,False,False,False,True,False,1,0,0,0,1,1,0,0,0,0,0,0,0
Eden of The East,0.6294536817102139,0.6062917063870352,0.02004008016032064,0.5377358490566038,0.41025641025641024,0,1,0,0,0,1,0,0,0,0,0,0,0,0,0,0,0,0,0,0,0,0,0,0,0,0,0,0,0,0,0,0,0,0,0,0,0,0,0,0,0,1,0,0,0,0,0,0,1,0,0,0,1,0,0,1,0,0,0,0,0,0,0,0,0,0,0,1,0,0,0,0,0,0,0,0,False,False,False,True,False,False,False,True,False,False,True,False,False,False,False,True,False,False,1,0,0,0,0,0,0,0,0,0,1,0,0
"BOFURI: I Don't Want to Get Hurt, so I'll Max Out My Defense.",0.5748218527315916,0.6053384175405148,0.022044088176352703,0.6320754716981133,0.1282051282051282,1,0,1,0,0,0,0,0,0,0,1,0,0,0,0,0,0,0,1,0,0,0,0,0,0,0,0,0,0,0,0,0,0,0,0,0,0,0,0,0,0,0,0,0,0,0,0,0,0,0,0,0,0,0,0,0,0,0,0,0,0,0,0,0,0,0,0,0,0,0,0,0,1,0,0,0,False,False,False,True,False,False,True,False,False,False,True,False,False,False,False,False,True,False,0,0,0,0,0,0,0,0,0,0,0,0,0
Katanagatari,0.7624703087885984,0.6043851286939943,0.022044088176352703,0.46540880503144655,0.3846153846153846,1,0,1,0,0,0,0,0,0,0,0,0,0,0,0,0,0,0,0,0,0,0,0,0,0,1,0,0,0,0,0,0,0,0,0,0,1,0,0,0,0,0,0,0,0,0,0,0,0,0,0,0,1,0,0,0,0,0,0,0,0,0,0,0,0,0,0,0,0,0,0,0,0,0,0,0,False,False,False,True,False,False,False,True,False,False,True,False,False,False,False,True,False,False,1,0,1,0,0,0,1,1,0,0,0,0,0
My First Girlfriend is a Gal,0.2826603325415675,0.6034318398474738,0.018036072144288578,0.2893081761006289,0.20512820512820512,0,0,0,0,0,0,0,0,0,0,1,0,0,0,0,1,0,0,0,0,0,0,0,1,0,0,0,0,0,0,0,0,0,0,0,0,0,0,0,0,0,0,0,0,0,0,0,0,0,0,0,0,1,0,1,0,0,0,1,0,0,0,0,0,0,0,0,0,0,0,0,0,0,0,0,0,False,False,False,True,False,True,False,False,False,False,True,False,False,False,False,False,True,False,1,0,0,0,0,0,1,0,1,0,0,0,0
And you thought there is never a girl online?,0.3776722090261282,0.6024785510009534,0.022044088176352703,0.5534591194968553,0.23076923076923075,0,0,0,0,0,0,0,0,0,0,1,0,0,0,0,1,0,0,0,0,0,0,0,0,0,0,0,0,0,0,0,0,0,0,0,0,0,0,0,0,0,0,0,0,0,0,0,0,0,0,0,0,1,0,1,0,0,0,0,0,0,0,0,0,0,0,0,0,0,0,0,0,1,0,0,0,False,False,False,True,False,False,True,False,False,False,True,False,False,False,False,False,True,False,1,0,0,0,0,0,0,0,0,0,0,0,0
Tsuki ga Kirei,0.6983372921615201,0.6015252621544328,0.022044088176352703,0.5157232704402516,0.20512820512820512,0,0,0,0,0,0,0,0,0,0,0,0,0,0,0,0,0,0,0,0,0,0,0,0,0,0,0,0,0,0,0,0,0,0,0,0,0,0,0,0,0,0,0,0,0,0,0,0,0,0,0,0,1,0,1,0,0,0,0,0,0,0,0,0,0,0,0,0,0,0,0,0,0,0,0,0,False,False,False,True,False,False,False,True,False,False,True,False,False,False,False,False,True,False,1,0,1,1,0,0,1,1,0,0,0,0,0
Oreshura,0.42992874109263646,0.6005719733079123,0.02404809619238477,0.48742138364779874,0.3076923076923077,0,0,0,0,0,0,0,0,0,0,1,0,0,0,0,0,0,0,0,0,0,0,0,1,0,0,0,0,0,0,0,0,0,0,0,0,0,0,0,0,0,0,0,0,0,0,0,0,0,0,0,0,1,0,1,0,0,0,0,0,0,0,0,0,0,0,0,0,0,0,0,0,0,0,0,0,False,False,False,True,False,False,True,False,False,False,True,False,False,False,False,False,True,False,1,0,0,1,0,0,0,0,1,0,0,0,0
Absolute Duo,0.31591448931116406,0.5996186844613918,0.022044088176352703,0.39622641509433965,0.2564102564102564,1,0,0,0,0,0,0,0,0,0,0,0,0,0,0,1,0,0,1,0,0,0,0,1,0,0,0,0,0,0,0,0,0,0,0,0,0,0,0,0,0,0,0,0,0,0,0,0,0,0,0,0,1,0,1,0,0,0,0,0,0,0,0,0,0,0,0,0,0,0,1,0,0,0,0,0,False,False,False,True,False,True,False,False,False,False,True,False,False,False,False,False,True,False,1,0,0,0,0,0,0,1,0,0,0,0,0
Nekomonogatari Black,0.6745843230403801,0.5986653956148713,0.0060120240480961915,0.5408805031446541,,0,0,0,0,0,0,0,0,0,0,0,0,0,0,0,1,0,0,0,0,0,0,0,0,0,0,0,0,0,0,0,0,0,0,0,0,0,0,0,0,0,1,0,0,0,0,0,0,0,0,0,0,1,0,0,0,0,0,0,0,0,0,0,0,0,1,0,0,0,0,0,0,0,0,0,0,False,False,False,True,False,False,False,True,False,False,True,False,False,False,False,False,False,False,0,0,1,0,1,0,0,0,0,0,0,0,0
Reborn!,0.7220902612826603,0.5977121067683508,0.4048096192384769,0.44654088050314467,0.48717948717948717,1,0,0,0,0,0,0,0,0,0,1,0,0,0,0,0,0,0,0,0,0,0,0,0,0,0,0,0,0,0,0,0,0,0,0,0,0,0,0,0,0,0,0,1,0,0,0,0,0,0,0,0,0,0,0,0,0,0,1,0,0,0,0,0,1,0,0,0,0,0,0,0,0,0,0,0,False,False,False,True,False,False,False,True,False,False,False,False,False,True,False,True,False,False,1,0,0,0,0,0,0,0,0,0,0,0,0
Evangelion: 2.0 You Can (Not) Advance,0.7648456057007129,0.5967588179218304,0.0,0.3144654088050315,,0,0,0,0,0,0,0,0,0,0,0,0,0,0,1,0,0,0,0,0,0,0,0,0,0,0,0,0,0,0,0,0,0,0,0,0,0,1,0,0,0,0,0,0,0,0,0,0,1,0,0,0,0,0,0,1,0,0,0,0,0,0,0,0,0,0,0,1,0,0,0,0,0,0,0,0,False,False,False,True,False,False,False,True,False,True,False,False,False,False,False,False,False,False,0,0,0,0,0,1,0,0,0,0,0,1,0
JoJo's Bizarre Adventure: Stone Ocean,0.7102137767220904,0.5958055290753099,0.022044088176352703,0.4779874213836478,,1,0,1,0,0,0,0,0,0,0,0,0,0,0,0,0,0,0,0,0,0,0,0,0,0,0,0,0,0,0,0,0,0,0,0,0,0,0,0,0,0,0,0,0,0,0,0,0,0,0,0,0,0,0,0,0,0,0,1,0,0,0,0,0,1,0,0,0,0,0,0,0,0,0,0,0,False,False,False,True,False,False,False,True,False,False,True,False,False,False,False,False,False,False,0,0,0,0,1,0,0,0,0,1,0,0,0
Natsume's Book of Friends,0.7648456057007129,0.5948522402287894,0.02404809619238477,0.6320754716981133,0.4358974358974359,0,0,0,0,0,0,0,0,0,0,0,0,0,0,0,0,0,0,0,0,0,0,0,0,0,0,0,0,0,1,0,0,0,0,0,0,0,0,0,0,0,0,1,0,0,0,0,0,0,0,0,0,0,0,0,0,0,1,0,0,1,0,0,0,0,1,0,0,0,0,0,0,0,0,0,0,False,False,False,True,False,False,False,True,False,False,True,False,False,False,False,True,False,False,0,0,0,0,1,0,0,0,0,0,0,0,0
Myriad Colors Phantom World,0.4204275534441806,0.5938989513822688,0.02404809619238477,0.46855345911949686,0.23076923076923075,1,0,0,0,0,0,0,0,0,0,1,0,0,0,0,1,0,0,1,0,0,0,0,0,0,0,0,0,0,0,0,0,0,0,0,0,0,0,0,0,0,0,0,0,0,0,0,0,0,0,0,0,0,0,1,0,0,0,0,0,0,0,0,0,0,0,0,0,0,0,1,0,0,0,0,0,False,False,False,True,False,False,True,False,False,False,True,False,False,False,False,False,True,False,1,0,0,0,1,0,0,1,0,0,0,0,0
Food Wars! The Fifth Plate,0.5296912114014252,0.5929456625357483,0.02404809619238477,0.29245283018867924,0.1282051282051282,0,0,0,0,0,0,0,0,0,0,0,0,0,0,0,1,0,0,0,0,0,0,1,0,0,0,0,0,0,0,0,0,0,0,0,0,0,0,0,0,0,0,0,0,0,0,0,0,0,0,0,0,0,0,1,0,0,0,1,0,0,0,0,0,0,0,0,0,0,0,0,0,0,0,0,0,False,False,False,True,False,False,True,False,False,False,True,False,False,False,False,False,True,False,1,0,0,0,0,0,0,0,0,0,0,0,0
Lycoris Recoil,0.7292161520190026,0.5919923736892279,0.02404809619238477,0.6100628930817611,0.07692307692307693,1,0,0,0,0,0,0,0,0,0,0,0,0,0,0,0,0,0,0,0,0,0,0,0,0,0,0,0,0,0,0,0,0,0,0,0,0,0,0,0,0,0,0,0,0,0,0,0,0,0,0,0,0,0,0,0,0,0,0,0,0,0,0,0,0,0,0,0,0,0,0,0,0,0,0,0,False,False,False,True,False,False,False,True,False,False,True,False,False,False,False,False,False,True,0,0,0,0,0,0,0,0,0,0,1,0,0
Dr. Stone: New World,0.7292161520190026,0.5910390848427074,0.02004008016032064,0.4025157232704403,0.05128205128205128,0,0,1,0,0,0,0,0,0,0,1,0,0,0,0,0,0,0,0,0,0,0,0,0,0,0,0,0,0,0,0,0,0,0,0,0,0,0,0,0,0,0,0,0,0,0,0,0,0,0,0,0,0,0,0,1,0,0,1,0,0,0,0,0,0,0,0,0,0,0,0,0,0,0,0,0,False,False,False,True,False,False,False,True,False,False,True,False,False,False,False,False,False,True,0,0,0,0,0,0,0,1,0,0,0,0,0
God Eater,0.4988123515439429,0.5900857959961869,0.02404809619238477,0.5314465408805031,0.2564102564102564,1,0,0,0,0,0,0,0,0,0,0,0,0,0,0,0,0,0,1,0,0,0,0,0,0,0,0,0,0,0,0,0,0,0,0,0,0,0,0,1,0,0,0,0,0,0,0,0,0,0,0,0,0,0,0,1,0,0,0,0,0,0,0,0,0,0,0,0,0,0,0,0,0,0,0,0,False,False,False,True,False,False,True,False,False,False,True,False,False,False,False,False,True,False,0,0,0,0,0,0,0,0,0,0,0,0,0
Kizumonogatari Part 1: Iron-Blooded,0.7790973871733966,0.5891325071496664,0.0,0.48742138364779874,,1,0,0,0,0,0,0,0,0,0,0,0,0,0,0,0,0,0,0,0,0,0,0,0,0,0,0,0,0,0,0,0,0,0,0,0,0,0,0,0,0,1,0,0,0,0,0,0,0,0,0,0,0,0,0,0,0,0,0,0,0,0,0,0,0,1,0,0,0,0,0,1,0,0,0,0,False,False,False,True,False,False,False,True,False,True,False,False,False,False,False,False,False,False,1,0,0,0,1,0,0,0,0,0,0,0,0
Fruits Basket 2nd Season,0.819477434679335,0.5881792183031459,0.04809619238476953,0.6383647798742139,0.1282051282051282,0,0,0,0,0,0,0,0,0,0,0,0,0,0,1,0,0,0,0,0,0,0,0,0,0,0,0,0,0,0,0,0,0,0,0,0,0,0,0,0,0,0,0,0,0,0,0,0,0,0,0,0,1,0,1,0,0,1,0,0,0,0,0,0,0,1,0,0,0,0,0,0,0,0,0,0,False,False,False,True,False,False,False,False,True,False,False,True,False,False,False,False,True,False,0,0,0,0,0,0,0,0,0,0,0,0,0
Black Lagoon: The Second Barrage,0.7339667458432304,0.5872259294566253,0.022044088176352703,0.4276729559748428,0.48717948717948717,1,1,0,0,0,0,0,0,0,0,0,0,0,0,0,0,0,0,0,0,0,0,0,0,0,0,0,0,0,0,0,0,0,0,0,0,0,0,0,0,0,0,0,1,0,0,0,0,0,0,0,0,0,0,0,0,1,0,0,0,0,0,0,0,0,0,0,0,0,0,0,0,0,0,0,0,False,False,False,True,False,False,False,True,False,False,True,False,False,False,False,True,False,False,0,0,0,0,0,0,0,0,0,0,0,0,0
Fruits Basket,0.6199524940617578,0.5862726406101049,0.0501002004008016,0.6257861635220127,0.6153846153846154,0,0,0,0,0,0,0,0,0,0,0,0,0,0,1,0,0,0,0,0,0,0,0,0,0,0,0,0,0,0,0,0,1,0,0,0,0,0,0,0,0,0,0,0,0,0,0,0,0,0,0,0,1,0,1,0,0,1,0,0,0,0,0,0,0,1,0,0,0,0,0,0,0,0,0,0,False,False,False,True,False,False,False,True,False,False,False,True,False,False,False,True,False,False,1,0,0,0,0,0,0,0,0,0,1,0,0
Takt Op. Destiny,0.49406175771971506,0.5853193517635844,0.022044088176352703,0.6446540880503145,0.10256410256410256,1,0,0,0,0,0,0,0,0,0,0,0,0,0,0,0,0,0,1,0,0,0,0,0,0,0,0,0,0,0,0,0,0,0,0,0,0,0,0,0,1,0,0,0,0,0,0,0,0,0,0,0,0,0,0,1,0,0,0,0,0,0,0,0,0,0,0,0,0,0,1,0,0,0,0,0,False,False,False,True,False,False,True,False,False,False,True,False,False,False,False,False,False,True,0,0,0,0,0,0,0,0,0,0,0,0,0
The Melancholy of Haruhi Suzumiya Season 2,0.5106888361045132,0.5843660629170639,0.026052104208416832,0.2987421383647799,0.41025641025641024,0,0,0,0,0,0,0,0,0,0,1,0,0,0,0,0,0,0,0,0,0,0,0,0,0,0,0,0,0,0,0,0,0,0,0,0,0,0,0,0,0,1,0,0,0,0,0,0,0,0,0,0,0,0,1,1,0,0,0,0,0,0,0,0,0,0,0,0,0,0,0,0,0,0,0,0,False,False,False,True,False,False,True,False,False,False,False,True,False,False,False,True,False,False,1,0,0,0,1,0,0,0,0,0,0,0,0
Demon King Daimao,0.3847980997624705,0.5834127740705435,0.022044088176352703,0.5440251572327044,0.3846153846153846,1,0,0,0,0,0,0,0,0,0,1,0,0,0,0,1,0,0,1,0,0,0,0,1,0,0,0,0,0,0,0,0,0,0,0,0,0,0,0,0,0,0,0,0,0,0,0,0,0,0,0,0,1,0,1,0,0,0,0,0,0,0,0,0,0,0,0,0,0,0,0,0,0,0,0,0,False,False,False,True,False,False,True,False,False,False,True,False,False,False,False,True,False,False,1,1,0,0,1,1,0,0,0,0,0,0,0
Shakugan no Shana: Season I,0.5605700712589075,0.5824594852240229,0.046092184368737465,0.5283018867924528,0.5128205128205128,1,0,0,0,0,0,0,0,0,0,0,0,0,0,1,0,0,0,1,0,0,0,0,0,0,0,0,0,0,0,0,0,0,0,0,0,0,0,0,0,0,0,0,0,0,0,0,0,0,0,0,0,1,0,1,0,0,0,0,0,0,0,0,0,0,0,0,0,0,0,1,0,0,0,0,0,False,False,False,True,False,False,True,False,False,False,False,True,False,False,False,True,False,False,1,0,1,0,0,0,0,0,0,1,0,0,1
Haganai: I don't have many friends NEXT,0.517814726840855,0.5815061963775023,0.022044088176352703,0.35534591194968557,0.3076923076923077,0,0,0,0,0,0,0,0,0,0,1,0,0,0,0,1,0,0,0,0,0,0,0,1,0,0,0,0,0,0,0,0,0,0,0,0,0,0,0,0,0,0,0,0,0,0,0,0,0,0,0,0,1,0,1,0,0,0,0,0,0,0,0,0,0,0,0,0,0,0,0,0,0,0,0,0,False,False,False,True,False,False,True,False,False,False,True,False,False,False,False,False,True,False,1,0,0,0,0,0,0,0,1,0,0,0,0
Attack on Titan: No Regrets,0.793349168646081,0.5805529075309819,0.002004008016032064,0.7044025157232705,,1,0,0,0,0,0,0,0,0,0,0,0,0,0,0,0,0,0,0,0,0,0,0,0,0,0,0,0,0,0,0,0,0,0,0,0,0,0,0,0,0,0,0,0,0,0,0,0,0,0,0,0,0,0,0,0,0,0,0,0,0,0,0,0,0,0,0,0,0,0,0,0,0,0,0,0,False,False,False,True,False,False,False,True,False,False,True,False,False,False,False,False,False,False,0,0,1,0,0,1,0,1,0,1,0,0,0
Fairy Tail Final Series,0.6033254156769596,0.5795996186844614,0.1002004008016032,0.22955974842767296,0.1794871794871795,1,0,1,0,0,0,0,0,0,0,0,0,0,0,0,0,0,0,1,0,0,0,0,0,0,0,0,0,0,0,0,0,0,0,0,0,0,0,0,0,0,0,0,0,0,0,0,0,0,0,0,0,0,0,0,0,0,0,1,0,0,0,0,0,0,0,0,0,0,0,0,0,0,0,0,0,False,False,False,True,False,False,False,True,False,False,False,False,True,False,False,False,True,False,0,0,1,0,1,0,0,0,0,0,0,0,0
Citrus,0.3206650831353919,0.578646329837941,0.022044088176352703,0.6132075471698114,0.1794871794871795,0,0,0,0,0,0,0,0,0,0,0,0,0,0,1,0,0,0,0,0,1,0,0,0,0,0,0,0,0,0,0,0,0,0,0,0,0,0,0,0,0,0,0,0,0,0,0,0,0,0,0,0,0,0,1,0,0,0,0,0,0,0,0,0,0,0,0,0,0,0,0,0,0,0,0,0,False,False,False,True,False,True,False,False,False,False,True,False,False,False,False,False,True,False,1,0,0,0,0,0,0,0,0,0,0,0,0
Death March to the Parallel World Rhapsody,0.3206650831353919,0.5776930409914205,0.022044088176352703,0.4748427672955975,0.1794871794871795,0,0,1,0,0,0,0,0,0,0,0,0,0,0,0,0,0,0,1,0,0,0,0,1,0,0,0,0,1,0,0,0,0,0,0,0,0,0,0,0,0,0,0,0,0,0,0,0,0,0,0,0,0,0,0,0,0,0,0,0,0,0,0,0,0,0,0,0,0,0,0,0,0,0,0,0,False,False,False,True,False,True,False,False,False,False,True,False,False,False,False,False,True,False,0,1,1,0,0,0,0,0,0,0,0,0,0
High School DxD Hero,0.5106888361045132,0.5767397521448999,0.022044088176352703,0.559748427672956,0.1794871794871795,1,0,0,0,0,0,0,0,0,0,1,0,0,0,0,1,0,0,0,0,0,0,0,1,0,0,0,0,0,0,0,0,0,0,0,0,0,0,0,0,0,0,1,0,0,0,0,0,0,0,0,0,1,0,1,0,0,0,0,0,0,0,0,0,0,1,0,0,0,0,0,0,0,0,0,0,False,False,False,True,False,False,True,False,False,False,True,False,False,False,False,False,True,False,1,1,0,0,0,0,1,0,0,0,0,0,0
Welcome to Demon School! Iruma-kun,0.6318289786223279,0.5757864632983795,0.044088176352705406,0.5,0.15384615384615385,0,0,0,0,0,0,0,0,0,0,1,0,0,0,0,0,0,0,1,0,0,0,0,0,0,0,0,0,0,0,0,0,0,0,0,0,0,0,0,0,0,0,0,0,0,0,0,0,0,0,0,0,0,0,1,0,0,0,1,0,0,0,0,0,0,0,0,0,0,0,0,0,0,0,0,0,False,False,False,True,False,False,False,True,False,False,False,True,False,False,False,False,True,False,1,1,0,0,1,0,0,0,0,0,0,0,0
Hinamatsuri,0.7197149643705463,0.5748331744518589,0.022044088176352703,0.6257861635220127,0.1794871794871795,0,0,0,0,0,0,0,0,1,0,1,0,0,0,0,0,0,0,0,0,0,0,0,0,0,0,0,0,0,0,0,0,0,0,0,0,0,0,0,0,0,0,0,1,0,0,0,0,0,0,0,0,0,0,0,0,1,0,0,0,0,0,0,0,1,0,0,0,0,0,0,0,0,0,0,0,False,False,False,True,False,False,False,True,False,False,True,False,False,False,False,False,True,False,0,0,0,0,0,0,0,0,0,0,0,0,0
Twin Star Exorcists,0.5249406175771971,0.5738798856053384,0.09819639278557113,0.48742138364779874,0.23076923076923075,1,0,0,0,0,0,0,0,0,0,0,0,0,0,0,0,0,0,1,0,0,0,0,0,0,0,0,0,0,0,0,0,0,0,0,0,0,0,0,0,0,0,1,0,0,0,0,0,0,0,0,0,1,0,0,0,0,0,1,0,0,0,0,0,0,0,0,0,0,0,1,0,0,0,0,0,False,False,False,True,False,False,True,False,False,False,False,False,True,False,False,False,True,False,0,0,0,1,0,0,0,0,0,0,0,1,0
Fruits Basket: The Final Season,0.9168646080760097,0.572926596758818,0.02404809619238477,0.5094339622641509,0.10256410256410256,0,0,0,0,0,0,0,0,0,0,0,0,0,0,1,0,0,0,0,0,0,0,0,0,0,0,0,0,0,0,0,0,0,0,0,0,0,0,0,0,0,0,0,0,0,0,0,0,0,0,0,0,1,0,0,0,0,1,0,0,0,0,0,0,0,1,0,0,0,0,0,0,0,0,0,0,False,False,False,True,False,False,False,False,True,False,True,False,False,False,False,False,False,True,0,0,1,0,1,1,0,0,0,0,1,0,0
A Place Further Than The Universe,0.8123515439429931,0.5719733079122975,0.02404809619238477,0.669811320754717,0.1794871794871795,0,0,1,0,0,0,0,1,0,0,1,0,0,0,1,0,0,0,0,0,0,0,0,0,0,0,0,0,0,0,0,0,0,0,0,0,0,0,0,0,0,0,0,0,0,0,0,0,0,0,0,0,0,0,0,0,0,0,0,0,0,0,0,0,0,0,0,0,0,0,0,0,0,0,0,0,False,False,False,True,False,False,False,True,False,False,True,False,False,False,False,False,True,False,1,0,1,0,1,0,0,0,0,0,0,0,0
Mieruko-chan,0.5463182897862233,0.571020019065777,0.022044088176352703,0.4748427672955975,0.10256410256410256,0,0,0,0,0,0,0,0,0,0,1,0,0,0,0,0,0,0,0,0,0,0,0,0,0,0,1,0,0,0,0,0,0,0,0,0,0,0,0,0,0,0,0,0,0,0,0,0,0,0,0,0,0,0,1,0,0,0,0,0,0,0,0,0,0,0,0,0,0,0,0,0,0,0,0,0,False,False,False,True,False,False,True,False,False,False,True,False,False,False,False,False,False,True,1,0,1,0,0,0,0,0,1,0,1,0,0
Summer Wars,0.6959619952494063,0.5700667302192565,0.0,0.6257861635220127,,0,0,0,0,0,1,0,0,0,0,1,0,0,0,0,0,0,0,0,0,0,0,0,0,0,0,0,0,0,0,0,0,0,0,0,0,0,0,0,0,0,0,0,0,0,0,0,0,0,0,0,0,0,0,0,1,0,0,0,0,0,0,0,0,0,0,0,0,0,0,0,0,0,0,0,0,False,False,False,True,False,False,False,True,False,True,False,False,False,False,False,False,False,False,0,0,0,0,0,0,0,0,0,0,0,1,0
Kimi ni Todoke: From Me to You Season 2,0.6888361045130644,0.5691134413727359,0.022044088176352703,0.39622641509433965,0.358974358974359,0,0,0,0,0,0,0,0,0,0,0,0,0,0,1,0,0,0,0,0,0,0,0,0,0,0,0,0,0,0,0,0,0,0,0,0,0,0,0,0,0,0,0,0,0,0,0,0,0,0,0,0,1,0,1,0,0,1,0,0,0,0,0,0,0,0,0,0,0,0,0,0,0,0,0,0,False,False,False,True,False,False,False,True,False,False,True,False,False,False,False,False,True,False,1,0,1,1,0,0,0,0,0,0,0,0,0
Komi Can't Communicate Season 2,0.6912114014251782,0.5681601525262154,0.022044088176352703,0.2641509433962264,0.07692307692307693,0,0,0,0,0,0,0,0,0,0,1,0,0,0,0,0,0,0,0,0,0,0,0,0,0,0,0,0,0,0,0,0,0,0,0,0,0,0,0,0,0,0,0,0,0,0,0,0,0,0,0,0,0,0,1,0,0,0,1,0,0,0,0,0,0,0,0,0,0,0,0,0,0,0,0,0,False,False,False,True,False,False,False,True,False,False,True,False,False,False,False,False,False,True,1,0,0,0,0,0,0,0,0,0,0,0,0
Megalo Box,0.6627078384798102,0.567206863679695,0.02404809619238477,0.6823899371069183,0.1794871794871795,0,1,0,0,0,0,0,0,0,1,0,0,0,0,0,0,0,0,0,0,0,0,0,0,0,0,0,0,0,0,0,0,0,0,0,0,0,0,0,0,0,0,0,0,0,0,0,0,0,0,0,0,0,0,0,1,0,0,0,0,0,0,1,0,0,0,0,0,0,0,0,0,0,0,0,0,False,False,False,True,False,False,False,True,False,False,True,False,False,False,False,False,True,False,0,0,1,0,0,1,0,1,0,0,0,0,0
"Yosuga no Sora: In Solitude, Where We Are Least Alone",0.21852731591448937,0.5662535748331745,0.022044088176352703,0.33333333333333337,0.3846153846153846,0,0,0,0,0,0,0,0,0,0,0,0,0,0,1,1,0,0,0,0,0,0,0,1,0,0,0,0,0,0,0,0,0,0,0,0,0,0,0,0,0,0,0,0,0,0,0,0,0,0,0,0,1,0,0,0,0,0,0,0,0,0,0,0,0,0,0,0,0,0,0,0,0,0,0,0,False,False,False,True,False,True,False,False,False,False,True,False,False,False,False,True,False,False,0,0,0,0,0,0,0,0,0,0,0,0,0
Re:Creators,0.5866983372921615,0.565300285986654,0.04208416833667334,0.628930817610063,0.20512820512820512,1,0,0,0,0,0,0,0,0,0,0,0,0,0,0,0,0,0,1,0,0,0,0,0,0,0,0,0,0,0,0,0,0,0,0,0,0,0,0,0,0,0,0,0,0,0,0,0,0,0,0,0,0,0,0,0,0,0,0,0,0,0,0,0,0,0,0,0,0,0,1,0,0,0,0,0,False,False,False,True,False,False,False,True,False,False,False,True,False,False,False,False,True,False,1,1,1,0,0,0,1,0,0,0,0,0,0
Tsukimichi -Moonlit Fantasy-,0.6247030878859858,0.5643469971401335,0.022044088176352703,0.559748427672956,0.10256410256410256,1,0,1,0,0,0,0,0,0,0,1,0,0,0,0,0,0,0,1,0,0,0,0,0,0,0,0,0,1,0,0,0,0,0,0,0,0,0,0,0,0,0,0,0,0,0,0,0,0,0,0,0,0,0,0,0,0,0,0,0,0,0,0,0,0,0,0,0,0,0,0,0,0,0,0,0,False,False,False,True,False,False,False,True,False,False,True,False,False,False,False,False,False,True,0,1,0,0,0,0,0,0,0,0,0,0,0
Aldnoah.Zero,0.5463182897862233,0.563393708293613,0.022044088176352703,0.5471698113207547,0.28205128205128205,0,0,0,0,0,0,0,0,0,0,0,0,0,0,0,0,0,0,0,0,0,0,0,0,0,0,0,0,0,0,0,0,0,0,0,0,0,1,0,1,0,0,0,0,0,0,0,0,0,0,0,0,0,0,0,1,0,0,0,0,0,0,0,0,0,0,0,0,0,0,0,0,0,0,0,0,False,False,False,True,False,False,True,False,False,False,True,False,False,False,False,False,True,False,1,0,1,0,0,0,0,0,0,0,0,0,0
Laid-Back Camp,0.7553444180522566,0.5624404194470924,0.022044088176352703,0.5628930817610063,0.1794871794871795,0,0,0,0,0,0,0,1,0,0,0,0,0,0,0,0,0,0,0,0,0,0,0,0,0,0,0,0,0,1,0,0,0,0,0,0,0,0,0,0,0,0,0,0,0,0,0,0,0,0,0,0,0,0,0,0,0,0,0,0,1,0,0,0,0,0,0,0,0,0,0,0,0,0,0,0,False,False,False,True,False,False,False,True,False,False,True,False,False,False,False,False,True,False,0,0,1,0,0,0,0,0,0,0,0,0,0
Delicious in Dungeon,0.8337292161520191,0.561487130600572,0.046092184368737465,0.5754716981132075,0.02564102564102564,0,0,1,0,0,0,0,0,0,0,1,0,0,0,0,0,0,0,1,0,0,0,1,0,0,0,0,0,0,0,0,0,0,0,0,0,0,0,0,0,0,0,0,0,0,0,0,0,0,0,0,0,0,0,0,0,1,0,0,0,0,0,0,0,0,0,0,0,0,0,0,0,0,0,0,0,False,False,False,True,False,False,False,False,True,False,False,True,False,False,False,False,False,True,0,1,1,0,0,0,1,0,0,0,0,0,0
Gleipnir,0.4441805225653208,0.5605338417540515,0.02404809619238477,0.5408805031446541,0.1282051282051282,1,0,0,0,0,0,0,0,0,0,0,0,0,0,0,1,0,0,0,0,0,0,0,0,0,0,0,0,0,0,0,0,0,0,0,0,0,0,0,0,0,1,0,0,0,0,0,0,0,0,0,0,0,0,0,0,1,0,0,0,0,0,0,0,1,0,0,0,0,0,0,0,0,0,0,0,False,False,False,True,False,False,True,False,False,False,True,False,False,False,False,False,True,False,1,0,0,0,0,0,0,0,0,0,0,0,0
Mushoku Tensei: Jobless Reincarnation Season 2 Part 2,0.7885985748218529,0.5595805529075311,0.022044088176352703,0.5094339622641509,0.02564102564102564,0,0,1,0,0,0,0,0,0,0,0,0,0,0,1,1,0,0,1,0,0,0,0,0,0,0,0,0,1,0,0,0,0,0,0,0,0,0,0,0,0,0,0,0,0,0,0,0,0,0,1,0,0,0,0,0,0,0,0,0,0,0,0,0,0,0,0,0,0,0,0,0,0,0,0,0,False,False,False,True,False,False,False,True,False,False,True,False,False,False,False,False,False,True,0,1,0,0,0,0,0,0,0,0,0,0,0
Castle in the Sky,0.7553444180522566,0.5586272640610106,0.0,0.44025157232704404,,0,0,1,0,0,1,0,0,0,0,0,0,0,0,0,0,0,0,1,0,0,0,0,0,0,0,0,0,0,0,0,0,0,0,0,0,0,0,0,0,0,0,0,0,0,0,0,0,0,0,0,0,0,0,0,0,0,0,0,0,0,0,0,0,0,0,0,0,0,0,0,0,0,0,0,0,False,False,False,True,False,False,False,True,False,True,False,False,False,False,False,False,False,False,0,0,0,0,0,0,0,0,0,0,0,0,0
Zombieland Saga,0.5748218527315916,0.55767397521449,0.022044088176352703,0.44339622641509435,0.1794871794871795,0,0,0,0,0,1,0,0,0,0,1,0,0,0,0,0,0,0,0,0,0,0,0,0,0,0,0,1,0,0,0,0,0,0,0,0,0,0,0,0,1,0,0,0,0,1,0,0,0,0,0,0,0,0,0,0,0,0,0,0,0,0,0,0,0,1,0,0,0,0,0,0,0,0,0,0,False,False,False,True,False,False,True,False,False,False,True,False,False,False,False,False,True,False,0,0,1,0,0,0,0,0,0,0,0,0,0
The Familiar of Zero: Knight of the Twin Moons,0.5486935866983373,0.5567206863679695,0.022044088176352703,0.44654088050314467,0.4615384615384615,1,0,1,0,0,0,0,0,0,0,1,0,0,0,0,1,0,0,1,0,0,0,0,1,0,0,0,0,1,0,0,0,0,0,0,0,0,0,0,0,0,0,0,0,0,0,0,0,0,0,0,0,1,0,1,0,0,0,0,0,0,0,0,0,0,0,0,0,0,0,0,0,0,0,0,0,False,False,False,True,False,False,True,False,False,False,True,False,False,False,False,True,False,False,0,1,0,0,0,0,1,0,0,0,0,0,0
AHO-GIRL,0.3871733966745843,0.555767397521449,0.022044088176352703,0.46855345911949686,0.20512820512820512,0,0,0,0,0,0,0,0,0,0,1,0,0,0,0,0,0,0,0,1,0,0,0,0,0,0,0,0,0,0,0,0,0,0,0,0,0,0,0,0,0,0,0,0,0,0,0,0,0,0,0,0,0,0,1,0,0,0,1,0,0,0,0,0,0,0,0,0,0,0,0,0,0,0,0,0,False,False,False,True,False,False,True,False,False,False,True,False,False,False,False,False,True,False,0,0,0,0,0,0,0,0,0,0,0,0,1
In/Spectre,0.43705463182897875,0.5548141086749285,0.022044088176352703,0.5408805031446541,0.1282051282051282,0,1,0,0,0,0,0,0,0,0,0,0,0,0,0,0,0,0,0,0,0,0,0,0,0,0,0,0,0,0,0,0,0,0,0,0,0,0,0,0,0,1,1,0,0,0,0,0,0,0,0,0,1,0,0,0,0,0,1,0,0,0,0,0,0,1,0,0,0,0,0,0,0,0,0,0,False,False,False,True,False,False,True,False,False,False,True,False,False,False,False,False,True,False,1,0,0,0,1,0,0,0,0,0,0,0,0
Asobi Asobase - workshop of fun -,0.7387173396674585,0.5538608198284081,0.022044088176352703,0.42138364779874216,0.1794871794871795,0,0,0,0,0,0,0,0,0,0,1,0,0,0,0,0,0,0,0,1,0,0,0,0,0,0,0,0,0,0,0,0,0,0,0,0,0,0,0,0,0,0,0,0,0,0,0,0,0,0,0,0,0,0,1,0,1,0,0,0,0,0,0,0,0,0,0,0,0,0,0,0,0,0,0,0,False,False,False,True,False,False,False,True,False,False,True,False,False,False,False,False,True,False,1,0,0,0,0,0,0,0,1,0,0,0,0
Inu X Boku Secret Service,0.5415676959619955,0.5529075309818876,0.022044088176352703,0.5534591194968553,0.3333333333333333,0,0,0,0,0,0,0,0,0,0,1,0,0,0,0,0,0,0,0,0,0,0,0,0,0,0,0,0,0,0,0,0,0,0,0,0,0,0,0,0,0,0,1,0,0,0,0,0,0,0,0,0,1,0,0,0,0,0,1,0,0,0,0,0,0,1,0,0,0,0,0,0,0,0,0,0,False,False,False,True,False,False,True,False,False,False,True,False,False,False,False,False,True,False,1,0,0,0,1,0,0,0,0,0,0,0,0
Full Metal Panic!,0.5961995249406176,0.551954242135367,0.046092184368737465,0.4559748427672956,0.5897435897435898,0,0,0,0,0,0,0,0,0,0,1,0,0,0,0,0,0,0,0,0,0,0,0,0,0,0,0,0,0,0,0,0,0,0,0,0,0,1,0,1,0,0,0,0,0,0,0,0,0,0,0,0,0,0,0,1,0,0,0,0,0,0,0,0,0,0,0,0,0,0,0,0,0,0,0,0,False,False,False,True,False,False,False,True,False,False,False,True,False,False,False,True,False,False,1,0,1,0,0,0,0,1,0,0,1,0,1
Made in Abyss: Dawn of the Deep Soul,0.8361045130641329,0.5510009532888466,0.0,0.4748427672955975,,0,0,1,0,0,0,0,0,0,0,0,0,0,0,1,0,0,0,1,0,0,1,0,0,0,0,0,0,0,0,0,0,0,0,0,0,0,0,0,0,0,1,0,0,0,0,0,0,0,0,0,0,0,0,0,1,0,0,0,0,0,0,0,0,0,0,0,0,0,0,0,0,0,0,0,0,False,False,False,True,False,False,False,False,True,True,False,False,False,False,False,False,False,False,0,0,0,0,0,0,0,0,0,0,0,0,0
Bunny Drop,0.7695961995249407,0.550047664442326,0.02004008016032064,0.49056603773584906,0.358974358974359,0,0,0,0,0,0,0,0,1,0,0,0,0,0,0,0,0,0,0,0,0,0,0,0,0,0,0,0,0,1,1,0,0,0,0,0,0,0,0,0,0,0,0,0,0,0,0,0,0,0,0,0,0,0,0,0,0,0,0,0,1,0,0,0,0,0,0,0,0,0,0,0,0,0,0,0,False,False,False,True,False,False,False,True,False,False,True,False,False,False,False,False,True,False,0,0,1,1,0,0,0,0,0,0,0,0,0
KonoSuba: God's Blessing on This Wonderful World! 3,0.7743467933491688,0.5490943755958055,0.02004008016032064,0.4748427672955975,0.02564102564102564,0,0,1,0,0,0,0,0,0,0,1,0,0,0,0,0,0,0,1,0,0,0,0,0,0,0,0,0,1,0,0,0,0,0,0,0,0,0,0,0,0,0,0,0,0,1,0,0,0,0,0,0,0,0,0,0,0,0,0,0,0,0,0,0,0,0,0,0,0,0,0,0,0,0,0,0,False,False,False,True,False,False,False,True,False,False,True,False,False,False,False,False,False,True,0,1,0,0,1,0,0,0,0,0,0,0,0
Rurouni Kenshin,0.7600950118764844,0.5481410867492851,0.18637274549098196,0.5974842767295597,0.7435897435897436,1,0,0,0,0,0,0,0,0,0,1,0,0,0,0,0,0,0,0,0,0,0,0,0,0,1,0,0,0,0,0,0,0,0,0,0,0,0,0,0,0,0,0,0,0,0,0,0,0,0,0,0,1,1,0,0,0,0,1,0,0,0,0,0,0,0,0,0,0,0,0,0,0,0,0,0,False,False,False,True,False,False,False,True,False,False,False,False,False,True,True,False,False,False,0,0,1,0,0,0,1,1,0,0,1,0,0
Made in Abyss: The Golden City of the Scorching Sun,0.8361045130641329,0.5471877979027646,0.022044088176352703,0.3616352201257862,0.07692307692307693,0,0,1,0,0,0,0,0,0,0,0,0,0,0,1,0,0,0,1,0,0,1,0,0,0,0,0,0,0,0,0,0,0,0,0,0,0,0,0,0,0,1,0,0,0,0,0,0,0,0,0,0,0,0,0,1,0,0,0,0,0,0,0,0,0,0,0,0,0,0,0,0,0,0,0,0,False,False,False,True,False,False,False,False,True,False,True,False,False,False,False,False,False,True,0,0,1,0,0,0,0,0,0,0,1,0,0
Maoyu,0.508313539192399,0.5462345090562442,0.022044088176352703,0.6981132075471699,0.3076923076923077,0,0,1,0,0,0,0,0,0,0,0,0,0,0,0,0,0,0,1,0,0,0,0,0,0,0,0,0,0,0,0,0,0,0,0,0,0,0,0,0,0,0,0,0,0,0,0,0,0,0,0,0,1,0,0,0,0,0,0,0,0,0,0,0,0,0,0,0,0,0,0,0,0,0,0,0,False,False,False,True,False,False,True,False,False,False,True,False,False,False,False,False,True,False,0,0,1,0,1,0,1,0,0,0,0,0,0
Uzaki-chan Wants to Hang Out!,0.4465558194774346,0.5452812202097236,0.022044088176352703,0.5,0.1282051282051282,0,1,0,0,0,0,0,0,0,0,1,0,0,0,0,0,0,0,0,0,0,0,0,0,0,0,0,0,0,0,0,0,0,1,0,0,0,0,0,0,0,0,0,0,0,0,0,0,0,0,0,0,1,0,0,0,0,0,0,0,0,0,0,0,0,0,0,0,0,0,0,0,0,0,0,0,False,False,False,True,False,False,True,False,False,False,True,False,False,False,False,False,True,False,1,0,0,1,0,0,0,0,0,0,0,0,0
Mayo Chiki!,0.5059382422802852,0.544327931363203,0.02404809619238477,0.44339622641509435,0.358974358974359,0,0,0,0,0,0,0,0,0,0,1,1,0,0,0,1,0,0,0,0,0,0,0,1,0,0,0,0,0,0,0,0,0,0,0,0,0,0,0,0,0,0,0,0,0,0,0,0,0,0,0,0,1,0,1,0,0,0,0,0,0,0,0,0,0,0,0,0,0,0,0,0,0,0,0,0,False,False,False,True,False,False,True,False,False,False,True,False,False,False,False,False,True,False,1,1,0,0,0,0,0,0,0,0,0,0,0
The Devil is a Part-Timer! Season 2,0.37292161520190037,0.5433746425166825,0.022044088176352703,0.6069182389937108,0.07692307692307693,0,0,0,0,0,0,0,0,0,0,1,0,0,0,0,0,0,0,0,0,0,0,0,0,0,0,0,0,0,0,0,0,0,0,0,0,0,0,0,0,0,0,0,0,0,0,0,0,0,0,0,0,0,0,0,0,0,0,0,0,0,0,0,0,0,1,0,0,0,0,0,0,0,0,0,0,False,False,False,True,False,False,True,False,False,False,True,False,False,False,False,False,False,True,0,0,0,0,1,0,1,0,0,0,0,0,0
Spice and Wolf II,0.7648456057007129,0.5424213536701621,0.022044088176352703,0.46540880503144655,0.41025641025641024,0,1,1,0,0,0,0,0,0,0,0,0,0,0,1,0,0,0,0,0,0,0,0,0,0,0,0,0,0,0,0,0,0,0,0,0,0,0,0,0,0,0,0,0,0,0,0,0,0,0,0,0,1,0,0,0,0,0,0,0,0,0,0,0,0,1,0,0,0,0,0,0,0,0,0,0,False,False,False,True,False,False,False,True,False,False,True,False,False,False,False,True,False,False,0,0,1,0,0,0,1,0,0,0,0,0,0
My Love Story with Yamada-kun at Lv999,0.6365795724465559,0.5414680648236416,0.02404809619238477,0.4528301886792453,0.05128205128205128,0,0,0,0,0,0,0,0,0,0,0,0,0,0,0,0,0,0,0,0,0,0,0,0,0,0,0,0,0,0,0,0,0,0,0,0,0,0,0,0,0,0,0,0,0,0,0,0,0,0,0,0,1,0,0,0,0,0,0,0,0,0,0,0,0,0,0,0,0,0,0,0,1,0,0,0,False,False,False,True,False,False,False,True,False,False,True,False,False,False,False,False,False,True,1,0,0,0,0,0,0,0,0,0,0,0,0
Blue Period,0.643705463182898,0.5405147759771212,0.022044088176352703,0.5754716981132075,0.10256410256410256,0,0,0,0,0,0,0,0,0,0,0,0,0,0,1,0,0,0,0,0,0,0,0,0,0,0,0,0,0,0,0,0,0,0,0,0,0,0,0,0,0,0,0,0,0,0,0,0,0,0,0,0,0,0,1,0,1,0,0,0,0,0,0,0,0,0,0,0,0,0,0,0,0,0,1,0,False,False,False,True,False,False,False,True,False,False,True,False,False,False,False,False,False,True,1,0,0,0,0,0,0,0,0,0,0,0,0
Student Council Staff Members,0.5843230403800477,0.5395614871306006,0.02404809619238477,0.6383647798742139,0.3846153846153846,0,0,0,0,0,0,0,0,0,0,1,0,0,0,0,0,0,0,0,1,0,0,0,0,0,0,0,0,0,0,0,0,0,0,0,0,0,0,0,0,0,0,0,0,0,0,0,0,0,0,0,0,0,0,1,0,0,0,1,0,0,0,0,0,0,0,0,0,0,0,0,0,0,0,0,0,False,False,False,True,False,False,False,True,False,False,True,False,False,False,False,True,False,False,1,0,0,0,0,0,0,0,0,0,0,1,1
Higurashi: When They Cry – Kai,0.7315914489311166,0.5386081982840801,0.046092184368737465,0.37735849056603776,0.4615384615384615,0,0,0,0,0,0,0,0,0,0,0,0,0,0,0,0,0,0,0,0,0,1,0,0,0,0,1,0,0,0,0,0,0,0,0,0,0,0,0,0,0,1,0,0,0,0,0,0,1,0,0,0,0,0,0,0,0,0,0,0,0,0,0,0,0,0,0,1,0,0,0,0,0,0,0,0,False,False,False,True,False,False,False,True,False,False,False,True,False,False,False,True,False,False,0,0,0,0,0,0,0,0,0,1,1,0,0
Tokyo Ravens,0.5510688836104514,0.5376549094375596,0.046092184368737465,0.6226415094339623,0.3076923076923077,1,0,0,0,0,0,0,0,0,0,0,0,0,0,0,0,0,0,1,0,0,0,0,0,0,0,0,0,0,0,0,0,0,0,0,0,0,0,0,0,0,0,0,0,0,0,0,0,0,0,0,0,1,0,1,0,0,0,0,0,0,0,0,0,0,0,0,0,0,0,1,0,0,0,0,0,False,False,False,True,False,False,True,False,False,False,False,True,False,False,False,False,True,False,0,1,1,0,1,0,0,0,0,0,0,0,0
Magi: Adventure of Sinbad,0.6532066508313541,0.5367016205910391,0.02404809619238477,0.7327044025157233,0.23076923076923075,1,0,1,0,0,0,0,0,0,0,0,0,0,0,0,0,0,0,1,0,0,0,0,0,0,0,0,0,0,0,0,0,0,0,0,0,0,0,0,0,0,0,0,0,0,0,0,0,0,0,0,0,0,0,0,0,0,0,1,0,0,0,0,0,0,0,0,0,0,0,0,0,0,0,0,0,False,False,False,True,False,False,False,True,False,False,True,False,False,False,False,False,True,False,0,1,1,0,0,0,0,0,0,0,0,0,0
Durarara!!x2 Shou,0.6864608076009502,0.5357483317445186,0.022044088176352703,0.449685534591195,0.2564102564102564,1,0,0,0,0,0,0,0,0,0,0,0,0,0,0,0,0,0,0,0,0,0,0,0,0,0,0,0,0,0,0,0,0,0,0,0,0,0,0,0,0,1,0,0,0,0,0,0,0,0,0,0,0,0,0,0,0,0,0,0,0,0,0,0,0,1,0,0,0,0,0,0,0,0,0,0,False,False,False,True,False,False,False,True,False,False,True,False,False,False,False,False,True,False,0,0,0,0,1,0,0,0,0,1,0,0,0
Chobits,0.5486935866983373,0.5347950428979982,0.0501002004008016,0.5283018867924528,0.5897435897435898,0,0,0,0,0,0,0,0,0,0,1,0,0,0,1,1,0,0,0,0,0,0,0,0,0,0,0,0,0,0,0,0,0,0,0,0,0,0,0,0,0,0,0,0,0,0,0,0,0,0,0,0,1,0,0,1,1,0,0,0,0,0,0,0,0,0,0,0,0,0,0,0,0,0,0,0,False,False,False,True,False,False,True,False,False,False,False,True,False,False,False,True,False,False,0,0,1,1,0,0,0,0,0,1,0,0,0
Land of the Lustrous,0.7862232779097389,0.5338417540514777,0.022044088176352703,0.4559748427672956,0.20512820512820512,1,0,0,1,0,0,0,0,0,0,0,0,0,0,1,0,0,0,1,0,0,0,0,0,0,0,0,0,0,0,0,0,0,0,0,0,0,0,0,0,0,1,0,0,0,0,0,0,0,0,0,0,0,0,0,0,1,0,0,0,0,0,0,0,0,0,0,0,0,0,0,0,0,0,0,0,False,False,False,True,False,False,False,True,False,False,True,False,False,False,False,False,True,False,0,0,1,0,0,1,0,0,0,0,0,0,0
Tanaka-kun is Always Listless,0.6460807600950118,0.5328884652049571,0.022044088176352703,0.2830188679245283,0.23076923076923075,0,0,0,0,0,0,0,0,0,0,0,0,0,0,0,0,0,0,0,0,0,0,0,0,0,0,0,0,0,1,0,0,0,0,0,0,0,0,0,0,0,0,0,0,0,0,0,0,0,0,0,0,0,0,1,0,0,0,0,0,1,0,0,0,0,0,0,0,0,0,0,0,0,0,0,0,False,False,False,True,False,False,False,True,False,False,True,False,False,False,False,False,True,False,1,0,0,0,0,0,0,0,0,0,0,0,0
"Josee, the Tiger and the Fish",0.7838479809976251,0.5319351763584366,0.0,0.5440251572327044,,0,1,0,0,0,0,0,0,0,0,0,0,0,0,1,0,0,0,0,0,0,0,0,0,0,0,0,0,0,0,0,0,0,0,0,0,0,0,0,0,0,0,0,0,0,0,0,0,0,0,0,0,1,0,0,0,0,0,0,0,0,0,0,0,0,0,0,0,0,0,0,0,0,0,1,0,False,False,False,True,False,False,False,True,False,True,False,False,False,False,False,False,False,False,1,0,1,0,0,0,0,0,0,0,0,0,1
Fate/Apocrypha,0.5035629453681711,0.5309818875119161,0.04809619238476953,0.628930817610063,0.20512820512820512,1,0,0,0,0,0,0,0,0,0,0,0,0,0,0,0,0,0,1,0,0,0,0,0,0,0,0,0,0,0,0,0,0,0,0,0,0,0,0,0,0,0,0,0,0,0,0,0,0,0,0,0,0,0,0,0,0,0,0,0,0,0,0,0,0,0,0,0,0,0,1,0,0,0,0,0,False,False,False,True,False,False,True,False,False,False,False,True,False,False,False,False,True,False,0,1,1,0,1,0,0,0,0,0,0,0,0
The Rising of the Shield Hero Season 3,0.4774346793349169,0.5300285986653956,0.022044088176352703,0.5094339622641509,0.05128205128205128,1,0,1,0,0,0,0,0,0,0,0,0,0,0,1,0,0,0,1,0,0,0,0,0,0,0,0,0,1,0,0,0,0,0,0,0,0,0,0,0,0,0,0,0,0,0,0,0,0,0,0,0,0,0,0,0,0,0,0,0,0,0,0,0,0,0,0,0,0,0,0,0,0,0,0,0,False,False,False,True,False,False,True,False,False,False,True,False,False,False,False,False,False,True,0,0,0,0,0,0,0,1,0,1,0,0,0
Fate/stay night: Heaven's Feel - I. Presage Flower,0.7292161520190026,0.5290753098188752,0.0,0.5283018867924528,,1,0,0,0,0,0,0,0,0,0,0,0,0,0,0,0,0,0,1,0,0,0,0,0,0,0,0,0,0,0,0,0,0,0,0,0,0,0,0,0,0,0,0,0,0,0,0,0,0,0,0,0,0,0,0,0,0,0,0,0,0,0,0,0,0,0,0,0,0,0,1,0,0,0,0,0,False,False,False,True,False,False,False,True,False,True,False,False,False,False,False,False,False,False,1,1,1,0,0,0,0,0,0,1,0,0,0
Owarimonogatari,0.8004750593824228,0.5281220209723547,0.022044088176352703,0.34905660377358494,0.2564102564102564,0,0,0,0,0,0,0,0,0,0,1,0,0,0,0,0,0,0,0,0,0,0,0,0,0,0,0,0,0,0,0,0,0,0,0,0,0,0,0,0,0,1,0,0,0,0,0,0,0,0,0,0,0,0,0,0,0,0,0,0,0,0,0,0,0,1,0,0,0,0,0,1,0,0,0,0,False,False,False,True,False,False,False,True,False,False,True,False,False,False,False,False,True,False,1,0,0,0,0,0,0,0,0,0,0,0,0
Recovery of an MMO Junkie,0.5771971496437054,0.5271687321258341,0.018036072144288578,0.6069182389937108,0.20512820512820512,0,1,0,0,0,0,0,0,0,0,1,0,0,0,0,0,0,0,0,0,0,0,0,0,0,0,0,0,0,0,0,0,0,0,0,0,0,0,0,0,0,0,0,0,0,0,0,0,0,0,0,0,1,0,0,0,0,0,0,0,0,0,0,0,0,0,0,0,0,0,0,0,1,0,0,0,False,False,False,True,False,False,False,True,False,False,True,False,False,False,False,False,True,False,1,0,1,0,0,0,0,0,0,0,0,0,0
Kizumonogatari Part 3: Cold-Blooded,0.8788598574821853,0.5262154432793137,0.0,0.5691823899371069,,1,0,0,0,0,0,0,0,0,0,0,0,0,0,0,0,0,0,0,0,0,0,0,0,0,0,0,0,0,0,0,0,0,0,0,0,0,0,0,0,0,1,0,0,0,0,0,0,0,0,0,0,0,0,0,0,0,0,0,0,0,0,0,0,0,1,0,0,0,0,0,1,0,0,0,0,False,False,False,True,False,False,False,False,True,True,False,False,False,False,False,False,False,False,0,0,0,0,1,0,0,0,0,0,0,0,0
Sound! Euphonium,0.6983372921615201,0.5252621544327931,0.02404809619238477,0.4968553459119497,0.2564102564102564,0,0,0,0,0,0,0,0,0,0,0,0,0,0,1,0,0,0,0,0,0,0,0,0,0,0,0,0,0,0,0,0,0,0,0,0,0,0,0,0,1,0,0,0,0,0,1,0,0,0,0,0,0,0,1,0,0,0,0,0,0,0,0,0,0,0,0,0,0,0,0,0,0,0,0,0,False,False,False,True,False,False,False,True,False,False,True,False,False,False,False,False,True,False,1,0,0,0,0,0,0,1,0,0,0,0,0
Heaven's Lost Property,0.508313539192399,0.5243088655862727,0.02404809619238477,0.4339622641509434,0.41025641025641024,0,0,0,0,0,0,0,0,0,0,1,0,0,0,0,1,0,0,0,0,0,0,0,1,0,0,0,0,0,0,0,0,0,0,0,0,0,0,0,0,0,0,0,0,0,0,0,0,0,0,0,0,1,0,0,1,0,0,1,0,0,0,0,0,0,1,0,0,0,0,0,0,0,0,0,0,False,False,False,True,False,False,True,False,False,False,True,False,False,False,False,True,False,False,0,0,0,0,0,0,0,0,0,1,0,0,0
My Next Life as a Villainess: All Routes Lead to Doom!,0.5605700712589075,0.5233555767397522,0.022044088176352703,0.4811320754716981,0.1282051282051282,0,0,0,0,0,0,0,0,0,0,1,0,0,0,0,0,0,0,1,0,0,0,0,0,0,0,0,0,1,0,0,0,0,0,0,0,0,0,0,0,0,0,0,0,0,0,0,0,0,0,0,1,1,0,1,0,0,1,0,0,0,0,0,0,0,0,0,0,0,0,0,0,0,1,0,0,False,False,False,False,True,False,True,False,False,False,True,False,False,False,False,False,True,False,0,0,0,0,0,0,0,0,0,0,1,0,0
Interspecies Reviewers,0.5510688836104514,0.5224022878932317,0.022044088176352703,0.39308176100628933,0.1282051282051282,0,0,0,0,0,0,0,0,0,0,1,0,0,0,0,0,0,1,1,0,0,0,0,0,0,0,0,0,0,0,0,0,0,0,0,0,0,0,0,0,0,0,0,0,0,0,0,0,0,0,0,0,0,0,0,0,0,0,0,0,0,0,0,0,0,0,0,0,0,0,0,0,0,0,0,0,False,False,False,False,True,False,True,False,False,False,True,False,False,False,False,False,True,False,0,0,1,0,0,0,1,0,0,0,0,0,1
Attack on Titan OAD,0.667458432304038,0.5214489990467113,0.004008016032064127,1.0,,1,0,0,0,0,0,0,0,0,0,0,0,0,0,1,0,0,0,0,0,0,1,0,0,0,0,0,0,0,0,0,0,0,0,0,0,0,0,0,0,0,0,0,0,0,0,0,0,0,0,0,0,0,0,0,0,0,0,1,0,0,0,0,0,0,0,1,1,0,0,0,0,0,0,0,0,False,False,False,False,True,False,False,True,False,False,True,False,False,False,False,False,False,False,0,0,1,0,0,0,1,1,0,0,0,0,0
The Eminence in Shadow Season 2,0.7577197149643706,0.5204957102001907,0.022044088176352703,0.5377358490566038,0.05128205128205128,1,0,0,0,0,0,0,0,0,0,1,0,0,0,0,0,0,0,1,0,0,0,0,0,0,0,0,0,1,0,0,0,0,0,0,0,0,0,0,0,0,0,0,0,0,0,0,0,0,0,1,0,0,0,0,0,0,0,0,0,0,0,0,0,0,0,0,0,0,0,0,0,0,0,0,0,False,False,False,False,True,False,False,True,False,False,True,False,False,False,False,False,False,True,0,0,0,0,1,0,0,1,0,0,0,0,0
Wolf Girl & Black Prince,0.4536817102137769,0.5195424213536701,0.022044088176352703,0.5251572327044025,0.28205128205128205,0,0,0,0,0,0,0,0,0,0,1,0,0,0,0,0,0,0,0,0,0,0,0,0,0,0,0,0,0,0,0,0,0,0,0,0,0,0,0,0,0,0,0,0,0,0,0,0,0,0,0,0,1,0,1,0,0,1,0,0,0,0,0,0,0,0,0,0,0,0,0,0,0,0,0,0,False,False,False,False,True,False,True,False,False,False,True,False,False,False,False,False,True,False,0,0,0,1,1,0,1,0,0,0,0,0,0
ORESUKI Are you the only one who loves me?,0.5273159144893111,0.5185891325071497,0.022044088176352703,0.6540880503144655,0.15384615384615385,0,0,0,0,0,0,0,0,0,0,1,0,0,0,0,0,0,0,0,0,0,0,0,1,0,0,0,0,0,0,0,0,0,0,0,0,0,0,0,0,0,0,0,0,0,0,0,0,0,0,0,0,1,0,1,0,0,0,0,0,0,0,0,0,0,0,0,0,0,0,0,0,0,0,0,0,False,False,False,False,True,False,True,False,False,False,True,False,False,False,False,False,True,False,1,1,1,1,0,0,1,1,0,1,0,1,0
"So I'm a Spider, So What?",0.5629453681710215,0.5176358436606292,0.046092184368737465,0.49056603773584906,0.10256410256410256,1,0,1,0,0,0,0,0,0,0,1,0,0,0,0,0,0,0,1,0,0,0,0,0,0,0,0,0,1,0,0,0,0,0,0,0,0,0,0,0,0,0,0,0,0,0,0,0,0,0,1,0,0,0,0,0,0,0,0,0,0,0,0,0,0,0,0,0,0,0,0,0,0,0,0,0,False,False,False,False,True,False,True,False,False,False,False,True,False,False,False,False,False,True,1,0,1,0,0,0,0,0,0,0,0,0,0
Classroom of the Elite III,0.6817102137767221,0.5166825548141087,0.02404809619238477,0.015723270440251576,0.02564102564102564,0,0,0,0,0,0,0,0,0,0,0,0,0,0,1,0,0,0,0,0,0,0,0,0,0,0,0,0,0,0,0,0,0,0,0,0,0,0,0,0,0,0,0,0,0,0,0,0,1,0,0,0,0,0,1,0,0,0,0,0,0,0,0,0,0,0,0,1,0,0,0,0,0,0,0,0,False,False,False,False,True,False,False,True,False,False,True,False,False,False,False,False,False,True,0,0,0,0,0,0,0,0,0,0,0,0,0
Moriarty the Patriot,0.7339667458432304,0.5157292659675883,0.02004008016032064,0.4371069182389937,0.1282051282051282,0,1,0,0,0,0,0,0,0,0,0,0,0,0,0,0,0,0,0,0,0,0,0,0,0,1,0,0,0,0,0,0,0,0,0,0,0,0,0,0,0,1,0,1,0,0,0,0,1,0,0,0,0,0,0,0,0,0,1,0,0,0,0,0,0,0,0,1,0,0,0,0,0,0,0,0,False,False,False,False,True,False,False,True,False,False,True,False,False,False,False,False,True,False,0,0,0,0,0,0,0,0,0,0,0,0,0
Odd Taxi,0.8456057007125894,0.5147759771210677,0.02404809619238477,0.29559748427672955,0.10256410256410256,0,1,0,1,0,1,0,0,0,0,0,0,0,0,1,0,0,0,0,0,0,0,0,0,0,0,0,0,0,0,0,0,0,0,0,0,0,0,0,0,0,1,0,1,0,0,0,0,0,0,0,0,0,0,0,0,0,0,0,0,0,0,0,0,0,0,0,1,0,0,0,0,0,0,0,0,False,False,False,False,True,False,False,False,True,False,True,False,False,False,False,False,False,True,0,0,0,0,0,0,0,0,0,0,0,0,0
Boruto: Naruto the Movie,0.5439429928741093,0.5138226882745472,0.0,0.5220125786163522,,1,0,1,0,0,0,0,0,0,0,0,0,0,0,0,0,0,0,1,0,0,0,0,0,0,0,0,0,0,0,0,0,0,0,0,0,1,0,0,0,0,0,0,0,0,0,0,0,0,0,0,0,0,0,0,0,0,0,1,0,0,0,0,0,0,0,0,0,0,0,0,0,0,0,0,0,False,False,False,False,True,False,True,False,False,True,False,False,False,False,False,False,False,False,0,0,0,0,1,1,0,0,0,0,1,0,0
Chihayafuru,0.7339667458432304,0.5128693994280267,0.04809619238476953,0.5125786163522013,0.358974358974359,0,0,0,0,0,0,0,0,0,0,0,0,0,0,1,0,0,0,0,0,0,0,0,0,0,0,0,0,0,0,1,0,1,0,0,0,0,0,0,0,0,0,0,0,0,0,0,0,0,0,0,0,0,0,1,0,0,0,0,0,0,0,1,1,0,0,0,0,0,0,0,0,0,0,0,0,False,False,False,False,True,False,False,True,False,False,False,True,False,False,False,False,True,False,1,0,1,0,1,0,0,0,0,0,0,0,0
"Kiss Him, Not Me!",0.43942992874109255,0.5119161105815062,0.022044088176352703,0.5974842767295597,0.23076923076923075,0,0,0,0,0,0,0,0,0,0,1,0,0,0,0,0,0,0,0,0,0,0,0,0,0,0,0,0,0,0,0,0,0,0,0,0,0,0,0,0,0,0,0,0,1,0,0,0,0,0,0,1,1,0,1,0,0,1,0,0,0,0,0,0,0,0,0,0,0,0,0,0,0,0,0,0,False,False,False,False,True,False,True,False,False,False,True,False,False,False,False,False,True,False,1,0,0,0,0,0,0,0,0,0,0,0,0
The Tatami Galaxy,0.824228028503563,0.5109628217349858,0.02004008016032064,0.5660377358490566,0.3846153846153846,0,1,0,0,0,1,0,0,0,0,1,0,0,0,0,0,0,0,0,0,0,0,0,0,0,0,0,0,0,0,0,0,0,0,0,0,0,0,0,0,0,1,0,0,0,0,0,0,1,0,0,0,1,0,0,0,0,0,0,0,0,0,0,0,0,0,0,1,0,1,0,0,0,0,0,0,False,False,False,False,True,False,False,False,True,False,True,False,False,False,False,True,False,False,1,0,0,1,0,1,0,0,0,0,0,0,1
Beastars 2nd Season,0.6365795724465559,0.5100095328884653,0.022044088176352703,0.41509433962264153,0.10256410256410256,0,0,0,1,0,0,0,0,0,0,0,0,0,0,1,0,0,0,0,0,0,0,0,0,0,0,0,0,0,0,0,0,0,0,0,0,0,0,0,0,0,0,0,0,0,0,0,0,1,0,0,0,0,0,1,0,0,0,1,0,0,0,0,0,0,0,0,1,0,0,0,0,0,0,0,0,False,False,False,False,True,False,False,True,False,False,True,False,False,False,False,False,False,True,1,0,1,0,0,0,0,0,0,1,0,0,0
Tomo-chan Is a Girl!,0.6294536817102139,0.5090562440419448,0.02404809619238477,0.389937106918239,0.05128205128205128,0,0,0,0,0,0,0,0,0,0,1,0,0,0,0,0,0,0,0,0,0,0,0,0,0,0,0,0,0,0,0,0,0,0,0,0,0,0,0,0,0,0,0,0,0,0,0,0,0,0,0,0,1,0,1,0,0,0,0,0,0,0,0,0,0,0,0,0,0,0,0,0,0,0,0,0,False,False,False,False,True,False,False,True,False,False,True,False,False,False,False,False,False,True,1,0,0,1,0,0,0,1,0,0,0,0,0
Dagashi Kashi,0.36104513064133004,0.5081029551954243,0.022044088176352703,0.4056603773584906,0.23076923076923075,0,0,0,0,0,0,0,0,0,0,1,0,0,0,0,0,0,0,0,0,0,0,1,0,0,0,0,0,0,0,0,0,0,0,0,0,0,0,0,0,0,0,0,0,0,0,0,0,0,0,0,0,0,0,0,0,0,0,1,0,0,0,0,0,0,0,0,0,0,0,0,0,0,0,0,0,False,False,False,False,True,False,True,False,False,False,True,False,False,False,False,False,True,False,0,0,0,0,0,0,0,0,0,0,0,0,1
Sword Oratoria: Is It Wrong to Try to Pick Up Girls in a Dungeon? On the Side,0.4750593824228029,0.5071496663489037,0.022044088176352703,0.4308176100628931,0.20512820512820512,1,0,1,0,0,0,0,0,0,0,0,0,0,0,0,0,0,0,1,0,0,0,0,0,0,0,0,0,0,0,0,0,0,0,0,0,0,0,0,0,0,0,0,0,0,0,0,0,0,0,0,0,0,0,0,0,0,0,0,0,0,0,0,0,0,0,0,0,0,0,0,0,0,0,0,0,False,False,False,False,True,False,True,False,False,False,True,False,False,False,False,False,True,False,0,1,0,0,0,0,1,0,0,0,0,0,0
A Whisker Away,0.5391923990498813,0.5061963775023832,0.0,0.4559748427672956,,0,0,0,0,0,1,0,0,0,0,0,0,0,0,1,0,0,0,0,0,0,0,0,0,0,0,0,0,0,0,0,0,0,0,0,0,0,0,0,0,0,0,0,0,0,0,0,0,0,0,0,0,1,0,1,0,0,0,0,0,0,0,0,0,0,1,0,0,0,0,0,0,0,0,0,0,False,False,False,False,True,False,True,False,False,True,False,False,False,False,False,False,False,False,1,0,0,1,1,0,0,0,0,0,0,0,0
A Certain Magical Index II,0.5771971496437054,0.5052430886558628,0.046092184368737465,0.3584905660377359,0.3846153846153846,1,0,0,0,0,0,0,0,0,0,0,0,0,0,0,0,0,0,1,0,0,0,0,0,0,0,0,0,0,0,0,0,0,0,0,0,0,0,0,0,0,0,0,0,0,0,0,0,0,0,0,0,0,0,0,1,0,0,0,0,0,0,0,0,1,0,0,0,0,0,1,0,0,0,0,0,False,False,False,False,True,False,False,True,False,False,False,True,False,False,False,True,False,False,1,1,1,0,0,0,0,0,0,0,0,1,0
Plunderer,0.37292161520190037,0.5042897998093423,0.046092184368737465,0.6163522012578617,0.1282051282051282,1,0,0,0,0,0,0,0,0,0,0,0,0,0,0,1,0,0,1,0,0,0,0,0,0,0,0,0,0,0,0,0,0,0,0,0,0,0,0,1,0,0,0,0,0,0,0,0,0,0,0,0,1,0,0,0,0,0,1,0,0,0,0,0,0,0,0,0,0,0,0,0,0,0,0,0,False,False,False,False,True,False,True,False,False,False,False,True,False,False,False,False,True,False,0,0,1,0,0,0,0,0,0,0,0,0,0
Evangelion: 3.0 You Can (Not) Redo,0.6128266033254157,0.5033365109628218,0.0,0.5628930817610063,,0,0,0,0,0,1,0,0,0,0,0,0,0,0,1,0,0,0,0,0,0,0,0,0,0,0,0,0,0,0,0,0,0,0,0,0,0,1,0,0,0,0,0,0,0,0,0,0,1,0,0,0,0,0,0,1,0,0,0,0,0,0,0,0,0,0,0,1,0,0,0,0,0,0,0,0,False,False,False,False,True,False,False,True,False,True,False,False,False,False,False,False,False,False,0,0,1,0,0,1,0,0,0,0,0,0,0
Maquia: When the Promised Flower Blooms,0.7862232779097389,0.5023832221163013,0.0,0.7452830188679246,,0,0,0,0,0,0,0,0,0,0,0,0,0,0,1,0,0,0,1,0,0,0,0,0,0,0,0,0,0,0,0,0,0,0,0,0,0,0,0,0,0,0,0,0,0,0,0,0,0,0,0,0,0,0,0,0,0,0,0,0,0,0,0,0,0,0,0,0,0,0,0,0,0,0,0,0,False,False,False,False,True,False,False,True,False,True,False,False,False,False,False,False,False,False,0,0,1,0,0,0,1,0,0,0,0,0,0
Kizumonogatari Part 2: Hot-Blooded,0.8266033254156773,0.5014299332697808,0.0,0.3113207547169812,,1,0,0,0,0,0,0,0,0,0,0,0,0,0,0,0,0,0,0,0,0,0,0,0,0,0,0,0,0,0,0,0,0,0,0,0,0,0,0,0,0,1,0,0,0,0,0,0,0,0,0,0,0,0,0,0,0,0,0,0,0,0,0,0,0,1,0,0,0,0,0,1,0,0,0,0,False,False,False,False,True,False,False,False,True,True,False,False,False,False,False,False,False,False,0,0,0,0,1,0,0,0,0,0,0,0,0
Gabriel DropOut,0.5581947743467934,0.5004766444232602,0.022044088176352703,0.5534591194968553,0.20512820512820512,0,0,0,0,0,0,0,1,0,0,1,0,0,0,0,0,0,0,0,0,0,0,0,0,0,0,0,0,0,0,0,0,0,0,0,0,0,0,0,0,0,0,1,0,0,0,0,0,0,0,0,0,0,0,1,0,0,0,1,0,0,0,0,0,0,1,0,0,0,0,0,0,0,0,0,0,False,False,False,False,True,False,True,False,False,False,True,False,False,False,False,False,True,False,0,0,0,0,1,1,0,0,0,0,0,0,0
Akudama Drive,0.5914489311163897,0.49952335557673977,0.022044088176352703,0.35220125786163525,0.1282051282051282,1,1,0,0,0,0,0,0,0,0,0,0,0,0,0,0,0,0,0,0,0,1,0,0,0,0,0,0,0,0,0,0,0,0,0,0,0,0,0,0,0,0,0,0,0,0,0,0,0,0,0,0,0,0,0,1,0,0,0,0,0,0,0,0,0,0,0,1,0,0,0,0,0,0,0,0,False,False,False,False,True,False,False,True,False,False,True,False,False,False,False,False,True,False,0,0,0,0,0,0,0,0,0,0,0,0,0
Cardcaptor Sakura,0.7363420427553444,0.4985700667302192,0.13827655310621242,0.5314465408805031,0.6923076923076923,0,0,1,0,0,0,0,0,0,0,1,0,0,0,1,0,0,0,0,0,0,0,0,0,0,0,0,0,0,0,0,0,0,0,0,1,0,0,0,0,0,0,0,0,0,0,0,0,0,0,0,0,1,0,1,0,0,1,0,0,0,0,0,0,0,0,0,0,0,0,0,0,0,0,0,0,False,False,False,False,True,False,False,True,False,False,False,False,False,True,True,False,False,False,1,1,0,0,0,0,0,0,0,0,0,0,0
School-Live!,0.6009501187648458,0.49761677788369874,0.022044088176352703,0.2987421383647799,0.2564102564102564,0,0,0,0,0,0,0,0,0,0,0,0,0,0,0,0,0,0,0,0,0,0,0,0,0,0,1,0,0,0,0,0,0,0,0,0,0,0,0,0,0,1,0,0,0,0,0,0,1,0,0,0,0,0,1,0,0,0,0,0,1,0,0,0,0,0,1,1,0,0,0,0,0,0,0,0,False,False,False,False,True,False,False,True,False,False,True,False,False,False,False,False,True,False,1,0,1,0,0,0,0,0,0,0,0,0,0
Mashle: Magic and Muscles The Divine Visionary Candidate Exam Arc,0.643705463182898,0.4966634890371783,0.022044088176352703,0.39937106918238996,0.02564102564102564,1,0,0,0,0,0,0,0,0,0,1,0,0,0,0,0,0,0,1,1,0,0,0,0,0,0,0,0,0,0,0,0,0,0,0,0,0,0,0,0,0,0,0,0,0,1,0,0,0,0,0,0,0,0,1,0,0,0,1,0,0,0,0,0,0,0,0,0,0,0,0,0,0,0,0,0,False,False,False,False,True,False,False,True,False,False,True,False,False,False,False,False,False,True,0,1,0,0,0,0,0,0,0,0,0,0,0
[Oshi No Ko] Season 2,0.8218527315914488,0.4957102001906577,0.02404809619238477,0.44339622641509435,0.02564102564102564,0,0,0,0,0,0,0,0,0,0,0,0,0,0,1,0,0,0,0,0,0,0,0,0,0,0,0,0,0,0,0,0,0,0,0,0,0,0,0,0,0,0,0,0,0,0,0,0,0,0,1,0,0,0,0,0,1,0,0,1,0,0,0,0,0,0,0,0,0,0,0,0,0,0,0,0,False,False,False,False,True,False,False,False,True,False,True,False,False,False,False,False,False,True,0,0,0,0,0,0,0,0,0,0,0,0,1
Tomodachi Game,0.6247030878859858,0.49475691134413724,0.022044088176352703,0.5377358490566038,0.07692307692307693,0,0,0,0,0,0,0,0,0,0,0,0,0,0,0,0,0,0,0,0,0,0,0,0,1,0,0,0,0,0,0,0,0,0,0,0,0,0,0,0,0,0,0,0,0,0,0,0,1,0,0,0,0,0,0,0,0,0,1,0,0,0,0,1,0,0,0,1,0,0,0,0,0,0,0,0,False,False,False,False,True,False,False,True,False,False,True,False,False,False,False,False,False,True,1,0,1,0,0,0,0,0,0,0,0,0,1
We Never Learn: BOKUBEN,0.517814726840855,0.4938036224976168,0.02404809619238477,0.44339622641509435,0.15384615384615385,0,0,0,0,0,0,0,0,0,0,1,0,0,0,0,0,0,0,0,0,0,0,0,1,0,0,0,0,0,0,0,0,0,0,0,0,0,0,0,0,0,0,0,0,0,0,0,0,0,0,0,0,1,0,1,0,0,0,1,0,0,0,0,0,0,0,0,0,0,0,0,0,0,0,0,0,False,False,False,False,True,False,True,False,False,False,True,False,False,False,False,False,True,False,1,0,1,0,0,0,0,0,0,0,0,0,0
Suzume,0.7529691211401426,0.4928503336510963,0.0,0.4937106918238994,,0,0,1,0,0,0,0,0,0,0,0,0,0,0,0,0,0,0,0,0,0,0,0,0,0,0,0,0,0,0,0,0,0,0,0,0,0,0,0,0,0,0,1,0,0,0,0,0,0,0,0,0,0,0,0,0,0,0,0,0,0,0,0,0,0,1,0,0,0,0,0,0,0,0,0,0,False,False,False,False,True,False,False,True,False,True,False,False,False,False,False,False,False,False,1,0,1,0,0,0,0,0,0,0,0,0,0
Kaze no Stigma,0.49168646080760103,0.49189704480457574,0.046092184368737465,0.3805031446540881,0.4615384615384615,1,0,0,0,0,0,0,0,0,0,0,0,0,0,0,0,0,0,0,0,0,0,0,0,0,0,0,0,0,0,0,0,0,0,0,0,0,0,0,0,0,0,0,0,0,0,0,0,0,0,0,0,1,0,0,0,0,0,0,0,0,0,0,0,0,1,0,0,0,0,0,0,0,0,0,0,False,False,False,False,True,False,True,False,False,False,False,True,False,False,False,True,False,False,0,0,0,0,0,0,0,0,0,1,1,0,0
Violet Evergarden: Eternity and the Auto Memory Doll,0.793349168646081,0.4909437559580553,0.0,0.5440251572327044,,0,0,0,0,0,0,0,0,0,0,0,0,0,0,1,0,0,0,0,0,0,0,0,0,0,0,0,0,0,0,0,0,0,0,0,0,0,0,0,0,0,0,0,0,0,0,0,0,0,0,0,0,0,0,0,0,0,0,0,0,0,0,0,0,0,0,0,0,0,0,0,0,0,0,0,0,False,False,False,False,True,False,False,True,False,True,False,False,False,False,False,False,False,False,1,0,0,0,0,1,0,0,0,0,0,0,0
Blood Blockade Battlefront & Beyond,0.6389548693586697,0.4899904671115348,0.022044088176352703,0.5314465408805031,0.20512820512820512,1,0,0,0,0,0,0,0,0,0,0,0,0,0,0,0,0,0,1,0,0,0,0,0,0,0,0,0,0,0,0,0,0,0,0,0,0,0,0,0,0,0,0,0,0,0,0,0,0,0,0,0,0,0,0,0,0,0,1,0,0,0,0,0,1,0,0,0,0,0,1,1,0,0,0,0,False,False,False,False,True,False,False,True,False,False,True,False,False,False,False,False,True,False,0,1,0,0,1,0,0,0,0,0,0,0,0
"The ""Hentai"" Prince and the Stony Cat.",0.486935866983373,0.48903717826501425,0.022044088176352703,0.4056603773584906,0.3076923076923077,0,0,0,0,0,0,0,0,0,0,1,0,0,0,0,0,0,0,0,0,0,0,0,1,0,0,0,0,0,0,0,0,0,0,0,0,0,0,0,0,0,0,0,0,0,0,0,0,0,0,0,0,1,0,1,0,0,0,0,0,0,0,0,0,0,1,0,0,0,0,0,0,0,0,0,0,False,False,False,False,True,False,True,False,False,False,True,False,False,False,False,False,True,False,0,0,0,0,0,0,0,0,0,0,0,0,0
The Seven Deadly Sins: Dragon's Judgement,0.3539192399049882,0.4880838894184938,0.046092184368737465,0.33018867924528306,0.10256410256410256,1,0,1,0,0,0,0,0,0,0,0,0,0,0,0,0,0,0,1,0,0,0,0,0,0,0,0,0,0,0,0,0,0,0,0,0,0,0,0,0,0,0,0,0,0,0,0,0,0,0,0,0,0,0,0,0,0,0,1,0,0,0,0,0,0,0,0,0,0,0,0,0,0,0,0,0,False,False,False,False,True,False,True,False,False,False,False,True,False,False,False,False,False,True,0,0,1,0,0,0,1,0,0,0,0,0,0
Shirobako,0.7553444180522566,0.4871306005719733,0.046092184368737465,0.5408805031446541,0.28205128205128205,0,1,0,0,0,1,0,0,0,0,1,0,0,0,1,0,0,0,0,0,0,0,0,0,0,0,0,0,0,0,0,0,0,0,0,0,0,0,0,0,0,0,0,0,1,0,0,0,0,0,0,0,0,0,0,0,0,0,0,0,0,0,0,0,0,0,0,0,0,0,0,0,0,0,0,1,False,False,False,False,True,False,False,True,False,False,False,True,False,False,False,False,True,False,1,0,0,0,0,0,0,0,0,0,0,0,0
Baki,0.5296912114014252,0.48617731172545275,0.0501002004008016,0.4119496855345912,,0,0,0,0,0,0,0,0,0,1,0,0,0,0,0,0,0,0,0,0,0,1,0,0,0,0,0,0,0,0,0,0,0,0,0,0,0,0,0,0,0,0,0,0,0,0,0,0,0,0,0,0,0,0,0,0,0,0,1,0,0,0,1,0,0,0,0,0,0,0,0,0,0,0,0,0,False,False,False,False,True,False,True,False,False,False,False,True,False,False,False,False,False,False,1,0,1,0,0,0,0,1,0,0,0,0,0
Love Live! School Idol Project,0.5510688836104514,0.4852240228789323,0.02404809619238477,0.6132075471698114,0.3076923076923077,0,0,0,0,0,0,0,0,0,0,0,0,0,0,0,0,0,0,0,0,0,0,0,0,0,0,0,1,0,0,0,0,0,0,0,0,0,0,0,0,1,0,0,0,0,0,0,0,0,0,0,0,0,0,1,0,0,0,0,0,1,0,0,0,0,0,0,0,0,0,0,0,0,0,0,0,False,False,False,False,True,False,True,False,False,False,True,False,False,False,False,False,True,False,1,0,1,0,0,0,0,0,0,0,0,0,0
Steins;Gate: Egoistic Poriomania,0.7624703087885984,0.48427073403241183,0.0,0.2672955974842767,,0,0,0,0,0,0,0,0,0,0,1,0,0,0,0,0,0,0,0,0,0,0,0,0,0,0,0,0,0,0,0,0,0,0,0,0,0,0,0,0,0,0,0,0,0,0,0,0,0,0,0,0,0,0,0,1,0,0,0,0,0,0,0,0,0,0,0,0,0,1,0,0,0,0,0,0,False,False,False,False,True,False,False,True,False,True,False,False,False,False,False,False,False,False,0,0,0,0,0,0,1,0,0,0,0,0,0
The Millionaire Detective – Balance: Unlimited,0.5771971496437054,0.48331744518589126,0.02004008016032064,0.2610062893081761,0.1282051282051282,0,1,0,0,0,0,0,0,0,0,0,0,0,1,0,0,0,0,0,0,0,0,0,0,0,0,0,0,0,0,0,0,0,0,0,0,0,0,0,0,0,1,0,0,0,0,0,0,0,0,0,0,0,0,0,0,0,0,0,0,0,0,0,0,0,0,0,0,0,0,0,0,0,0,0,0,False,False,False,False,True,False,False,True,False,False,True,False,False,False,False,False,True,False,0,0,0,0,0,0,0,0,0,1,0,0,0
The Way of the Househusband,0.517814726840855,0.4823641563393708,0.008016032064128256,0.44654088050314467,,0,1,0,0,0,0,0,0,0,0,1,0,0,0,0,0,0,0,0,1,0,0,0,0,0,0,0,0,0,0,0,0,0,0,0,0,0,0,0,0,0,0,0,1,0,0,0,0,0,0,0,0,0,0,0,0,0,0,0,0,0,0,0,0,0,0,0,0,0,0,0,0,0,0,0,0,False,False,False,False,True,False,True,False,False,False,True,False,False,False,False,False,False,False,0,0,0,0,0,0,1,0,0,0,0,0,0
Rent-a-Girlfriend Season 2,0.39429928741092635,0.48141086749285034,0.022044088176352703,0.46540880503144655,0.07692307692307693,0,1,0,0,0,0,0,0,0,0,1,0,0,0,0,0,0,0,0,0,0,0,0,1,0,0,0,0,0,0,0,0,0,0,0,0,0,0,0,0,0,0,0,0,0,0,0,0,0,0,0,0,1,0,0,0,0,0,1,0,0,0,0,0,0,0,0,0,0,0,0,0,0,0,0,0,False,False,False,False,True,False,True,False,False,False,True,False,False,False,False,False,False,True,0,0,0,0,0,0,0,0,0,0,0,0,0
The Familiar of Zero: Rondo of Princesses,0.5296912114014252,0.4804575786463299,0.022044088176352703,0.5,0.4358974358974359,1,0,1,0,0,0,0,0,0,0,1,0,0,0,0,1,0,0,1,0,0,0,0,1,0,0,0,0,1,0,0,0,0,0,0,0,0,0,0,0,0,0,0,0,0,0,0,0,0,0,0,0,1,0,1,0,0,0,0,0,0,0,0,0,0,0,0,0,0,0,0,0,0,0,0,0,False,False,False,False,True,False,True,False,False,False,True,False,False,False,False,True,False,False,0,1,1,0,0,0,1,0,0,1,0,0,0
Paranoia Agent,0.6128266033254157,0.4795042897998093,0.02404809619238477,0.46540880503144655,0.5384615384615384,0,1,0,0,1,1,0,0,0,0,0,0,0,1,1,0,0,0,0,0,0,0,0,0,0,0,0,0,0,0,0,0,0,0,0,0,0,0,0,0,0,1,0,0,0,0,0,0,1,0,0,0,0,0,0,0,0,0,0,0,0,0,0,0,0,1,0,1,0,0,0,0,0,0,0,0,False,False,False,False,True,False,False,True,False,False,True,False,False,False,False,True,False,False,0,0,0,0,0,0,0,0,0,1,1,0,0
World Trigger,0.5938242280285035,0.47855100095328884,0.1442885771543086,0.5,0.28205128205128205,1,0,0,0,0,0,0,0,0,0,0,0,0,0,0,0,0,0,0,0,0,0,0,0,0,0,0,0,0,0,0,0,0,0,0,0,0,0,0,0,0,0,0,0,0,0,0,0,0,0,0,0,0,0,0,1,0,0,1,0,0,0,0,0,0,0,0,0,0,0,0,0,0,0,0,0,False,False,False,False,True,False,False,True,False,False,False,False,False,True,False,False,True,False,1,0,0,0,0,1,0,1,0,0,0,0,0
The Asterisk War Season 2,0.4513064133016629,0.4775977121067684,0.022044088176352703,0.32704402515723274,0.23076923076923075,1,0,0,0,0,0,0,0,0,0,1,0,0,0,0,1,0,0,1,0,0,0,0,1,0,0,0,0,0,0,0,0,0,0,0,0,0,0,0,0,0,0,0,0,0,0,0,0,0,0,0,0,1,0,1,0,0,0,0,0,0,0,0,0,0,0,0,0,0,0,1,0,0,0,0,0,False,False,False,False,True,False,True,False,False,False,True,False,False,False,False,False,True,False,1,0,0,0,0,0,0,0,0,0,0,0,0
No.6,0.5866983372921615,0.4766444232602478,0.02004008016032064,0.5534591194968553,0.358974358974359,1,0,0,0,0,0,0,0,0,0,0,0,0,0,1,0,0,0,0,0,0,0,0,0,0,0,0,0,0,0,0,0,0,0,0,0,0,0,0,0,0,1,0,0,0,0,0,0,0,0,0,0,0,0,0,1,0,0,0,0,0,0,0,0,0,0,0,0,0,0,0,0,0,0,0,0,False,False,False,False,True,False,False,True,False,False,True,False,False,False,False,False,True,False,0,0,1,0,0,0,0,0,0,0,0,0,0
Link Click,0.8646080760095016,0.47569113441372735,0.02004008016032064,0.5377358490566038,,0,1,0,0,0,0,0,0,0,0,0,0,0,0,1,0,0,0,0,0,0,0,0,0,0,0,0,0,0,0,0,0,0,0,0,0,0,0,0,0,0,1,0,0,0,0,0,0,0,0,0,0,0,0,0,0,0,0,0,0,0,0,0,0,1,0,0,1,0,1,0,0,0,0,0,0,False,False,False,False,True,False,False,False,True,False,True,False,False,False,False,False,False,False,0,0,0,0,0,1,1,0,0,0,0,0,0
Alya Sometimes Hides Her Feelings in Russian,0.5890736342042755,0.4747378455672069,0.022044088176352703,0.44025157232704404,0.02564102564102564,0,0,0,0,0,0,0,0,0,0,1,0,0,0,0,0,0,0,0,0,0,0,0,0,0,0,0,0,0,0,0,0,0,0,0,0,0,0,0,0,0,0,0,0,0,0,0,0,0,0,0,0,1,0,1,0,0,0,0,0,0,0,0,0,0,0,0,0,0,0,0,0,0,0,0,0,False,False,False,False,True,False,False,True,False,False,True,False,False,False,False,False,False,True,1,0,0,1,0,0,0,0,0,0,0,0,0
Kamisama Kiss Season 2,0.7482185273159148,0.4737845567206863,0.022044088176352703,0.5880503144654088,0.2564102564102564,0,0,0,0,0,0,0,0,0,0,1,0,0,0,0,0,0,0,0,0,0,0,0,0,0,0,0,0,0,0,0,0,0,0,0,0,0,0,0,0,0,0,1,0,0,0,0,0,0,0,0,0,1,0,0,0,0,1,0,0,0,0,0,0,0,1,0,0,0,0,0,0,0,0,0,0,False,False,False,False,True,False,False,True,False,False,True,False,False,False,False,False,True,False,1,0,0,0,0,1,0,0,0,0,0,0,0
How Not to Summon a Demon Lord Ω,0.38242280285035646,0.47283126787416585,0.018036072144288578,0.27672955974842767,0.10256410256410256,1,0,0,0,0,0,0,0,0,0,1,0,0,0,0,1,0,0,1,0,0,0,0,1,0,0,0,0,1,0,0,0,0,0,0,0,0,0,0,0,0,0,0,0,0,0,0,0,0,0,0,0,1,0,0,0,0,0,0,0,0,0,0,0,0,0,0,0,0,0,0,0,0,0,0,0,False,False,False,False,True,False,True,False,False,False,True,False,False,False,False,False,False,True,0,0,0,0,1,0,1,0,0,0,0,0,0
Mekakucity Actors,0.4584323040380047,0.4718779790276454,0.022044088176352703,0.5471698113207547,0.28205128205128205,0,0,0,0,0,0,0,0,0,0,0,0,0,0,1,0,0,0,0,0,0,0,0,0,0,0,0,0,0,0,0,0,0,0,0,0,0,0,0,0,0,1,0,0,0,0,0,0,0,0,0,0,0,0,0,1,0,0,0,0,0,0,0,0,1,0,0,0,0,0,0,0,0,0,0,0,False,False,False,False,True,False,True,False,False,False,True,False,False,False,False,False,True,False,0,0,0,0,0,0,0,0,0,0,0,0,0
Eureka Seven,0.7054631828978626,0.4709246901811248,0.09819639278557113,0.49056603773584906,0.5128205128205128,0,0,1,0,0,0,0,0,0,0,0,0,0,0,1,0,0,0,0,0,0,0,0,0,0,0,0,0,0,0,0,0,0,0,0,0,0,1,0,0,0,0,0,0,0,0,0,0,0,0,0,0,1,0,0,1,0,0,0,0,0,0,0,0,0,0,0,0,0,0,0,0,0,0,0,0,False,False,False,False,True,False,False,True,False,False,False,False,True,False,False,True,False,False,0,0,0,0,0,1,1,0,0,0,0,0,0
Tamako Market,0.5510688836104514,0.46997140133460436,0.022044088176352703,0.48427672955974843,0.3076923076923077,0,0,0,0,0,0,0,0,0,0,0,0,0,0,0,0,0,0,0,0,0,0,0,0,0,0,0,0,0,1,0,0,0,0,0,0,0,0,0,0,0,0,0,0,0,0,0,0,0,0,0,0,0,0,0,0,0,0,0,0,1,0,0,0,0,0,0,0,0,0,0,0,0,0,0,0,False,False,False,False,True,False,True,False,False,False,True,False,False,False,False,False,True,False,0,0,0,0,0,0,0,0,0,0,0,0,0
Dragon Ball Super: Broly,0.7410926365795725,0.4690181124880839,0.0,0.5943396226415094,,1,0,1,0,0,0,0,0,0,0,0,0,0,0,0,0,0,0,1,0,0,0,0,0,0,0,0,0,0,0,0,0,0,0,0,0,1,0,0,0,0,0,0,0,0,0,0,0,0,0,0,0,0,0,0,0,0,0,1,0,0,0,0,0,0,0,0,0,0,0,0,0,0,0,0,0,False,False,False,False,True,False,False,True,False,True,False,False,False,False,False,False,False,False,0,1,1,0,0,0,1,1,0,0,0,0,0
OreImo 2,0.42992874109263646,0.4680648236415633,0.02404809619238477,0.49056603773584906,0.3076923076923077,0,0,0,0,0,0,0,0,0,0,1,0,0,0,0,0,0,0,0,0,0,0,0,0,0,0,0,0,0,0,0,0,0,0,0,0,0,0,0,0,0,0,0,0,1,0,0,0,0,0,0,0,1,0,0,0,0,0,0,0,0,0,0,0,0,0,0,0,0,0,0,0,0,0,0,0,False,False,False,False,True,False,True,False,False,False,True,False,False,False,False,False,True,False,1,0,0,0,0,0,0,1,0,0,0,0,0
Aesthetica of a Rogue Hero,0.38242280285035646,0.46711153479504286,0.022044088176352703,0.5220125786163522,0.3333333333333333,1,0,0,0,0,0,0,0,0,0,0,0,0,0,0,1,0,0,1,0,0,0,0,1,0,0,0,0,0,0,0,0,0,0,0,0,0,0,0,0,0,0,0,0,0,0,0,0,0,0,0,0,0,0,1,0,0,0,0,0,0,0,0,0,0,0,0,0,0,0,1,0,0,0,0,0,False,False,False,False,True,False,True,False,False,False,True,False,False,False,False,False,True,False,1,1,0,0,1,0,0,0,0,0,0,0,0
Wagnaria!!,0.6080760095011877,0.4661582459485224,0.02404809619238477,0.4528301886792453,0.3846153846153846,0,0,0,0,0,0,0,0,0,0,1,0,0,0,0,0,0,0,0,0,0,0,0,0,0,0,0,0,0,0,0,0,0,1,0,0,0,0,0,0,0,0,0,0,0,0,0,0,0,0,0,0,1,0,0,0,1,0,0,0,0,0,0,0,0,0,0,0,0,0,0,0,0,0,0,1,False,False,False,False,True,False,False,True,False,False,True,False,False,False,False,True,False,False,0,0,0,0,0,0,0,0,0,0,0,1,0
New Game!,0.5866983372921615,0.46520495710200194,0.022044088176352703,0.5628930817610063,0.23076923076923075,0,1,0,0,0,0,0,1,0,0,1,0,0,0,0,0,0,0,0,0,0,0,0,0,0,0,0,0,0,0,0,0,0,0,0,0,0,0,0,0,0,0,0,0,1,0,0,0,0,0,0,0,0,0,0,0,0,0,0,0,0,0,0,0,0,0,0,0,0,0,0,0,0,0,0,1,False,False,False,False,True,False,False,True,False,False,True,False,False,False,False,False,True,False,1,0,0,0,0,0,0,1,0,0,0,0,0
Non Non Biyori,0.6793349168646083,0.46425166825548136,0.022044088176352703,0.5188679245283019,0.3076923076923077,0,0,0,0,0,0,0,1,0,0,0,0,0,0,0,0,0,0,0,0,0,0,0,0,0,0,0,0,0,1,0,0,0,0,0,0,0,0,0,0,0,0,0,0,0,0,0,0,0,0,0,0,0,0,1,0,1,0,0,0,1,0,0,0,0,0,0,0,0,0,0,0,0,0,0,0,False,False,False,False,True,False,False,True,False,False,True,False,False,False,False,False,True,False,1,0,0,0,0,0,0,0,0,0,0,0,0
Re:ZERO -Starting Life in Another World- Season 3,0.7980997624703086,0.4632983794089609,0.03006012024048096,0.4056603773584906,0.02564102564102564,0,0,0,0,0,0,0,0,0,0,0,0,0,0,1,0,0,0,1,0,0,0,0,0,0,0,0,0,1,0,0,0,0,0,0,0,0,0,0,0,0,0,0,0,0,0,0,0,1,0,0,0,0,0,0,0,0,0,0,0,0,0,0,0,0,0,0,1,0,1,0,0,0,0,0,0,False,False,False,False,True,False,False,True,False,False,False,True,False,False,False,False,False,True,0,0,0,0,0,1,0,0,0,0,0,1,0
The Boy and the Beast,0.7458432304038007,0.46234509056244044,0.0,0.6823899371069183,,0,0,0,1,0,0,0,0,0,0,0,0,0,0,0,0,0,0,1,0,0,0,0,0,0,0,0,0,1,0,0,0,0,0,0,0,0,0,0,0,0,0,0,0,0,0,0,0,0,0,0,0,0,0,0,0,0,0,0,0,0,0,0,0,0,0,0,0,0,0,0,0,0,0,0,0,False,False,False,False,True,False,False,True,False,True,False,False,False,False,False,False,False,False,0,0,0,0,0,0,0,1,0,0,0,0,0
Hanamonogatari,0.672209026128266,0.46139180171591987,0.008016032064128256,0.5408805031446541,,0,0,0,0,0,0,0,0,0,0,1,0,0,0,0,0,0,0,0,0,0,0,0,0,0,0,0,0,0,0,0,0,0,0,0,0,0,0,0,0,0,1,0,0,0,0,0,0,0,0,0,0,0,0,0,0,0,0,0,0,0,0,0,0,0,1,0,0,0,0,0,0,0,0,0,0,False,False,False,False,True,False,False,True,False,False,True,False,False,False,False,False,False,False,1,1,0,0,0,0,0,0,0,0,0,0,0
Pandora Hearts,0.6080760095011877,0.4604385128693994,0.04809619238476953,0.4968553459119497,0.41025641025641024,0,0,1,0,0,0,0,0,0,0,0,0,0,0,0,0,0,0,1,0,0,0,0,0,0,0,0,0,0,0,0,0,0,0,0,0,0,0,0,0,0,1,0,0,0,0,0,0,0,0,0,0,0,0,0,0,0,0,1,0,0,0,0,0,0,0,0,0,0,0,0,0,0,0,0,0,False,False,False,False,True,False,False,True,False,False,False,True,False,False,False,True,False,False,0,0,0,0,1,0,0,0,0,0,0,0,0
The Garden of Sinners Chapter 1: Overlooking View,0.5890736342042755,0.45948522402287895,0.0,0.37106918238993714,,1,0,0,0,0,0,0,0,0,0,0,0,0,0,0,0,0,0,1,0,0,0,0,0,0,0,0,0,0,0,0,0,0,0,0,0,0,0,0,0,0,1,0,0,0,0,0,0,0,0,0,0,0,0,0,0,0,0,0,0,0,0,0,0,0,0,0,1,0,0,1,0,0,0,0,0,False,False,False,False,True,False,False,True,False,True,False,False,False,False,False,False,False,False,0,1,0,0,1,0,0,0,0,1,0,0,0
When Supernatural Battles Became Commonplace,0.4655581947743468,0.4585319351763584,0.022044088176352703,0.44025157232704404,0.28205128205128205,0,0,0,0,0,0,0,0,0,0,1,0,0,0,0,0,0,0,0,0,0,0,0,1,0,0,0,0,0,0,0,0,0,0,0,0,0,0,0,0,0,0,0,0,0,0,0,0,0,0,0,0,0,0,1,0,0,0,0,0,0,0,0,0,1,0,0,0,0,0,0,0,0,0,0,0,False,False,False,False,True,False,True,False,False,False,True,False,False,False,False,False,True,False,1,0,0,0,1,0,0,0,0,1,0,0,0
Arifureta: From Commonplace to World's Strongest Season 2,0.489311163895487,0.4575786463298379,0.022044088176352703,0.39937106918238996,0.07692307692307693,1,0,1,0,0,0,0,0,0,0,0,0,0,0,0,0,0,0,1,0,0,0,0,1,0,0,0,0,1,0,0,0,0,0,0,0,0,0,0,0,0,0,0,0,0,0,0,0,0,0,0,0,0,0,0,0,0,0,0,0,0,0,0,0,0,0,0,0,0,0,0,0,0,0,0,0,False,False,False,False,True,False,True,False,False,False,True,False,False,False,False,False,False,True,0,1,1,0,1,0,0,1,0,0,0,0,0
Golden Boy,0.7030878859857481,0.45662535748331745,0.010020040080160319,0.39308176100628933,,0,1,1,0,0,0,0,0,0,0,1,0,0,0,0,1,0,0,0,1,0,0,0,0,0,0,0,0,0,0,0,0,0,0,0,0,0,0,0,0,0,0,0,0,0,0,0,0,0,0,0,0,0,0,0,0,1,0,0,0,0,0,0,0,0,0,0,0,0,0,0,0,0,0,0,1,False,False,False,False,True,False,False,True,False,False,True,False,False,False,False,False,False,False,1,0,0,0,1,0,0,0,0,0,0,0,0
Sakamoto Days,0.5961995249406176,0.4556720686367969,0.02004008016032064,0.4371069182389937,0.0,1,1,0,0,0,0,0,0,0,0,1,0,0,0,0,0,0,0,0,0,0,0,0,0,0,0,0,0,0,0,0,0,0,0,0,0,0,0,0,0,0,0,0,1,0,0,0,0,0,0,0,0,0,0,0,0,0,0,1,0,0,0,0,0,0,0,0,0,0,0,0,0,0,0,0,0,False,False,False,False,True,False,False,True,False,False,True,False,False,False,False,False,False,True,0,0,0,0,0,0,0,1,0,1,0,0,0
Wandering Witch: The Journey of Elaina,0.5890736342042755,0.4547187797902764,0.022044088176352703,0.3113207547169812,0.1282051282051282,0,0,1,0,0,0,0,0,0,0,0,0,0,0,0,0,0,0,1,0,0,0,0,0,0,0,0,0,0,0,0,0,0,0,0,0,0,0,0,0,0,0,0,0,0,0,0,0,0,0,0,0,0,0,0,0,0,0,0,0,0,0,0,0,0,0,0,0,0,0,0,0,0,0,0,0,False,False,False,False,True,False,False,True,False,False,True,False,False,False,False,False,True,False,0,1,0,0,0,0,0,0,0,0,0,0,0
How a Realist Hero Rebuilt the Kingdom,0.5154394299287413,0.45376549094375596,0.02404809619238477,0.4371069182389937,0.10256410256410256,1,0,0,0,0,0,0,0,0,0,0,0,0,0,0,0,0,0,1,0,0,0,0,1,0,0,0,0,1,0,0,0,0,0,0,0,0,0,0,1,0,0,0,0,0,0,0,0,0,0,0,0,1,0,0,0,0,0,0,0,0,0,0,0,0,0,0,0,0,0,0,0,0,0,0,0,False,False,False,False,True,False,True,False,False,False,True,False,False,False,False,False,False,True,0,0,1,0,1,0,1,0,0,0,0,0,0
Love and Lies,0.33016627078384797,0.4528122020972355,0.022044088176352703,0.4716981132075472,0.20512820512820512,0,0,0,0,0,0,0,0,0,0,0,0,0,0,1,0,0,0,0,0,0,0,0,0,0,0,0,0,0,0,0,0,1,0,0,0,0,0,0,0,0,0,0,0,0,0,0,0,0,0,0,0,1,0,1,0,0,0,0,0,0,0,0,0,0,0,0,0,0,0,0,0,0,0,0,0,False,False,False,False,True,True,False,False,False,False,True,False,False,False,False,False,True,False,0,0,0,1,0,0,0,0,0,0,0,0,0
Dan Da Dan Season 2,0.8052256532066513,0.4518589132507149,0.022044088176352703,0.29245283018867924,0.0,1,0,0,0,0,0,0,0,0,0,1,0,0,0,0,0,0,0,0,0,0,0,0,0,0,0,0,0,0,0,0,0,0,0,0,0,0,0,0,0,0,0,0,0,0,0,0,0,0,0,0,0,0,0,0,0,0,0,1,0,0,0,0,0,0,1,0,0,0,0,0,0,0,0,0,0,False,False,False,False,True,False,False,True,False,False,True,False,False,False,False,False,False,True,0,0,0,0,1,0,0,0,0,0,1,0,0
That Time I Got Reincarnated as a Slime Season 3,0.6223277909738718,0.45090562440419446,0.046092184368737465,0.39937106918238996,0.02564102564102564,1,0,0,0,0,0,0,0,0,0,1,0,0,0,0,0,0,0,1,0,0,0,0,0,0,0,0,0,1,0,0,0,0,0,0,0,0,0,0,0,0,0,0,0,0,0,0,0,0,0,1,0,0,0,0,0,0,0,1,0,0,0,0,0,0,0,0,0,0,0,0,0,0,0,0,0,False,False,False,False,True,False,False,True,False,False,False,True,False,False,False,False,False,True,0,0,1,0,1,0,1,0,0,0,0,1,0
Dusk Maiden of Amnesia,0.6484560570071258,0.449952335557674,0.022044088176352703,0.3584905660377359,0.3333333333333333,0,0,0,0,0,0,0,0,0,0,0,0,0,0,0,0,0,0,0,0,0,0,0,0,0,0,1,0,0,0,0,0,0,0,0,0,0,0,0,0,0,1,0,0,0,0,0,0,0,0,0,0,1,0,1,0,0,0,1,0,0,0,0,0,0,1,0,0,0,0,0,0,0,0,0,0,False,False,False,False,True,False,False,True,False,False,True,False,False,False,False,False,True,False,1,0,0,0,1,0,0,0,0,1,1,0,0
The Familiar of Zero F,0.5534441805225654,0.4489990467111534,0.022044088176352703,0.35220125786163525,0.3333333333333333,1,0,1,0,0,0,0,0,0,0,1,0,0,0,0,1,0,0,1,0,0,0,0,1,0,0,0,0,1,0,0,0,0,0,0,0,0,0,0,0,0,0,0,0,0,0,0,0,0,0,0,0,1,0,1,0,0,0,0,0,0,0,0,0,0,0,0,0,0,0,0,0,0,0,0,0,False,False,False,False,True,False,True,False,False,False,True,False,False,False,False,False,True,False,0,0,0,0,0,0,0,0,0,0,0,0,0
"So, I Can't Play H!",0.3420427553444181,0.44804575786463297,0.022044088176352703,0.4559748427672956,0.3333333333333333,0,0,0,0,0,0,0,0,0,0,1,0,0,0,0,1,0,0,0,0,0,0,0,1,0,0,0,0,0,0,0,0,0,0,0,0,0,0,0,0,0,0,0,0,0,0,0,0,0,0,0,0,1,0,1,0,0,0,0,0,0,0,0,0,0,1,0,0,0,0,0,0,0,0,0,0,False,False,False,False,True,False,True,False,False,False,True,False,False,False,False,False,True,False,0,1,0,0,0,0,0,0,0,0,0,0,0
Seirei Gensouki: Spirit Chronicles,0.47030878859857483,0.4470924690181125,0.022044088176352703,0.44025157232704404,0.10256410256410256,1,0,1,0,0,0,0,0,0,0,0,0,0,0,0,0,0,0,1,0,0,0,0,1,0,0,0,0,1,0,0,0,0,0,0,0,0,0,0,0,0,0,0,0,0,0,0,0,0,0,1,0,1,0,0,0,0,0,0,0,0,0,0,0,0,0,0,0,0,0,0,0,0,0,0,0,False,False,False,False,True,False,True,False,False,False,True,False,False,False,False,False,False,True,1,1,0,0,0,0,1,0,0,1,0,0,0
Tsukimonogatari,0.7125890736342044,0.44613918017159193,0.0060120240480961915,0.27672955974842767,,0,0,0,0,0,0,0,0,0,0,1,0,0,0,0,1,0,0,0,0,0,0,0,0,0,0,0,0,0,0,0,0,0,0,0,0,0,0,0,0,0,1,0,0,0,0,0,0,0,0,0,0,0,0,0,0,0,0,0,0,0,0,0,0,0,1,0,0,0,0,0,1,0,0,0,0,False,False,False,False,True,False,False,True,False,False,True,False,False,False,False,False,False,False,0,0,0,0,1,0,0,0,0,0,0,0,0
Golden Kamuy,0.665083135391924,0.44518589132507147,0.022044088176352703,0.7232704402515724,0.1794871794871795,1,1,1,0,0,0,0,0,0,0,0,0,0,0,0,0,0,0,0,0,0,0,0,0,0,1,0,0,0,0,0,0,0,0,0,0,0,0,0,1,0,0,0,0,0,0,0,0,0,0,0,0,0,0,0,0,1,0,0,0,0,0,0,0,0,0,0,0,0,0,0,0,0,0,0,0,False,False,False,False,True,False,False,True,False,False,True,False,False,False,False,False,True,False,0,0,1,0,0,0,0,0,0,1,0,0,0
Interviews With Monster Girls,0.5795724465558194,0.444232602478551,0.022044088176352703,0.5,0.20512820512820512,0,0,0,0,0,0,0,0,0,0,1,0,0,0,0,0,0,0,1,0,0,0,0,0,0,0,0,0,0,0,0,0,0,0,0,0,0,0,0,0,0,0,1,0,0,0,0,0,0,0,0,0,0,0,1,0,1,0,0,0,0,0,0,0,0,0,0,0,0,0,1,0,0,0,0,0,False,False,False,False,True,False,False,True,False,False,True,False,False,False,False,False,True,False,1,0,1,0,1,0,0,0,1,0,0,0,0
Black Butler: Book of Circus,0.7078384798099764,0.44327931363203044,0.018036072144288578,0.37421383647798745,0.28205128205128205,1,0,0,0,0,0,0,0,0,0,0,0,0,0,0,0,0,0,0,0,0,0,0,0,0,1,0,0,0,0,0,0,0,0,0,0,0,0,0,0,0,1,1,0,0,0,0,0,0,0,0,0,0,0,0,0,0,0,1,0,0,0,0,0,0,1,0,0,0,0,0,0,0,0,0,0,False,False,False,False,True,False,False,True,False,False,True,False,False,False,False,False,True,False,0,0,0,0,1,0,0,0,0,1,0,0,0
Rosario + Vampire Capu2,0.42755344418052266,0.44232602478551,0.02404809619238477,0.389937106918239,0.4358974358974359,0,0,0,0,0,0,0,0,0,0,1,0,0,0,0,1,0,0,0,0,0,0,0,1,0,0,0,0,0,0,0,0,0,0,0,0,0,0,0,0,0,0,1,0,0,0,0,0,0,0,0,0,1,0,1,0,0,0,1,0,0,0,0,0,0,1,0,0,0,0,0,1,0,0,0,0,False,False,False,False,True,False,True,False,False,False,True,False,False,False,False,True,False,False,1,1,0,0,1,0,0,0,0,0,0,0,0
KonoSuba: God's Blessing on This Wonderful World! - God's Blessing on This Wonderful Choker!,0.6532066508313541,0.4413727359389895,0.0,0.27672955974842767,,0,0,0,0,0,0,0,0,0,0,1,0,0,0,0,0,0,0,1,0,0,0,0,0,0,0,0,0,1,0,0,0,0,0,0,0,0,0,0,0,0,0,0,0,0,1,0,0,0,0,0,0,0,0,0,0,0,0,0,0,0,0,0,0,0,0,0,0,0,0,0,0,0,0,0,0,False,False,False,False,True,False,False,True,False,True,False,False,False,False,False,False,False,False,0,1,0,0,0,0,0,0,0,0,0,0,0
Free! Eternal Summer,0.6009501187648458,0.44041944709246905,0.02404809619238477,0.5125786163522013,0.28205128205128205,0,0,0,0,0,0,0,0,0,0,0,0,0,0,0,0,0,0,0,0,0,0,0,0,0,0,0,0,0,0,0,0,0,0,0,0,0,0,0,0,0,0,0,0,0,0,0,0,0,0,0,0,0,0,1,0,0,0,0,0,0,0,1,0,0,0,0,0,0,0,0,0,0,0,0,0,False,False,False,False,True,False,False,True,False,False,True,False,False,False,False,False,True,False,1,0,0,0,0,1,0,0,0,0,0,0,0
Panty & Stocking with Garterbelt,0.6318289786223279,0.4394661582459485,0.02404809619238477,0.37735849056603776,0.3846153846153846,1,0,0,0,0,0,0,0,0,0,1,0,0,0,0,1,0,0,1,1,0,0,0,0,0,0,0,0,0,0,0,0,0,0,0,0,0,0,0,0,0,0,0,0,0,1,0,0,0,0,0,0,0,0,0,0,0,0,0,0,0,0,0,0,0,0,0,0,0,0,0,0,0,0,0,0,False,False,False,False,True,False,False,True,False,False,True,False,False,False,False,True,False,False,0,0,0,0,1,0,0,0,0,0,0,0,0
ReLIFE: Final Arc,0.7434679334916867,0.438512869399428,0.0060120240480961915,0.4811320754716981,,0,0,0,0,0,0,0,0,0,0,0,0,0,0,1,0,0,0,0,0,0,0,0,0,0,0,0,0,0,0,0,0,0,0,0,0,0,0,0,0,0,0,0,0,0,0,0,0,0,0,0,0,1,0,1,0,0,0,0,0,0,0,0,0,0,0,0,0,0,0,0,0,0,0,0,0,False,False,False,False,True,False,False,True,False,False,True,False,False,False,False,False,False,False,1,0,0,0,0,0,0,0,0,0,0,0,1
I've Been Killing Slimes for 300 Years and Maxed Out My Level,0.4323040380047507,0.43755958055290756,0.022044088176352703,0.6226415094339623,0.10256410256410256,0,0,0,0,0,0,0,1,0,0,1,0,0,0,0,0,0,0,1,0,0,0,0,0,0,0,0,0,1,0,0,0,0,0,0,0,0,0,0,0,0,0,0,0,0,0,0,0,0,0,0,0,0,0,0,0,0,0,0,0,0,0,0,0,0,0,0,0,0,0,0,0,0,0,0,0,False,False,False,False,True,False,True,False,False,False,True,False,False,False,False,False,False,True,0,0,0,0,0,0,1,0,0,0,0,0,0
Rage of Bahamut: Genesis,0.6009501187648458,0.436606291706387,0.022044088176352703,0.5377358490566038,0.28205128205128205,1,0,1,0,0,0,0,0,0,0,0,0,0,0,0,0,0,0,1,0,0,0,0,0,0,0,0,0,0,0,0,0,0,0,0,0,0,0,0,0,0,0,0,0,0,0,0,0,0,0,0,0,0,0,0,0,0,0,0,0,0,0,0,0,0,0,0,0,0,0,0,0,0,0,0,0,False,False,False,False,True,False,False,True,False,False,True,False,False,False,False,False,True,False,0,0,0,0,1,0,1,0,0,0,0,0,0
WorldEnd: What do you do at the end of the world? Are you busy? Will you save us?,0.6152019002375297,0.4356530028598665,0.022044088176352703,0.7484276729559749,0.20512820512820512,0,0,0,0,0,0,0,0,0,0,0,0,0,0,1,0,0,0,1,0,0,0,0,0,0,0,0,0,0,0,0,0,0,0,0,0,0,0,0,0,0,0,0,0,0,0,0,0,0,0,0,0,1,0,0,1,0,0,0,0,0,0,0,0,0,0,0,0,0,0,0,0,0,0,0,0,False,False,False,False,True,False,False,True,False,False,True,False,False,False,False,False,True,False,0,0,1,0,0,0,0,0,0,0,0,0,0
The Eden of Grisaia,0.6294536817102139,0.43469971401334606,0.018036072144288578,0.3805031446540881,0.2564102564102564,0,0,0,0,0,0,0,0,0,0,0,0,0,0,1,0,0,0,0,0,0,0,0,1,0,0,0,0,0,0,0,0,0,0,0,0,0,0,0,0,0,0,0,0,0,0,0,0,1,0,0,0,1,0,0,0,0,0,0,0,0,0,0,0,0,0,0,1,0,0,0,0,0,0,0,0,False,False,False,False,True,False,False,True,False,False,True,False,False,False,False,False,True,False,1,0,0,0,0,0,0,0,0,1,1,0,0
Bottom-Tier Character Tomozaki,0.4798099762470309,0.4337464251668255,0.022044088176352703,0.46226415094339623,0.10256410256410256,0,0,0,0,0,0,0,0,0,0,0,0,0,0,1,0,0,0,0,0,0,0,0,0,0,0,0,0,0,0,0,0,0,0,0,0,0,0,0,0,0,0,0,0,0,0,0,0,0,0,0,0,1,0,1,0,0,0,0,0,0,0,0,0,0,0,0,0,0,0,0,0,0,0,0,0,False,False,False,False,True,False,True,False,False,False,True,False,False,False,False,False,False,True,1,0,0,0,0,1,0,0,1,0,0,0,0
March Comes In Like a Lion 2nd Season,0.9073634204275536,0.432793136320305,0.04208416833667334,0.4779874213836478,0.20512820512820512,0,0,0,0,0,0,0,0,1,0,0,0,0,0,1,0,0,0,0,0,0,0,0,0,0,0,0,0,0,0,0,0,0,0,0,0,0,0,0,0,0,0,0,0,0,0,0,0,0,0,0,0,0,0,0,0,1,0,0,0,0,0,0,1,0,0,0,0,0,0,0,0,0,0,0,0,False,False,False,False,True,False,False,False,True,False,False,True,False,False,False,False,True,False,1,0,0,1,0,0,0,1,0,0,0,0,0
Owarimonogatari Second Season,0.8978622327790975,0.43183984747378457,0.012024048096192383,0.3459119496855346,,0,0,0,0,0,0,0,0,0,0,1,0,0,0,0,0,0,0,0,0,0,0,0,0,0,0,0,0,0,0,0,0,0,0,0,0,0,0,0,0,0,1,0,0,0,0,0,0,0,0,0,0,0,0,0,0,0,0,0,0,0,0,0,0,0,1,0,0,0,0,0,1,0,0,0,0,False,False,False,False,True,False,False,False,True,False,True,False,False,False,False,False,False,False,1,0,0,0,0,0,0,0,0,1,0,0,0
Sekirei,0.46080760095011875,0.430886558627264,0.022044088176352703,0.48427672955974843,0.4358974358974359,1,0,0,0,0,0,0,0,0,0,1,0,0,0,0,1,0,0,0,0,0,0,0,1,0,0,0,0,0,0,0,0,0,0,0,0,0,0,0,0,0,0,0,0,0,0,0,0,0,0,0,0,1,0,0,0,1,0,0,0,0,0,0,0,1,0,0,0,0,0,0,0,0,0,0,0,False,False,False,False,True,False,True,False,False,False,True,False,False,False,False,True,False,False,0,0,0,0,1,1,0,0,0,0,0,0,0
Horimiya: The Missing Pieces,0.7268408551068886,0.42993326978074353,0.02404809619238477,0.15094339622641512,0.05128205128205128,0,0,0,0,0,0,0,0,0,0,0,0,0,0,0,0,0,0,0,0,0,0,0,0,0,0,0,0,0,0,0,0,0,0,0,0,0,0,0,0,0,0,0,0,0,0,0,0,0,0,0,0,1,0,1,0,0,0,1,0,0,0,0,0,0,0,0,0,0,0,0,0,0,0,0,0,False,False,False,False,True,False,False,True,False,False,True,False,False,False,False,False,False,True,1,0,0,0,0,0,0,0,0,0,0,0,0
Date A Live III,0.5011876484560571,0.42897998093422307,0.022044088176352703,0.1729559748427673,0.15384615384615385,1,0,0,0,0,0,0,0,0,0,0,0,0,0,0,0,0,0,1,0,0,0,0,1,0,0,0,0,0,0,0,0,0,0,0,0,0,0,0,0,0,0,0,0,0,0,0,0,0,0,0,0,1,0,1,1,0,0,0,0,0,0,0,0,0,0,0,0,0,0,1,0,0,0,0,0,False,False,False,False,True,False,True,False,False,False,True,False,False,False,False,False,True,False,0,0,0,0,1,0,1,0,0,0,0,0,0
Ping Pong the Animation,0.8432304038004752,0.4280266920877026,0.02004008016032064,0.7264150943396227,0.28205128205128205,0,0,0,0,0,1,0,0,0,0,0,0,0,0,1,0,0,0,0,0,0,0,0,0,0,0,0,0,0,0,0,0,0,0,0,0,0,0,0,0,0,0,0,0,0,0,0,0,0,0,0,0,0,0,0,0,1,0,0,0,0,0,1,0,0,0,0,0,0,0,0,0,0,0,0,0,False,False,False,False,True,False,False,False,True,False,True,False,False,False,False,False,True,False,1,0,0,0,0,0,1,1,0,0,0,0,0
The Hidden Dungeon Only I Can Enter,0.2826603325415675,0.42707340324118204,0.022044088176352703,0.5849056603773585,0.10256410256410256,1,0,1,0,0,0,0,0,0,0,0,0,0,0,0,1,0,0,1,0,0,0,0,1,0,0,0,0,0,0,0,0,0,0,0,0,0,0,0,0,0,0,0,0,0,0,0,0,0,0,0,0,0,0,0,0,0,0,0,0,0,0,0,0,0,0,0,0,0,0,0,0,0,0,0,0,False,False,False,False,True,True,False,False,False,False,True,False,False,False,False,False,False,True,1,0,0,0,0,0,0,0,0,0,0,0,0
Wind Breaker,0.6294536817102139,0.4261201143946616,0.02404809619238477,0.5440251572327044,0.02564102564102564,1,0,0,0,0,0,0,0,0,0,0,0,1,0,0,0,0,0,0,0,0,0,0,0,0,0,0,0,0,0,0,0,0,0,0,0,0,0,0,0,0,0,0,0,0,0,0,0,0,0,0,0,0,0,1,0,0,0,0,0,0,0,0,0,0,0,0,0,0,0,0,0,0,0,0,0,False,False,False,False,True,False,False,True,False,False,True,False,False,False,False,False,False,True,1,0,0,0,1,1,0,0,0,0,0,0,0
Initial D First Stage,0.7790973871733966,0.4251668255481411,0.0501002004008016,0.5283018867924528,0.6923076923076923,1,0,0,0,0,0,0,0,0,0,0,0,0,0,1,0,0,0,0,0,0,0,0,0,0,0,0,0,0,0,0,0,0,0,0,0,0,0,0,0,0,0,0,0,0,0,0,0,0,1,0,0,0,0,0,0,1,0,0,0,0,0,0,0,0,0,0,0,0,0,0,0,0,0,0,0,False,False,False,False,True,False,False,True,False,False,False,True,False,False,True,False,False,False,0,0,1,0,0,0,0,1,0,0,0,0,1
Darker than Black: Gemini of the Meteor,0.5558194774346794,0.42421353670162054,0.022044088176352703,0.39937106918238996,0.41025641025641024,1,0,0,0,0,0,0,0,0,0,0,0,0,0,0,0,0,0,0,0,0,0,0,0,0,0,0,0,0,0,0,0,0,0,0,0,0,0,0,0,0,1,0,0,0,0,0,0,0,0,0,0,0,0,0,0,0,0,0,0,0,0,0,0,1,0,0,0,0,0,0,0,0,0,0,0,False,False,False,False,True,False,True,False,False,False,True,False,False,False,False,True,False,False,1,0,1,0,0,0,0,0,0,1,0,0,0
Shangri-La Frontier,0.7173396674584323,0.4232602478551001,0.04809619238476953,0.5157232704402516,0.05128205128205128,1,0,1,0,0,0,0,0,0,0,0,0,0,0,0,0,0,0,1,0,0,0,0,0,0,0,0,0,0,0,0,0,0,0,0,0,0,0,0,0,0,0,0,0,0,0,0,0,0,0,0,0,0,0,0,0,0,0,1,0,0,0,0,0,0,0,0,0,0,0,0,0,1,0,0,0,False,False,False,False,True,False,False,True,False,False,False,True,False,False,False,False,False,True,1,0,0,0,0,0,0,0,0,0,0,0,0
The Testament of Sister New Devil: Burst,0.40617577197149646,0.4223069590085796,0.018036072144288578,0.29245283018867924,0.2564102564102564,1,0,0,0,0,0,0,0,0,0,0,0,0,0,0,1,0,0,0,0,0,0,0,1,0,0,0,0,0,0,0,0,0,0,0,0,0,0,0,0,0,0,0,0,0,0,0,0,0,0,0,0,0,0,0,0,0,0,0,0,0,0,0,0,0,1,0,0,0,0,0,0,0,0,0,0,False,False,False,False,True,False,True,False,False,False,True,False,False,False,False,False,True,False,0,0,0,0,1,0,0,0,0,0,0,0,0
Fate/stay night: Heaven's Feel - II. Lost Butterfly,0.8052256532066513,0.42135367016205905,0.0,0.4811320754716981,,1,0,0,0,0,0,0,0,0,0,0,0,0,0,0,0,0,0,1,0,0,0,0,0,0,0,0,0,0,0,0,0,0,0,0,0,0,0,0,0,0,0,0,0,0,0,0,0,0,0,0,0,0,0,0,0,0,0,0,0,0,0,0,0,0,0,0,0,0,0,1,0,0,0,0,0,False,False,False,False,True,False,False,True,False,True,False,False,False,False,False,False,False,False,0,0,1,0,0,0,0,0,0,1,0,0,0
How Heavy Are the Dumbbells You Lift?,0.508313539192399,0.4204003813155386,0.022044088176352703,0.4559748427672956,0.15384615384615385,0,0,0,0,0,0,0,1,0,0,1,0,0,0,0,1,0,0,0,0,0,0,0,0,0,0,0,0,0,0,0,0,0,0,0,0,0,0,0,0,0,0,0,0,0,0,0,0,0,0,0,0,0,0,0,0,0,0,0,0,0,0,0,0,0,0,0,0,0,0,0,0,0,0,0,0,False,False,False,False,True,False,True,False,False,False,True,False,False,False,False,False,True,False,1,0,0,0,0,0,0,1,0,0,0,0,0
Dragon Ball Z Kai,0.6389548693586697,0.4194470924690181,0.19238476953907813,0.6163522012578617,0.41025641025641024,1,0,1,0,0,0,0,0,0,0,1,0,0,0,0,0,0,0,1,0,0,0,0,0,0,0,0,0,0,0,0,0,0,0,0,0,1,0,0,0,0,0,0,0,0,0,0,0,0,0,0,0,0,0,0,0,0,0,1,0,0,0,0,0,0,0,0,0,0,0,0,0,0,0,0,0,False,False,False,False,True,False,False,True,False,False,False,False,False,True,False,True,False,False,0,0,1,0,0,1,1,1,0,0,0,0,0
Undefeated Bahamut Chronicle,0.3420427553444181,0.41849380362249755,0.022044088176352703,0.3207547169811321,0.23076923076923075,1,0,0,0,0,0,0,0,0,0,0,0,0,0,0,1,0,0,1,0,0,0,0,1,0,0,0,0,0,0,0,0,0,0,0,0,0,0,0,0,0,0,0,0,0,0,0,0,0,0,0,0,1,0,1,0,0,0,0,0,0,0,0,0,0,0,0,0,0,0,0,0,0,0,0,0,False,False,False,False,True,False,True,False,False,False,True,False,False,False,False,False,True,False,1,0,0,0,0,1,1,0,0,0,0,0,0
My Mental Choices Are Completely Interfering With My School Romantic Comedy,0.486935866983373,0.4175405147759771,0.018036072144288578,0.5628930817610063,0.3076923076923077,0,0,0,0,0,0,0,0,0,0,1,0,0,0,0,0,0,0,0,0,0,0,0,1,0,0,0,0,0,0,0,0,0,0,0,0,0,0,0,0,0,0,0,0,0,0,0,0,0,0,0,0,1,0,1,0,0,0,0,0,0,0,0,0,0,0,0,0,0,0,0,0,0,0,0,0,False,False,False,False,True,False,True,False,False,False,True,False,False,False,False,False,True,False,1,0,0,0,0,0,0,0,1,0,1,0,1
Keijo!!!!!!!!,0.4323040380047507,0.41658722592945663,0.022044088176352703,0.48427672955974843,0.23076923076923075,0,0,0,0,0,0,0,0,0,1,0,0,0,0,0,1,0,0,0,0,0,0,0,0,0,0,0,0,0,0,0,0,0,0,0,0,0,0,0,0,0,0,0,0,0,0,0,0,0,0,0,0,0,0,0,0,0,0,1,0,0,0,1,0,0,0,0,0,0,0,0,0,0,0,0,0,False,False,False,False,True,False,True,False,False,False,True,False,False,False,False,False,True,False,1,0,0,0,0,0,0,1,0,0,0,0,0
Yu-Gi-Oh!,0.5771971496437054,0.41563393708293617,0.44689378757515025,0.7610062893081762,0.641025641025641,1,0,1,0,0,0,0,0,0,0,0,0,0,0,0,0,0,0,1,0,0,0,0,0,0,0,0,0,0,0,0,0,0,0,0,0,0,0,0,0,0,0,0,0,0,0,0,0,0,0,0,0,0,0,0,0,0,0,1,0,0,0,0,1,0,0,0,0,0,0,0,0,0,0,0,0,False,False,False,False,True,False,False,True,False,False,False,False,False,True,True,False,False,False,1,1,0,0,1,0,1,0,0,0,0,0,0
Digimon: Digital Monsters,0.641330166270784,0.4146806482364156,0.1062124248496994,0.4025157232704403,0.6666666666666666,1,0,1,0,0,0,0,0,0,0,1,0,0,0,0,0,0,0,1,0,0,0,0,0,0,0,0,0,1,0,0,1,0,0,0,0,0,0,0,0,0,0,0,0,0,0,0,0,0,0,0,0,0,0,0,0,0,0,0,0,0,0,0,0,0,0,0,0,0,0,0,0,0,0,0,0,False,False,False,False,True,False,False,True,False,False,False,False,False,True,True,False,False,False,0,0,0,0,0,0,0,0,0,0,0,0,0
Rainbow,0.802850356294537,0.41372735938989513,0.0501002004008016,0.4716981132075472,0.3846153846153846,0,0,0,0,0,0,0,0,0,0,0,0,1,0,1,0,0,0,0,0,0,0,0,0,0,1,0,0,0,0,0,0,0,0,0,0,0,0,0,0,0,0,0,0,0,0,0,0,0,0,0,0,0,0,0,0,1,0,0,0,0,0,0,0,0,0,0,1,0,0,0,0,0,0,0,0,False,False,False,False,True,False,False,True,False,False,False,True,False,False,False,True,False,False,1,0,0,0,0,0,0,0,0,0,0,0,0
My Hero Academia Season 7,0.7125890736342044,0.41277407054337467,0.040080160320641274,0.3144654088050315,0.02564102564102564,1,0,0,0,0,0,0,0,0,0,0,0,0,0,0,0,0,0,0,0,0,0,0,0,0,0,0,0,0,0,0,0,0,0,0,0,0,0,0,0,0,0,0,0,0,0,0,0,0,0,0,0,0,0,1,0,0,0,1,0,0,0,0,0,1,0,0,0,0,0,0,0,0,0,0,0,False,False,False,False,True,False,False,True,False,False,False,True,False,False,False,False,False,True,0,0,0,0,0,1,0,0,0,0,0,0,0
Tamako Love Story,0.672209026128266,0.4118207816968541,0.0,0.2987421383647799,,0,0,0,0,0,1,0,0,0,0,0,0,0,0,0,0,0,0,0,0,0,0,0,0,0,0,0,0,0,0,0,0,0,0,0,0,0,0,0,0,0,0,0,0,0,0,0,0,0,0,0,0,1,0,0,0,0,0,0,0,0,0,0,0,0,0,0,0,0,0,0,0,0,0,0,0,False,False,False,False,True,False,False,True,False,True,False,False,False,False,False,False,False,False,1,0,0,0,0,1,0,0,0,0,0,0,0
Ghost in the Shell: Stand Alone Complex,0.793349168646081,0.41086749285033364,0.0501002004008016,0.44025157232704404,0.5897435897435898,0,1,0,0,0,1,0,0,0,0,0,0,0,1,0,0,0,0,0,0,0,0,0,0,0,0,0,0,0,0,0,0,0,0,0,0,0,1,0,1,0,1,0,0,0,0,0,0,0,0,0,0,0,0,0,1,1,0,0,0,0,0,0,0,0,0,0,0,0,0,0,0,0,0,0,0,False,False,False,False,True,False,False,True,False,False,False,True,False,False,False,True,False,False,0,0,0,0,0,1,0,1,0,1,0,0,0
Id:Invaded,0.6484560570071258,0.4099142040038132,0.02404809619238477,0.5628930817610063,0.1282051282051282,0,1,0,0,0,0,0,0,0,0,0,0,0,1,0,0,0,0,0,0,0,0,0,0,0,0,0,0,0,0,0,0,0,0,0,0,0,0,0,0,0,1,0,0,0,0,0,0,1,0,0,0,0,0,0,1,0,0,0,0,0,0,0,0,0,0,0,1,0,0,0,0,0,0,0,0,False,False,False,False,True,False,False,True,False,False,True,False,False,False,False,False,True,False,0,0,1,0,0,0,0,0,0,1,0,0,1
Durarara!!x2 Ten,0.6840855106888362,0.4089609151572926,0.022044088176352703,0.42452830188679247,0.2564102564102564,1,0,0,0,0,0,0,0,0,0,0,0,0,0,0,0,0,0,0,0,0,0,0,0,0,0,0,0,0,0,0,0,0,0,0,0,0,0,0,0,0,1,0,0,0,0,0,0,0,0,0,0,0,0,0,0,0,0,0,0,0,0,0,0,0,1,0,0,0,0,0,0,0,0,0,0,False,False,False,False,True,False,False,True,False,False,True,False,False,False,False,False,True,False,0,0,0,0,0,0,0,0,0,0,0,0,0
The Apothecary Diaries Season 2,0.9097387173396678,0.40800762631077214,0.046092184368737465,0.4371069182389937,0.0,0,0,0,0,0,0,0,0,0,0,0,0,0,0,1,0,0,0,0,0,0,0,0,0,0,1,0,0,0,0,0,0,0,0,0,0,0,0,1,0,0,1,0,0,0,0,0,0,0,0,0,0,0,0,0,0,0,0,0,0,0,0,0,0,0,0,0,0,0,0,0,0,0,0,0,0,False,False,False,False,True,False,False,False,True,False,False,True,False,False,False,False,False,True,0,0,1,0,0,0,0,0,0,0,0,0,0
Redline,0.7624703087885984,0.4070543374642517,0.0,0.46855345911949686,,1,1,0,0,0,0,0,0,0,0,0,0,0,0,0,0,0,0,0,0,0,0,0,0,0,0,0,0,0,0,0,0,0,0,0,0,0,0,0,0,0,0,0,0,0,0,0,0,0,1,0,0,0,0,0,1,0,0,0,0,0,0,0,0,0,0,0,0,0,0,0,0,0,0,0,0,False,False,False,False,True,False,False,True,False,True,False,False,False,False,False,False,False,False,0,0,1,0,0,0,0,0,0,0,0,0,0
Engaged to the Unidentified,0.5415676959619955,0.4061010486177311,0.022044088176352703,0.32389937106918243,0.28205128205128205,0,0,0,0,0,0,0,0,0,0,1,0,0,0,0,0,0,0,0,0,0,0,0,0,0,0,0,0,0,0,0,0,0,0,0,0,0,0,0,0,0,0,0,0,0,0,0,0,0,0,0,0,1,0,1,0,0,0,0,0,0,0,0,0,0,1,0,0,0,0,0,0,0,0,0,0,False,False,False,False,True,False,True,False,False,False,True,False,False,False,False,False,True,False,0,0,0,0,0,0,0,0,0,0,0,0,0
Tokyo Revengers: Christmas Showdown,0.6033254156769596,0.40514775977121065,0.02404809619238477,0.6006289308176102,0.05128205128205128,1,0,0,0,0,0,0,0,0,0,0,0,1,0,1,0,0,0,0,0,0,0,0,0,0,0,0,0,0,0,0,0,0,0,0,0,0,0,0,0,0,0,0,0,0,0,0,0,0,0,0,0,0,0,0,0,0,0,1,0,0,0,0,0,0,0,0,0,0,1,0,0,0,0,0,0,False,False,False,False,True,False,False,True,False,False,True,False,False,False,False,False,False,True,0,0,0,0,0,1,1,0,0,0,0,0,0
"Girlfriend, Girlfriend",0.33966745843230406,0.4041944709246902,0.022044088176352703,0.37106918238993714,0.10256410256410256,0,0,0,0,0,0,0,0,0,0,1,0,0,0,0,0,0,0,0,0,0,0,0,1,0,0,0,0,0,0,0,0,0,0,0,0,0,0,0,0,0,0,0,0,0,0,0,0,0,0,0,0,1,0,1,0,0,0,1,0,0,0,0,0,0,0,0,0,0,0,0,0,0,0,0,0,False,False,False,False,True,False,True,False,False,False,True,False,False,False,False,False,False,True,0,0,1,1,0,0,0,0,0,0,0,0,0
Kemono Jihen,0.5415676959619955,0.4032411820781697,0.022044088176352703,0.41509433962264153,0.10256410256410256,1,0,0,0,0,0,0,0,0,0,0,0,0,1,0,0,0,0,0,0,0,0,0,0,0,0,0,0,0,0,0,0,0,0,0,0,0,0,0,0,0,1,1,0,0,0,0,0,0,0,0,0,0,0,0,0,0,0,1,0,0,0,0,0,0,1,0,0,0,0,0,0,0,0,0,0,False,False,False,False,True,False,True,False,False,False,True,False,False,False,False,False,False,True,0,0,0,0,0,0,0,0,0,1,0,0,0
Combatants Will Be Dispatched!,0.486935866983373,0.40228789323164915,0.022044088176352703,0.5754716981132075,0.10256410256410256,1,0,0,0,0,0,0,0,0,0,1,0,0,0,0,0,0,0,1,0,0,0,0,0,0,0,0,0,1,0,0,0,0,0,0,0,0,0,0,0,0,0,0,0,0,0,0,0,0,0,0,0,0,0,0,0,0,0,0,0,0,0,0,0,0,0,0,0,0,0,0,0,0,0,0,0,False,False,False,False,True,False,True,False,False,False,True,False,False,False,False,False,False,True,0,0,1,0,1,0,1,0,0,0,0,0,0
Evangelion: 3.0+1.0 Thrice Upon a Time,0.8313539192399053,0.4013346043851287,0.0,0.44654088050314467,,0,0,0,0,0,1,0,0,0,0,0,0,0,0,1,0,0,0,0,0,0,0,0,0,0,0,0,0,0,0,0,0,0,0,0,0,0,1,0,0,0,0,0,0,0,0,0,0,1,0,0,0,0,0,0,1,0,0,0,0,0,0,0,0,0,0,0,1,0,0,0,0,0,0,0,0,False,False,False,False,True,False,False,False,True,True,False,False,False,False,False,False,False,False,0,0,0,0,0,1,0,0,0,0,0,0,1
Uncle from Another World,0.6365795724465559,0.40038131553860823,0.02404809619238477,0.5,0.07692307692307693,0,1,0,0,0,0,0,0,0,0,1,0,0,0,0,0,0,0,1,0,0,0,0,0,0,0,0,0,1,0,0,0,0,0,0,0,0,0,0,0,0,0,0,0,1,1,0,0,0,0,0,0,0,0,0,0,0,0,0,0,0,0,0,0,0,0,0,0,0,0,0,0,0,0,0,0,False,False,False,False,True,False,False,True,False,False,True,False,False,False,False,False,False,True,0,1,1,0,0,0,0,0,0,0,0,0,0
Platinum End,0.2232779097387172,0.39942802669208766,0.046092184368737465,0.6132075471698114,0.10256410256410256,0,0,0,0,0,0,0,0,0,0,0,0,0,0,1,0,0,0,0,0,0,0,0,0,0,0,0,0,0,0,0,0,0,0,0,0,0,0,0,0,0,0,1,0,0,0,0,0,1,0,0,0,0,0,0,0,0,0,1,0,0,0,0,0,0,1,1,1,0,0,0,0,0,0,0,0,False,False,False,False,True,True,False,False,False,False,False,True,False,False,False,False,False,True,0,0,0,0,0,0,0,0,0,0,0,0,0
Armed Girl's Machiavellism,0.42517814726840863,0.3984747378455672,0.022044088176352703,0.41823899371069184,0.20512820512820512,1,0,0,0,0,0,0,0,0,0,1,0,0,0,0,1,0,0,0,0,0,0,0,1,0,0,0,0,0,0,0,0,0,0,0,0,1,0,0,0,0,0,0,0,0,0,0,0,0,0,0,0,0,0,1,0,0,0,1,0,0,0,0,0,0,0,0,0,0,0,0,0,0,0,0,0,False,False,False,False,True,False,True,False,False,False,True,False,False,False,False,False,True,False,1,0,1,0,0,0,1,0,0,0,0,0,0
The Dangers in My Heart,0.7458432304038007,0.39752144899904673,0.022044088176352703,0.44654088050314467,0.05128205128205128,0,0,0,0,0,0,0,0,0,0,1,0,0,0,0,0,0,0,0,0,0,0,0,0,0,0,0,0,0,0,0,0,0,0,0,0,0,0,0,0,0,0,0,0,0,0,0,0,0,0,0,0,1,0,1,0,0,0,1,0,0,0,0,0,0,0,0,0,0,0,0,0,0,0,0,0,False,False,False,False,True,False,False,True,False,False,True,False,False,False,False,False,False,True,1,0,1,0,0,0,0,0,0,1,1,0,0
Infinite Stratos 2,0.3254156769596199,0.39656816015252616,0.022044088176352703,0.0,0.3076923076923077,1,0,0,0,0,0,0,0,0,0,1,0,0,0,0,1,0,0,0,0,0,0,0,1,0,0,0,0,0,0,0,0,0,0,0,0,0,0,0,0,0,0,0,0,0,0,0,0,0,0,0,0,1,0,1,1,0,0,0,0,0,0,0,0,0,0,0,0,0,0,0,0,0,0,0,0,False,False,False,False,True,True,False,False,False,False,True,False,False,False,False,False,True,False,0,0,0,0,0,0,0,0,0,0,0,0,0
Azumanga Daioh: The Animation,0.7078384798099764,0.3956148713060057,0.0501002004008016,0.5786163522012578,0.5897435897435898,0,0,0,0,0,0,0,1,0,0,1,0,0,0,0,0,0,0,0,1,0,0,0,0,0,0,0,0,0,0,0,0,0,0,0,0,0,0,0,0,0,0,0,0,0,0,0,0,0,0,0,0,0,0,1,0,0,0,0,0,0,0,0,0,0,0,0,0,0,0,0,0,0,0,0,0,False,False,False,False,True,False,False,True,False,False,False,True,False,False,False,True,False,False,1,0,0,0,0,0,0,0,1,0,0,0,0
D-Frag!,0.5724465558194776,0.39466158245948524,0.022044088176352703,0.46226415094339623,0.28205128205128205,0,0,0,0,0,0,0,0,0,0,1,0,0,0,0,0,0,0,0,0,0,0,0,0,0,0,0,0,0,0,0,0,0,0,0,0,0,0,0,0,0,0,0,0,0,0,0,0,0,0,0,0,0,0,1,0,1,0,0,0,0,0,0,1,0,0,0,0,0,0,0,0,0,0,0,0,False,False,False,False,True,False,True,False,False,False,True,False,False,False,False,False,True,False,1,0,0,0,1,0,0,0,0,0,0,0,0
Kids on the Slope,0.7624703087885984,0.39370829361296467,0.022044088176352703,0.5062893081761006,0.3333333333333333,0,0,0,0,0,0,0,0,0,0,0,0,0,0,1,0,0,0,0,0,0,0,0,0,0,1,0,0,0,0,1,0,1,0,0,0,0,0,0,0,1,0,0,0,0,0,0,0,0,0,0,0,1,0,1,0,0,0,0,0,0,0,0,0,0,0,0,0,0,0,0,0,0,0,0,0,False,False,False,False,True,False,False,True,False,False,True,False,False,False,False,False,True,False,1,0,1,0,0,0,0,0,0,0,0,0,0
Puella Magi Madoka Magica the Movie: Rebellion,0.8123515439429931,0.3927550047664442,0.0,0.3616352201257862,,0,0,0,0,0,1,0,0,0,0,0,0,0,0,1,0,0,0,0,0,0,0,0,0,0,0,0,0,0,0,0,0,0,0,0,1,0,0,0,0,0,0,0,0,0,0,0,0,1,0,0,0,0,0,0,0,0,0,0,0,0,0,0,0,0,0,0,1,0,0,0,0,0,0,0,0,False,False,False,False,True,False,False,True,False,True,False,False,False,False,False,False,False,False,0,1,0,0,0,0,0,0,0,0,0,0,0
Campione!,0.4323040380047507,0.39180171591992374,0.02404809619238477,0.5251572327044025,0.3333333333333333,1,0,0,0,0,0,0,0,0,0,1,0,0,0,0,1,0,0,0,0,0,0,0,1,0,0,0,0,0,0,0,0,0,0,0,0,0,0,0,0,0,0,1,0,0,0,0,0,0,0,0,0,1,0,0,0,0,0,0,0,0,0,0,0,0,1,0,0,0,0,0,0,0,0,0,0,False,False,False,False,True,False,True,False,False,False,True,False,False,False,False,False,True,False,1,1,1,0,0,0,1,0,0,0,0,0,0
A Certain Scientific Railgun S,0.6935866983372923,0.39084842707340317,0.046092184368737465,0.449685534591195,0.3076923076923077,1,0,0,0,0,0,0,0,0,0,0,0,0,0,0,0,0,0,1,0,0,0,0,0,0,0,0,0,0,0,0,0,0,0,0,0,0,0,0,0,0,0,0,0,0,0,0,0,0,0,0,0,0,0,0,1,0,0,0,0,0,0,0,0,1,0,0,0,0,0,1,0,0,0,0,0,False,False,False,False,True,False,False,True,False,False,False,True,False,False,False,False,True,False,1,0,0,0,0,0,0,0,0,1,0,0,0
Isekai Quartet,0.5439429928741093,0.3898951382268827,0.022044088176352703,0.2987421383647799,0.15384615384615385,0,0,0,0,0,0,0,0,0,0,1,0,0,0,0,0,0,0,1,0,0,0,0,0,0,0,0,0,1,0,0,0,0,0,0,0,0,0,0,0,0,0,0,0,0,1,0,0,0,0,0,0,0,0,0,0,0,0,0,0,0,0,0,0,0,0,0,0,0,0,0,0,0,0,0,0,False,False,False,False,True,False,True,False,False,False,True,False,False,False,False,False,True,False,1,0,1,0,1,0,0,0,1,0,0,0,0
Sailor Moon,0.6342042755344419,0.38894184938036225,0.09018036072144288,0.4591194968553459,0.8461538461538461,0,0,0,0,0,0,0,0,0,0,0,0,0,0,0,0,0,0,0,0,0,0,0,0,0,0,0,0,0,0,0,0,0,0,0,1,0,0,0,0,0,0,0,0,0,0,0,0,0,0,0,0,1,0,0,0,0,1,0,0,0,0,0,0,0,0,0,0,0,0,0,0,0,0,0,0,False,False,False,False,True,False,False,True,False,False,False,False,True,False,True,False,False,False,1,0,0,0,0,0,1,0,0,0,0,0,0
Yamada's First Time: B Gata H Kei,0.41567695961995255,0.3879885605338418,0.022044088176352703,0.5408805031446541,0.3846153846153846,0,0,0,0,0,0,0,0,0,0,1,0,0,0,0,1,0,0,0,0,0,0,0,0,0,0,0,0,0,0,0,0,0,0,0,0,0,0,0,0,0,0,0,0,0,0,0,0,0,0,0,0,1,0,1,0,1,0,0,0,0,0,0,0,0,0,0,0,0,0,0,0,0,0,0,0,False,False,False,False,True,False,True,False,False,False,True,False,False,False,False,True,False,False,1,0,1,1,0,0,0,0,0,0,0,0,0
Nausicaä of the Valley of the Wind,0.7790973871733966,0.3870352716873212,0.0,0.6069182389937108,,0,0,1,0,0,1,0,0,0,0,0,0,0,0,1,0,0,0,1,0,0,0,0,0,0,0,0,0,0,0,0,0,0,0,0,0,0,0,0,0,0,0,0,0,0,0,0,0,0,0,0,0,0,0,0,0,0,0,0,0,0,0,0,0,0,0,0,0,0,0,0,0,0,0,0,0,False,False,False,False,True,False,False,True,False,True,False,False,False,False,False,False,False,False,0,0,1,0,0,0,1,0,0,0,0,0,0
The World God Only Knows II,0.6603325415676962,0.38608198284080075,0.022044088176352703,0.44654088050314467,0.358974358974359,0,0,0,0,0,0,0,0,0,0,1,0,0,0,0,0,0,0,0,0,0,0,0,1,0,0,0,0,0,0,0,0,0,0,0,0,0,0,0,0,0,0,0,0,1,0,0,0,0,0,0,0,1,0,0,0,0,0,1,0,0,0,0,0,0,1,0,0,0,0,0,0,0,0,0,0,False,False,False,False,True,False,False,True,False,False,True,False,False,False,False,False,True,False,1,0,1,0,1,0,1,0,0,0,0,0,0
Waiting in the Summer,0.5510688836104514,0.3851286939942803,0.022044088176352703,0.5911949685534591,0.3333333333333333,0,0,0,0,0,0,0,0,0,0,0,0,0,0,1,0,0,0,0,0,0,0,0,0,0,0,0,0,0,0,0,0,1,0,0,0,0,0,0,0,0,0,0,0,0,0,0,0,0,0,0,0,1,0,0,1,0,0,0,0,0,0,0,0,0,0,0,0,0,0,0,0,0,0,0,0,False,False,False,False,True,False,True,False,False,False,True,False,False,False,False,False,True,False,1,0,0,0,0,0,0,0,1,0,0,0,0
Boarding School Juliet,0.5629453681710215,0.3841754051477597,0.022044088176352703,0.39622641509433965,0.1794871794871795,1,0,0,0,0,0,0,0,0,0,1,0,0,0,0,0,0,0,0,0,0,0,0,0,0,0,0,0,0,0,0,0,0,0,0,0,0,0,0,0,0,0,0,0,0,0,0,0,0,0,0,0,1,0,1,0,0,0,1,0,0,0,0,0,0,0,0,0,0,0,0,0,0,0,0,0,False,False,False,False,True,False,True,False,False,False,True,False,False,False,False,False,True,False,1,0,0,1,0,0,0,0,0,0,0,0,0
The Angel Next Door Spoils Me Rotten,0.6579572446555819,0.38322211630123926,0.022044088176352703,0.4811320754716981,0.05128205128205128,0,0,0,0,0,0,0,0,0,0,0,0,0,0,0,0,0,0,0,0,0,0,0,0,0,0,0,0,0,0,0,0,0,0,0,0,0,0,0,0,0,0,0,0,0,0,0,0,0,0,0,0,1,0,1,0,0,0,0,0,0,0,0,0,0,0,0,0,0,0,0,0,0,0,0,0,False,False,False,False,True,False,False,True,False,False,True,False,False,False,False,False,False,True,0,0,0,0,0,0,0,0,0,0,0,0,0
Cowboy Bebop: The Movie,0.7838479809976251,0.3822688274547188,0.0,0.4308176100628931,,1,1,0,0,0,0,0,0,0,0,0,0,0,0,0,0,0,0,0,0,0,0,0,0,0,0,0,0,0,0,0,0,0,0,0,0,0,0,0,0,0,0,0,0,0,0,0,0,0,0,0,0,0,0,0,1,0,0,0,0,0,1,0,0,0,0,0,0,0,0,0,0,0,0,0,0,False,False,False,False,True,False,False,True,False,True,False,False,False,False,False,False,False,False,0,0,1,0,0,0,0,1,0,1,0,0,0
Amagami SS,0.5201900237529691,0.3813155386081982,0.04809619238476953,0.5031446540880503,0.3846153846153846,0,0,0,0,0,0,0,0,0,0,0,0,0,0,0,0,0,0,0,0,0,0,0,0,0,0,0,0,0,0,0,0,0,0,0,0,0,0,0,0,0,0,0,0,0,0,0,0,0,0,0,0,1,0,1,0,0,0,0,0,0,0,0,0,0,0,0,0,0,0,0,0,0,0,0,0,False,False,False,False,True,False,True,False,False,False,False,True,False,False,False,True,False,False,1,0,0,1,0,0,0,1,0,0,0,0,0
Afro Samurai,0.5439429928741093,0.38036224976167776,0.008016032064128256,0.4937106918238994,0.4615384615384615,1,0,1,0,0,0,0,0,0,0,0,0,0,0,0,0,0,0,0,0,0,1,0,0,0,0,0,0,0,0,0,0,0,0,0,0,0,0,0,0,0,0,0,0,0,0,0,0,0,0,0,0,0,1,0,0,0,0,0,0,0,0,0,0,0,0,0,0,0,0,0,0,0,0,0,0,False,False,False,False,True,False,True,False,False,False,True,False,False,False,False,True,False,False,0,0,1,0,0,0,0,0,0,1,0,0,0
The Detective Is Already Dead,0.31828978622327786,0.3794089609151573,0.022044088176352703,0.5094339622641509,0.10256410256410256,0,0,0,0,0,0,0,0,0,0,1,0,0,1,0,0,0,0,0,0,0,0,0,0,0,0,0,0,0,0,0,0,0,0,0,0,0,0,0,0,0,1,0,0,0,0,0,0,0,0,0,0,1,0,0,0,0,0,0,0,0,0,0,0,0,0,0,0,0,0,0,0,0,0,0,0,False,False,False,False,True,True,False,False,False,False,True,False,False,False,False,False,False,True,0,1,0,0,0,0,0,0,0,1,0,0,0
Corpse Party: Tortured Souls,0.31591448931116406,0.37845567206863673,0.0060120240480961915,0.4748427672955975,,0,0,0,0,0,0,0,0,0,0,0,0,0,0,0,0,0,0,0,0,0,1,0,0,0,0,1,0,0,0,0,0,0,0,0,0,0,0,0,0,0,1,0,0,0,0,0,0,0,0,0,0,0,0,0,0,0,0,0,0,0,0,0,0,0,0,0,0,0,0,0,0,0,0,0,0,False,False,False,False,True,True,False,False,False,False,True,False,False,False,False,False,False,False,1,0,0,0,1,0,0,0,0,1,1,0,0
The Kawai Complex Guide to Manors and Hostel Behavior,0.6104513064133019,0.37750238322211627,0.022044088176352703,0.44025157232704404,0.28205128205128205,0,0,0,0,0,0,0,0,0,0,0,0,0,0,0,0,0,0,0,0,0,0,0,0,0,0,0,0,0,0,0,0,0,1,0,0,0,0,0,0,0,0,0,0,0,0,0,0,0,0,0,0,1,0,1,0,1,0,0,0,0,0,0,0,0,0,0,0,0,0,0,0,0,0,0,0,False,False,False,False,True,False,False,True,False,False,True,False,False,False,False,False,True,False,1,0,0,1,0,0,0,0,0,0,0,0,0
KonoSuba: God's Blessing on This Wonderful World! 2 - God's Blessing on This Wonderful Art!,0.6959619952494063,0.3765490943755958,0.0,0.3867924528301887,,0,0,1,0,0,0,0,0,0,0,1,0,0,0,0,0,0,0,1,0,0,0,0,0,0,0,0,0,1,0,0,0,0,0,0,0,0,0,0,0,0,0,0,0,0,1,0,0,0,0,0,0,0,0,0,0,0,0,0,0,0,0,0,0,0,0,0,0,0,0,0,0,0,0,0,0,False,False,False,False,True,False,False,True,False,True,False,False,False,False,False,False,False,False,0,0,0,0,0,0,1,0,0,0,0,0,0
Chaika: The Coffin Princess,0.5059382422802852,0.37559580552907534,0.022044088176352703,0.6761006289308177,0.28205128205128205,1,0,1,0,0,0,0,0,0,0,0,0,0,0,0,0,0,0,1,0,0,0,0,0,0,0,0,0,0,0,0,0,0,0,0,0,0,0,0,0,0,0,0,0,0,0,0,0,0,0,0,0,1,0,0,0,0,0,0,0,0,0,0,0,0,0,0,0,0,0,0,0,0,0,0,0,False,False,False,False,True,False,True,False,False,False,True,False,False,False,False,False,True,False,0,1,1,0,0,0,0,0,0,0,0,0,0
Blood-C,0.3444180522565321,0.37464251668255477,0.022044088176352703,0.41823899371069184,0.358974358974359,1,0,0,0,0,0,0,0,0,0,0,0,0,0,0,0,0,0,0,0,0,1,0,0,0,0,1,0,0,0,0,0,0,0,0,0,0,0,0,0,0,1,0,0,0,0,0,0,0,0,0,0,0,0,1,0,0,0,0,0,0,0,0,0,0,1,0,0,0,0,0,1,0,0,0,0,False,False,False,False,True,False,True,False,False,False,True,False,False,False,False,False,True,False,1,0,0,0,0,0,1,0,0,0,0,0,0
Goblin Slayer II,0.5059382422802852,0.3736892278360343,0.022044088176352703,0.0,0.05128205128205128,1,0,1,0,0,0,0,0,0,0,0,0,0,0,0,0,0,0,1,0,0,1,0,0,0,0,0,0,0,0,0,0,0,0,0,0,0,0,0,0,0,0,0,0,0,0,0,0,0,0,0,0,0,0,0,0,0,0,0,0,0,0,0,0,0,0,0,0,0,0,0,0,0,0,0,0,False,False,False,False,True,False,True,False,False,False,True,False,False,False,False,False,False,True,0,0,0,0,0,0,0,0,0,0,0,0,0
"More than a Married Couple, but Not Lovers.",0.5961995249406176,0.37273593898951385,0.022044088176352703,0.4025157232704403,0.07692307692307693,0,0,0,0,0,0,0,0,0,0,0,0,0,0,0,0,0,0,0,0,0,0,0,0,0,0,0,0,0,0,0,0,1,0,0,0,0,0,0,0,0,0,0,0,0,0,0,0,0,0,0,0,1,0,1,0,1,0,0,0,0,0,0,0,0,0,0,0,0,0,0,0,0,0,0,0,False,False,False,False,True,False,False,True,False,False,True,False,False,False,False,False,False,True,1,1,0,1,0,0,0,0,0,0,0,0,0
Durarara!!x2 Ketsu,0.7054631828978626,0.3717826501429933,0.022044088176352703,0.4779874213836478,0.23076923076923075,1,0,0,0,0,0,0,0,0,0,0,0,0,0,0,0,0,0,0,0,0,0,0,0,0,0,0,0,0,0,0,0,0,0,0,0,0,0,0,0,0,1,0,0,0,0,0,0,0,0,0,0,0,0,0,0,0,0,0,0,0,0,0,0,0,1,0,0,0,0,0,0,0,0,0,0,False,False,False,False,True,False,False,True,False,False,True,False,False,False,False,False,True,False,0,0,1,0,0,0,0,0,0,0,0,0,0
Whisper of the Heart,0.7458432304038007,0.3708293612964728,0.0,0.5628930817610063,,0,0,0,0,0,0,0,0,0,0,0,0,0,0,1,0,0,0,0,0,0,0,0,0,0,0,0,0,0,0,0,0,0,0,0,0,0,0,0,0,0,0,0,0,0,0,0,0,0,0,0,0,1,0,0,0,0,1,0,0,0,0,0,0,0,0,0,0,0,0,0,0,0,0,0,0,False,False,False,False,True,False,False,True,False,True,False,False,False,False,False,False,False,False,0,0,1,0,0,1,0,0,0,0,0,0,0
BNA: Brand New Animal,0.5368171021377672,0.36987607244995235,0.022044088176352703,0.4371069182389937,0.1282051282051282,1,0,0,1,0,0,0,0,0,0,0,0,0,0,0,0,0,0,1,0,0,0,0,0,0,0,0,0,0,0,0,0,0,0,0,0,0,0,0,0,0,0,0,0,0,0,0,0,0,0,0,0,0,0,0,0,0,0,0,0,0,0,0,0,0,0,0,0,0,0,1,0,0,0,0,0,False,False,False,False,True,False,True,False,False,False,True,False,False,False,False,False,True,False,0,0,0,0,0,0,0,0,0,0,0,0,0
Dr. Stone: New World Part 2,0.7672209026128267,0.3689227836034318,0.02004008016032064,0.4371069182389937,0.05128205128205128,0,0,1,0,0,0,0,0,0,0,1,0,0,0,0,0,0,0,0,0,0,0,0,0,0,0,0,0,0,0,0,0,0,0,0,0,0,0,0,0,0,0,0,0,0,0,0,0,0,0,0,0,0,0,0,1,0,0,1,0,0,0,0,0,0,0,0,0,0,0,0,0,0,0,0,0,False,False,False,False,True,False,False,True,False,False,True,False,False,False,False,False,False,True,0,0,1,0,0,0,1,0,0,0,0,0,0
Is It Wrong to Try to Pick Up Girls in a Dungeon? IV,0.6318289786223279,0.3679694947569113,0.02004008016032064,0.2861635220125786,0.07692307692307693,1,0,1,0,0,0,0,0,0,0,0,0,0,0,0,0,0,0,1,0,0,0,0,0,0,0,0,0,0,0,0,0,0,0,0,0,0,0,0,0,0,0,0,0,0,0,0,0,0,0,0,0,0,0,0,0,0,0,0,0,0,0,0,0,0,0,0,0,0,0,0,0,0,0,0,0,False,False,False,False,True,False,False,True,False,False,True,False,False,False,False,False,False,True,0,0,0,0,0,0,0,0,0,1,0,0,0
The Misfit of Demon King Academy Ⅱ,0.41805225653206657,0.36701620591039086,0.022044088176352703,0.4559748427672956,0.05128205128205128,1,0,0,0,0,0,0,0,0,0,0,0,0,0,0,0,0,0,1,0,0,0,0,0,0,0,0,0,0,0,0,0,0,0,0,0,0,0,0,0,0,0,0,0,0,0,0,0,0,0,1,0,0,0,1,0,0,0,0,0,0,0,0,0,0,0,0,0,0,0,0,0,0,0,0,0,False,False,False,False,True,False,True,False,False,False,True,False,False,False,False,False,False,True,1,0,0,0,1,0,0,0,0,1,0,0,0
Blood+,0.5985748218527316,0.3660629170638703,0.09819639278557113,0.4748427672955975,0.5128205128205128,1,0,0,0,0,0,0,0,0,0,0,0,0,0,1,0,0,0,0,0,0,1,0,0,0,0,1,0,0,0,0,0,0,0,0,0,0,0,0,1,0,1,0,0,0,0,0,0,0,0,0,0,0,0,0,0,0,0,0,0,0,0,0,0,0,1,0,0,0,0,0,1,0,0,0,0,False,False,False,False,True,False,False,True,False,False,False,False,True,False,False,True,False,False,1,0,0,0,0,0,0,0,0,0,0,0,0
The Heroic Legend of Arslan,0.6104513064133019,0.3651096282173498,0.04809619238476953,0.6981132075471699,0.2564102564102564,1,0,1,0,0,0,0,0,0,0,0,0,0,0,1,0,0,0,1,0,0,0,0,0,0,1,0,0,0,0,0,0,0,0,0,0,0,0,0,1,0,0,0,0,0,0,0,0,0,0,0,0,0,0,0,0,0,0,1,0,0,0,0,0,0,0,0,0,0,0,0,0,0,0,0,0,False,False,False,False,True,False,False,True,False,False,False,True,False,False,False,False,True,False,0,0,1,0,0,0,1,0,0,0,0,0,1
Hundred,0.2897862232779098,0.36415633937082936,0.022044088176352703,0.33333333333333337,0.23076923076923075,1,0,0,0,0,0,0,0,0,0,0,0,0,0,0,1,0,0,0,0,0,0,0,1,0,0,0,0,0,0,0,0,0,0,0,0,0,0,0,0,0,0,0,0,0,0,0,0,0,0,0,0,1,0,1,1,0,0,0,0,0,0,0,0,0,0,0,0,0,0,0,0,0,0,0,0,False,False,False,False,True,True,False,False,False,False,True,False,False,False,False,False,True,False,1,0,1,0,0,0,0,1,0,0,0,0,0
Saekano: How to Raise a Boring Girlfriend .flat,0.6365795724465559,0.3632030505243089,0.02004008016032064,0.39937106918238996,0.20512820512820512,0,0,0,0,0,0,0,0,0,0,1,0,0,0,0,1,0,0,0,0,0,0,0,1,0,0,0,0,0,0,0,0,0,0,0,0,0,0,0,0,0,0,0,0,1,0,0,0,0,0,0,0,1,0,1,0,0,0,0,0,0,0,0,0,0,0,0,0,0,0,0,0,0,0,0,0,False,False,False,False,True,False,False,True,False,False,True,False,False,False,False,False,True,False,0,0,1,0,0,1,0,1,0,0,0,0,0
Fate/stay night: Heaven's Feel - III. Spring Song,0.8456057007125894,0.36224976167778833,0.0,0.4056603773584906,,1,0,0,0,0,0,0,0,0,0,0,0,0,0,0,0,0,0,1,0,0,0,0,0,0,0,0,0,0,0,0,0,0,0,0,0,0,0,0,0,0,0,0,0,0,0,0,0,0,0,0,0,0,0,0,0,0,0,0,0,0,0,0,0,0,0,0,0,0,0,1,0,0,0,0,0,False,False,False,False,True,False,False,False,True,True,False,False,False,False,False,False,False,False,0,0,1,0,0,0,0,0,0,0,0,0,0
Is This a Zombie? of the Dead,0.5676959619952495,0.36129647283126787,0.018036072144288578,0.1918238993710692,0.3333333333333333,1,0,0,0,0,0,0,0,0,0,1,0,0,0,0,1,0,0,1,0,0,0,0,1,0,0,0,0,0,0,0,0,0,0,0,0,0,0,0,0,0,0,0,0,0,0,0,0,0,0,0,0,0,0,0,0,0,0,0,0,0,0,0,0,0,0,0,0,0,0,1,1,0,0,0,0,False,False,False,False,True,False,True,False,False,False,True,False,False,False,False,False,True,False,0,0,0,1,0,0,0,0,0,0,0,0,0
Love Tyrant,0.36104513064133004,0.3603431839847474,0.022044088176352703,0.9245283018867925,0.20512820512820512,0,0,0,0,0,0,0,0,0,0,1,0,0,0,0,0,0,0,0,0,0,0,0,1,0,0,0,0,0,0,0,0,0,0,0,0,0,0,0,0,0,0,0,0,0,0,0,0,0,0,0,0,1,0,1,0,0,0,0,0,0,0,0,0,0,1,0,0,0,0,0,0,0,0,0,0,False,False,False,False,True,False,True,False,False,False,True,False,False,False,False,False,True,False,0,0,0,1,0,0,0,1,0,0,0,0,0
Aria the Scarlet Ammo,0.4014251781472684,0.35938989513822683,0.022044088176352703,0.39937106918238996,0.358974358974359,1,0,0,0,0,0,0,0,0,0,1,0,0,0,0,1,0,0,0,0,0,0,0,1,0,0,0,0,0,0,0,0,0,0,0,0,0,0,0,0,0,0,0,0,0,0,0,0,0,0,0,0,1,0,1,0,0,0,0,0,0,0,0,0,0,0,0,0,0,0,0,0,0,0,0,0,False,False,False,False,True,False,True,False,False,False,True,False,False,False,False,False,True,False,1,0,0,0,0,0,0,0,0,1,1,0,0
Jormungand,0.643705463182898,0.35843660629170637,0.022044088176352703,0.5062893081761006,0.3333333333333333,1,1,1,0,0,0,0,0,0,0,0,0,0,0,0,0,0,0,0,0,0,0,0,0,0,0,0,0,0,0,0,0,0,0,0,0,0,0,0,1,0,0,0,1,0,0,0,0,0,0,0,0,0,0,0,0,1,0,0,0,0,0,0,0,0,0,0,0,0,0,0,0,0,0,0,0,False,False,False,False,True,False,False,True,False,False,True,False,False,False,False,False,True,False,0,0,1,0,0,0,0,0,0,0,0,0,0
To LOVE Ru Darkness,0.5510688836104514,0.3574833174451859,0.022044088176352703,0.550314465408805,0.3333333333333333,0,0,0,0,0,0,0,0,0,0,1,0,0,0,0,1,0,0,0,0,0,0,0,1,0,0,0,0,0,0,0,0,0,0,0,0,0,0,0,0,0,0,0,0,0,0,0,0,0,0,0,0,1,0,1,1,0,0,1,0,0,0,0,0,0,0,0,0,0,0,0,0,0,0,0,0,False,False,False,False,True,False,True,False,False,False,True,False,False,False,False,False,True,False,1,0,1,0,1,0,0,0,0,0,0,0,0
Berserk (2016),0.2992874109263657,0.35653002859866534,0.022044088176352703,0.3836477987421384,0.23076923076923075,1,0,1,0,0,0,0,0,0,0,0,0,0,0,1,0,0,0,1,0,0,1,0,0,0,0,1,0,0,0,0,0,0,0,0,0,0,0,0,1,0,0,0,0,0,0,0,0,1,0,0,0,0,0,0,0,1,0,0,0,0,0,0,0,0,0,0,0,0,0,0,0,0,0,0,0,False,False,False,False,True,True,False,False,False,False,True,False,False,False,False,False,True,False,0,0,0,0,1,0,1,0,0,0,0,0,0
The King's Avatar,0.6603325415676962,0.3555767397521449,0.022044088176352703,0.4968553459119497,,1,0,0,0,0,0,0,0,0,0,0,0,0,0,0,0,0,0,0,0,0,0,0,0,0,0,0,0,0,0,0,0,0,0,0,0,0,0,0,0,0,0,0,0,0,0,0,0,0,0,0,0,0,0,0,0,0,0,0,0,0,0,0,0,0,0,0,0,0,0,0,0,1,0,0,0,False,False,False,False,True,False,False,True,False,False,True,False,False,False,False,False,False,False,0,0,0,0,0,0,0,1,0,0,0,0,0
My Dress-Up Darling Season 2,0.7482185273159148,0.3546234509056244,0.022044088176352703,0.39308176100628933,0.0,0,0,0,0,0,0,0,0,0,0,0,0,0,0,0,0,0,0,0,0,0,0,0,0,0,0,0,0,0,0,0,0,0,0,0,0,0,0,0,0,0,0,0,0,1,0,0,0,0,0,0,0,1,0,1,0,1,0,0,0,0,0,0,0,0,0,0,0,0,0,0,0,0,0,0,0,False,False,False,False,True,False,False,True,False,False,True,False,False,False,False,False,False,True,0,0,0,1,0,0,0,0,0,0,0,0,0
The Irregular at Magic High School: Visitor Arc,0.5201900237529691,0.35367016205910384,0.02404809619238477,0.5251572327044025,0.1282051282051282,1,0,0,0,0,0,0,0,0,0,0,0,0,0,0,0,0,0,1,0,0,0,0,0,0,0,0,0,0,0,0,0,0,0,0,0,0,0,0,0,0,0,0,0,0,0,0,0,0,0,0,0,1,0,1,1,0,0,0,0,0,0,0,0,0,0,0,0,0,0,1,0,0,0,0,0,False,False,False,False,True,False,True,False,False,False,True,False,False,False,False,False,True,False,1,1,0,0,1,0,0,0,0,0,0,0,0
Girls' Last Tour,0.7482185273159148,0.3527168732125834,0.022044088176352703,0.4528301886792453,0.20512820512820512,0,0,1,0,0,0,0,0,0,0,0,0,0,0,0,0,0,0,0,0,0,0,0,0,0,0,0,0,0,1,0,0,0,0,0,0,0,0,0,0,0,1,0,0,0,0,0,0,0,0,0,0,0,0,0,1,0,0,0,0,1,0,0,0,0,0,0,0,0,0,0,0,0,0,0,0,False,False,False,False,True,False,False,True,False,False,True,False,False,False,False,False,True,False,0,0,1,0,0,0,1,0,0,0,0,0,0
Lord Marksman and Vanadis,0.4774346793349169,0.3517635843660629,0.02404809619238477,0.4559748427672956,0.28205128205128205,1,0,1,0,0,0,0,0,0,0,0,0,0,0,0,1,0,0,1,0,0,0,0,1,0,0,0,0,0,0,0,0,0,0,0,0,0,0,0,1,0,0,0,0,0,0,0,0,0,0,0,0,0,0,0,0,0,0,0,0,0,0,0,0,0,0,0,0,0,0,0,0,0,0,0,0,False,False,False,False,True,False,True,False,False,False,True,False,False,False,False,False,True,False,0,0,1,0,0,0,1,0,0,0,0,0,0
"Science Fell in Love, So I Tried to Prove It",0.5368171021377672,0.35081029551954246,0.022044088176352703,0.6163522012578617,0.1282051282051282,0,1,0,0,0,0,0,0,0,0,1,0,0,0,0,0,0,0,0,0,0,0,0,0,0,0,0,0,0,0,0,0,0,0,0,0,0,0,0,0,0,0,0,0,0,0,0,0,0,0,0,0,1,0,0,0,0,0,0,0,0,0,0,0,0,0,0,0,0,0,0,0,0,0,0,0,False,False,False,False,True,False,True,False,False,False,True,False,False,False,False,False,True,False,0,0,1,1,1,0,1,0,0,1,0,0,0
The Secret World of Arrietty,0.6698337292161523,0.3498570066730219,0.0,0.5188679245283019,,0,0,0,0,0,1,0,0,0,0,0,0,0,0,0,0,0,0,0,0,0,0,0,0,0,0,0,0,0,0,0,0,0,0,0,0,0,0,0,0,0,0,0,0,0,0,0,0,0,0,0,0,0,0,0,0,0,0,0,0,0,0,0,0,0,1,0,0,0,0,0,0,0,0,0,0,False,False,False,False,True,False,False,True,False,True,False,False,False,False,False,False,False,False,0,0,1,0,0,0,0,0,0,0,0,0,0
Space Dandy,0.667458432304038,0.3489037178265014,0.02404809619238477,0.34905660377358494,0.28205128205128205,0,1,0,0,0,0,0,0,0,0,1,0,0,0,0,0,0,0,0,0,0,0,0,0,0,0,0,0,0,0,0,0,0,0,0,0,0,0,0,0,0,0,0,0,0,0,0,0,0,0,0,0,0,0,0,1,0,0,0,0,0,1,0,0,0,0,0,0,0,0,0,0,0,0,0,0,False,False,False,False,True,False,False,True,False,False,True,False,False,False,False,False,True,False,0,0,0,1,0,1,0,0,0,0,0,0,0
Snow White with the Red Hair 2,0.6864608076009502,0.34795042897998096,0.022044088176352703,0.3805031446540881,0.23076923076923075,0,0,0,0,0,0,0,0,0,0,0,0,0,0,1,0,0,0,0,0,0,0,0,0,0,0,0,0,0,0,0,0,0,0,0,0,0,0,1,0,0,0,0,0,0,0,0,0,0,0,0,0,1,0,0,0,0,1,0,0,0,0,0,0,0,0,0,0,0,0,0,0,0,0,0,0,False,False,False,False,True,False,False,True,False,False,True,False,False,False,False,False,True,False,0,0,0,1,0,0,0,0,0,0,0,0,0
Kaiji: Ultimate Survivor,0.7553444180522566,0.3469971401334604,0.0501002004008016,0.44654088050314467,0.4615384615384615,0,1,0,0,0,0,0,0,0,0,0,0,0,0,0,0,0,0,0,0,0,0,0,0,1,0,0,0,0,0,0,0,0,0,0,0,0,0,0,0,0,0,0,0,0,0,0,0,1,0,0,0,0,0,0,0,1,0,0,0,0,0,0,1,0,0,0,1,0,0,0,0,0,0,0,0,False,False,False,False,True,False,False,True,False,False,False,True,False,False,False,True,False,False,0,0,0,0,0,1,0,1,0,0,0,0,0
The Daily Life of the Immortal King,0.5320665083135394,0.34604385128693993,0.028056112224448898,0.2861635220125786,,0,0,1,0,0,0,0,0,0,0,1,0,0,0,0,0,0,0,1,0,0,0,0,0,0,0,0,0,0,0,0,0,0,0,0,0,0,0,0,0,0,0,0,0,0,0,0,0,0,0,0,0,0,0,1,0,0,0,0,0,0,0,0,0,0,0,0,0,0,0,0,0,0,0,0,0,False,False,False,False,True,False,True,False,False,False,False,True,False,False,False,False,False,False,1,0,0,0,1,0,0,0,0,0,0,0,0
Aharen-san wa Hakarenai,0.5201900237529691,0.34509056244041947,0.022044088176352703,0.35534591194968557,0.07692307692307693,0,0,0,0,0,0,0,0,0,0,1,0,0,0,0,0,0,0,0,0,0,0,0,0,0,0,0,0,0,0,0,0,0,1,0,0,0,0,0,0,0,0,0,0,0,0,0,0,0,0,0,0,1,0,1,0,0,0,1,0,0,0,0,0,0,0,0,0,0,0,0,0,0,0,0,0,False,False,False,False,True,False,True,False,False,False,True,False,False,False,False,False,False,True,1,0,1,0,0,1,0,0,0,0,0,0,0
Baka & Test – Summon the Beasts 2,0.6128266033254157,0.3441372735938989,0.02404809619238477,0.30817610062893086,0.358974358974359,0,0,0,0,0,0,0,0,0,0,1,0,0,0,0,0,0,0,0,0,0,0,0,0,0,0,0,0,0,0,0,0,1,0,0,0,0,0,0,0,0,0,0,0,0,0,0,0,0,0,0,0,1,0,1,0,0,0,0,0,0,0,0,0,1,0,0,0,0,0,0,0,0,0,0,0,False,False,False,False,True,False,False,True,False,False,True,False,False,False,False,False,True,False,1,0,0,0,0,0,0,0,0,0,0,0,0
Bleach: Thousand-Year Blood War - The Separation,0.8598574821852731,0.34318398474737843,0.02404809619238477,0.4716981132075472,0.05128205128205128,1,0,1,0,0,0,0,0,0,0,0,0,0,0,0,0,0,0,0,0,0,0,0,0,0,0,0,0,0,0,0,0,0,0,0,0,0,0,0,0,0,0,0,0,0,0,0,0,0,0,0,0,0,0,0,0,0,0,1,0,0,0,0,0,0,1,0,0,0,0,0,0,0,0,0,0,False,False,False,False,True,False,False,False,True,False,True,False,False,False,False,False,False,True,0,0,1,0,0,0,0,1,0,0,0,0,1
"Why the Hell are You Here, Teacher!?",0.334916864608076,0.342230695900858,0.022044088176352703,0.33018867924528306,0.15384615384615385,0,0,0,0,0,0,0,0,0,0,1,0,0,0,0,1,0,0,0,0,0,0,0,0,0,0,0,0,0,0,0,0,0,0,0,0,0,0,0,0,0,0,0,0,0,0,0,0,0,0,0,0,0,0,1,0,1,0,0,0,0,0,0,0,0,0,0,0,0,0,0,0,0,0,0,0,False,False,False,False,True,True,False,False,False,False,True,False,False,False,False,False,True,False,1,0,0,0,1,0,0,0,1,0,0,0,0
Special A (S.A),0.5748218527315916,0.3412774070543374,0.046092184368737465,0.46540880503144655,0.4358974358974359,0,0,0,0,0,0,0,0,0,0,1,0,0,0,0,0,0,0,0,0,0,0,0,0,0,0,0,0,0,0,0,0,0,0,0,0,0,0,0,0,0,0,0,0,0,0,0,0,0,0,0,0,1,0,1,0,0,1,0,0,0,0,0,0,0,0,0,0,0,0,0,0,0,0,0,0,False,False,False,False,True,False,True,False,False,False,False,True,False,False,False,True,False,False,1,0,0,0,0,0,0,1,0,0,0,0,0
Blade Dance of the Elementalers,0.37292161520190037,0.34032411820781694,0.022044088176352703,0.5628930817610063,0.28205128205128205,1,0,0,0,0,0,0,0,0,0,1,0,0,0,0,1,0,0,1,0,0,0,0,1,0,0,0,0,0,0,0,0,0,0,0,0,0,0,0,0,0,0,0,0,0,0,0,0,0,0,0,0,1,0,1,0,0,0,0,0,0,0,0,0,0,0,0,0,0,0,0,0,0,0,0,0,False,False,False,False,True,False,True,False,False,False,True,False,False,False,False,False,True,False,1,0,0,0,1,0,1,1,0,0,0,0,1
Vampire Knight Guilty,0.47030878859857483,0.3393708293612965,0.02404809619238477,0.33018867924528306,0.4358974358974359,0,0,0,0,0,0,0,0,0,0,0,0,0,0,1,0,0,0,0,0,0,0,0,0,0,0,0,0,0,0,0,0,1,0,0,0,0,0,0,0,0,1,0,0,0,0,0,0,0,0,0,0,1,0,0,0,0,1,0,0,0,0,0,0,0,1,0,0,0,0,0,1,0,0,0,0,False,False,False,False,True,False,True,False,False,False,True,False,False,False,False,True,False,False,1,0,1,0,1,0,0,0,0,0,0,0,0
Shaman King,0.6294536817102139,0.338417540514776,0.12625250501002003,0.5691823899371069,0.6153846153846154,1,0,1,0,0,0,0,0,0,0,0,0,0,0,0,0,0,0,0,0,0,0,0,0,0,0,0,0,0,0,0,0,0,0,0,0,0,0,0,0,0,0,0,0,0,0,0,0,0,0,0,0,0,0,0,0,0,0,1,0,0,0,0,0,0,1,0,0,0,0,0,0,0,0,0,0,False,False,False,False,True,False,False,True,False,False,False,False,False,True,False,True,False,False,0,0,0,0,1,0,0,1,0,0,1,0,0
Hell Girl,0.5985748218527316,0.33746425166825544,0.0501002004008016,0.4088050314465409,0.5128205128205128,0,0,0,0,0,0,0,0,0,0,0,0,0,0,0,0,0,0,0,0,0,0,0,0,0,0,1,0,0,0,0,0,0,0,0,0,0,0,0,0,0,1,0,0,0,0,0,0,1,0,0,0,0,0,0,0,0,0,0,0,0,0,0,0,0,1,0,1,0,0,0,0,0,0,0,0,False,False,False,False,True,False,False,True,False,False,False,True,False,False,False,True,False,False,0,0,0,0,0,0,1,0,0,0,0,0,0
Outbreak Company,0.49406175771971506,0.336510962821735,0.022044088176352703,0.4025157232704403,0.3076923076923077,0,0,0,0,0,0,0,0,0,0,1,0,0,0,0,0,0,0,1,0,0,0,0,1,0,0,0,0,1,0,0,0,0,0,0,0,0,0,0,0,0,0,0,0,1,1,0,0,0,0,0,0,0,0,0,0,0,0,0,0,0,0,0,0,0,0,0,0,0,0,0,0,0,0,0,0,False,False,False,False,True,False,True,False,False,False,True,False,False,False,False,False,True,False,0,0,1,0,0,0,1,0,0,0,0,0,0
Gantz,0.44893111638954863,0.3355576739752145,0.02404809619238477,0.4748427672955975,0.5384615384615384,1,0,0,0,0,0,0,0,0,0,0,0,0,0,1,0,0,0,0,0,0,1,0,0,1,0,1,0,0,0,0,0,0,0,0,0,0,0,0,0,0,0,0,0,0,0,0,0,1,0,0,0,0,0,0,1,1,0,0,0,0,0,0,0,0,0,1,1,0,0,0,0,0,0,0,0,False,False,False,False,True,False,True,False,False,False,True,False,False,False,False,True,False,False,0,0,0,0,0,1,0,1,0,0,0,0,0
The Helpful Fox Senko-san,0.5296912114014252,0.33460438512869395,0.022044088176352703,0.3207547169811321,0.15384615384615385,0,0,0,0,0,0,0,0,0,0,0,0,0,0,0,0,0,0,0,0,0,0,0,0,0,0,0,0,0,1,0,0,0,0,0,0,0,0,0,0,0,0,0,0,0,0,0,0,0,0,0,0,0,0,0,0,0,0,0,0,1,0,0,0,0,1,0,0,0,0,0,0,0,0,0,0,False,False,False,False,True,False,True,False,False,False,True,False,False,False,False,False,True,False,0,0,0,0,0,0,0,0,0,0,0,0,0
"Banished From The Hero's Party, I Decided To Live A Quiet Life In The Countryside",0.43705463182897875,0.3336510962821735,0.02404809619238477,0.46855345911949686,0.10256410256410256,0,0,0,0,0,0,0,0,0,0,0,0,0,0,0,0,0,0,1,0,0,0,0,0,0,0,0,0,0,0,0,0,0,0,0,0,0,0,0,0,0,0,0,0,0,0,0,0,0,0,0,0,1,0,0,0,0,0,0,0,0,0,0,0,0,0,0,0,0,0,0,0,0,0,0,0,False,False,False,False,True,False,True,False,False,False,True,False,False,False,False,False,False,True,0,0,1,0,1,0,0,0,0,0,0,0,0
KonoSuba: An Explosion on This Wonderful World!,0.5771971496437054,0.332697807435653,0.022044088176352703,0.44654088050314467,0.05128205128205128,0,0,0,0,0,0,0,0,0,0,1,0,0,0,0,0,0,0,1,0,0,0,0,0,0,0,0,0,0,0,0,0,0,0,0,0,0,0,0,0,0,0,0,0,0,0,0,0,0,0,0,0,0,0,0,0,0,0,0,0,0,0,0,0,0,0,0,0,0,0,0,0,0,0,0,0,False,False,False,False,True,False,False,True,False,False,True,False,False,False,False,False,False,True,1,1,0,0,1,0,0,0,0,0,0,0,0
The Wind Rises,0.7244655581947745,0.33174451858913245,0.0,0.5283018867924528,,0,0,0,0,0,1,0,0,0,0,0,0,0,0,1,0,0,0,0,0,0,0,0,0,0,1,0,0,0,0,0,0,0,0,0,0,0,0,0,0,0,0,0,0,0,0,0,0,0,0,0,0,1,0,0,0,0,0,0,0,0,0,0,0,0,0,0,0,0,0,0,0,0,0,0,0,False,False,False,False,True,False,False,True,False,True,False,False,False,False,False,False,False,False,0,0,1,0,0,0,1,0,0,0,0,0,0
One-Punch Man Season 3,0.24940617577197144,0.330791229742612,0.022044088176352703,0.0,0.0,1,1,0,0,0,0,0,0,0,0,1,0,0,0,0,0,0,0,0,0,0,0,0,0,0,0,0,0,0,0,0,0,0,0,0,0,0,0,0,0,0,0,0,0,0,1,0,0,0,0,0,0,0,0,0,0,1,0,0,0,0,0,0,0,1,0,0,0,0,0,0,0,0,0,0,0,False,False,False,False,True,True,False,False,False,False,False,False,False,False,False,False,False,True,0,0,0,0,0,0,0,0,0,0,0,0,0
Danganronpa 3: The End of Hope's Peak High School - Future Arc,0.5059382422802852,0.32983794089609153,0.022044088176352703,0.5471698113207547,0.23076923076923075,1,0,0,0,0,0,0,0,0,0,0,0,0,0,0,0,0,0,0,0,0,0,0,0,1,0,1,0,0,0,0,0,0,0,0,0,0,0,0,0,0,1,0,0,0,0,0,0,1,0,0,0,0,0,0,0,0,0,0,0,0,0,0,0,0,0,1,1,0,0,0,0,0,0,0,0,False,False,False,False,True,False,True,False,False,False,True,False,False,False,False,False,True,False,1,0,0,0,0,1,1,0,0,1,1,0,0
Bloom Into You,0.665083135391924,0.32888465204957096,0.02404809619238477,0.5094339622641509,0.1794871794871795,0,0,0,0,0,0,0,0,0,0,0,0,0,0,1,0,0,0,0,0,1,0,0,0,0,0,0,0,0,0,0,0,0,0,0,0,0,0,0,0,0,0,0,0,0,0,0,0,0,0,0,0,0,0,1,0,0,0,0,0,0,0,0,0,0,0,0,0,0,0,0,0,0,0,0,0,False,False,False,False,True,False,False,True,False,False,True,False,False,False,False,False,True,False,1,0,0,1,1,0,0,0,0,0,0,0,0
Remake Our Life!,0.5486935866983373,0.3279313632030505,0.022044088176352703,0.619496855345912,0.10256410256410256,0,1,0,0,0,0,0,0,0,0,0,0,0,0,1,0,0,0,0,0,0,0,0,0,0,0,0,0,0,0,0,0,0,0,0,0,0,0,0,0,0,0,0,0,0,0,0,0,0,0,0,0,1,0,0,0,0,0,0,0,0,0,0,0,0,0,0,0,0,1,0,0,0,0,0,0,False,False,False,False,True,False,True,False,False,False,True,False,False,False,False,False,False,True,1,0,1,0,0,1,0,0,0,0,0,0,0
Naruto Shippuden the Movie 6: Road to Ninja,0.6199524940617578,0.32697807435653004,0.0,0.5786163522012578,,1,0,1,0,0,0,0,0,0,0,0,0,0,0,0,0,0,0,1,0,0,0,0,0,0,0,0,0,1,0,0,0,0,0,0,0,0,0,0,0,0,0,0,0,0,0,0,0,0,0,0,0,0,0,0,0,0,0,1,0,0,0,0,0,0,0,0,0,0,0,0,0,0,0,0,0,False,False,False,False,True,False,False,True,False,True,False,False,False,False,False,False,False,False,0,0,0,0,0,0,0,0,0,0,0,0,0
The Slime Diaries,0.5961995249406176,0.3260247855100096,0.022044088176352703,0.15094339622641512,0.10256410256410256,0,0,0,0,0,0,0,0,0,0,1,0,0,0,0,0,0,0,1,0,0,0,0,0,0,0,0,0,1,0,0,0,0,0,0,0,0,0,0,0,0,0,0,0,0,0,0,0,0,0,1,0,0,0,0,0,0,0,1,0,0,0,0,0,0,0,0,0,0,0,0,0,0,0,0,0,False,False,False,False,True,False,False,True,False,False,True,False,False,False,False,False,False,True,0,0,0,0,0,0,1,0,0,0,0,0,0
Case Closed,0.7363420427553444,0.325071496663489,0.022044088176352703,0.5408805031446541,0.7435897435897436,0,0,1,0,0,0,0,0,0,0,1,0,0,1,0,0,0,0,0,0,0,0,0,0,0,0,0,0,0,0,0,0,0,0,0,0,0,0,0,0,0,1,0,0,0,0,0,0,0,0,0,0,0,0,0,0,0,0,1,0,0,0,0,0,0,0,0,0,0,0,0,0,0,0,0,0,False,False,False,False,True,False,False,True,False,False,False,False,False,False,True,False,False,False,1,0,0,0,0,0,0,0,0,1,0,0,1
Nyaruko: Crawling With Love!,0.44893111638954863,0.32411820781696854,0.022044088176352703,0.5220125786163522,0.3333333333333333,0,0,0,0,0,0,0,0,0,0,1,0,0,0,0,0,0,0,0,0,0,0,0,0,0,0,0,0,0,0,0,0,0,0,0,0,0,0,0,0,0,0,0,0,0,1,0,0,0,0,0,0,0,0,0,1,0,0,0,0,0,0,0,0,0,0,0,0,0,0,0,0,0,0,0,0,False,False,False,False,True,False,True,False,False,False,True,False,False,False,False,False,True,False,1,0,0,0,0,1,0,0,0,0,1,0,0
School Babysitters,0.6698337292161523,0.3231649189704481,0.022044088176352703,0.4748427672955975,0.1794871794871795,0,0,0,0,0,0,0,0,1,0,0,0,0,0,0,0,0,0,0,0,0,0,0,0,0,0,0,0,0,1,0,0,0,0,0,0,0,0,0,0,0,0,0,0,0,0,0,0,0,0,0,0,0,0,1,0,0,1,0,0,1,0,0,0,0,0,0,0,0,0,0,0,0,0,0,0,False,False,False,False,True,False,False,True,False,False,True,False,False,False,False,False,True,False,1,0,0,0,0,0,0,0,0,0,0,0,0
Arakawa Under the Bridge,0.5890736342042755,0.3222116301239275,0.02404809619238477,0.46226415094339623,0.3846153846153846,0,1,0,0,0,0,0,0,0,0,1,0,0,0,0,0,0,0,0,0,0,0,0,0,0,0,0,0,0,0,0,0,0,0,0,0,0,0,0,0,0,0,0,0,0,0,0,0,0,0,0,0,1,0,0,0,1,0,0,0,0,0,0,0,0,0,0,0,0,0,0,0,0,0,0,0,False,False,False,False,True,False,False,True,False,False,True,False,False,False,False,True,False,False,0,0,0,0,0,0,0,0,0,0,0,0,0
High-Rise Invasion,0.3800475059382422,0.32125834127740704,0.022044088176352703,0.4025157232704403,,1,0,0,0,0,0,0,0,0,0,0,0,0,0,0,0,0,0,0,0,0,1,0,0,0,0,1,0,0,0,0,0,0,0,0,0,0,0,0,0,0,1,0,0,0,0,0,0,0,0,0,0,0,0,0,0,0,0,0,0,0,0,0,0,0,0,1,1,0,0,0,0,0,0,0,0,False,False,False,False,True,False,True,False,False,False,True,False,False,False,False,False,False,False,0,0,0,0,0,0,1,0,0,1,1,0,0
My Senpai is Annoying,0.5843230403800477,0.3203050524308866,0.022044088176352703,0.2830188679245283,0.10256410256410256,0,1,0,0,0,0,0,0,0,0,1,0,0,0,0,0,0,0,0,0,0,0,0,0,0,0,0,0,0,0,0,0,0,1,0,0,0,0,0,0,0,0,0,0,0,0,0,0,0,0,0,0,1,0,0,0,0,0,0,0,0,0,0,0,0,0,0,0,0,0,0,0,0,0,0,1,False,False,False,False,True,False,False,True,False,False,True,False,False,False,False,False,False,True,0,0,0,0,0,0,0,0,0,0,0,0,0
The Future Diary: Redial,0.5225653206650833,0.319351763584366,0.0,0.449685534591195,,0,0,0,0,0,0,0,0,0,0,0,0,0,0,0,0,0,0,0,0,0,0,0,0,0,0,0,0,0,0,0,0,0,0,0,0,0,0,0,0,0,0,0,0,0,0,0,0,1,0,0,0,0,0,0,0,0,0,1,0,0,0,0,0,0,1,0,1,0,0,0,0,0,0,0,0,False,False,False,False,True,False,True,False,False,True,False,False,False,False,False,False,False,False,1,0,0,0,0,0,0,0,0,0,0,0,0
Diabolik Lovers,0.02375296912114,0.31839847473784555,0.022044088176352703,0.4371069182389937,0.3076923076923077,0,0,0,0,0,0,0,0,0,0,0,0,0,0,1,0,0,0,0,0,0,0,0,0,0,0,0,0,0,0,1,0,0,0,0,0,0,0,0,0,0,0,0,0,0,0,0,0,0,0,0,1,0,0,1,0,0,0,0,0,0,0,0,0,0,1,0,0,0,0,0,1,0,0,0,0,False,False,False,False,True,True,False,False,False,False,True,False,False,False,False,False,True,False,0,0,0,0,1,0,1,0,0,0,0,0,0
Talentless Nana,0.4964370546318291,0.3164918970448045,0.02404809619238477,0.35534591194968557,0.1282051282051282,0,0,0,0,0,0,0,0,0,0,0,0,0,0,0,0,0,0,0,0,0,0,0,0,0,0,0,0,0,0,0,0,0,0,0,0,0,0,0,0,0,0,0,0,0,0,0,0,1,0,0,0,0,0,0,0,0,0,1,0,0,0,0,0,1,0,0,1,0,0,0,0,0,0,0,0,False,False,False,False,True,False,True,False,False,False,True,False,False,False,False,False,True,False,1,0,0,0,1,1,0,1,0,0,0,0,1
O Maidens in Your Savage Season,0.5249406175771971,0.3174451858913251,0.022044088176352703,0.6006289308176102,0.15384615384615385,0,0,0,0,0,0,0,0,0,0,0,0,0,0,1,0,0,0,0,0,0,0,0,0,0,0,0,0,0,0,0,0,0,0,0,0,0,0,0,0,0,0,0,0,0,0,0,0,0,0,0,0,1,0,1,0,0,0,1,0,0,0,0,0,0,0,0,0,0,0,0,0,0,0,0,0,False,False,False,False,True,False,True,False,False,False,True,False,False,False,False,False,True,False,1,0,0,0,0,0,0,0,0,0,0,0,1
I Can't Understand What My Husband Is Saying,0.5201900237529691,0.31553860819828405,0.02404809619238477,0.44654088050314467,0.28205128205128205,0,1,0,0,0,0,0,0,0,0,1,0,0,0,0,0,0,0,0,0,0,0,0,0,0,0,0,0,0,0,0,0,0,0,0,0,0,0,0,0,0,0,0,0,1,0,0,0,0,0,0,0,1,0,0,0,0,0,0,0,0,0,0,0,0,0,0,0,0,0,0,0,0,0,0,0,False,False,False,False,True,False,True,False,False,False,True,False,False,False,False,False,True,False,0,0,1,1,0,0,0,0,0,0,0,0,0
Bakuman. Season 2,0.7719714964370548,0.3145853193517636,0.04809619238476953,0.5408805031446541,0.358974358974359,0,0,0,0,0,0,0,0,0,0,1,0,0,0,1,0,0,0,0,0,0,0,0,0,0,0,0,0,0,0,0,0,0,0,0,0,0,0,0,0,0,0,0,0,1,0,0,0,0,0,0,0,1,0,0,0,0,0,1,0,0,0,0,0,0,0,0,0,0,0,0,0,0,0,0,0,False,False,False,False,True,False,False,True,False,False,False,True,False,False,False,False,True,False,1,0,0,0,0,0,0,1,0,1,0,0,0
"I Got a Cheat Skill in Another World and Became Unrivaled in The Real World, Too",0.2992874109263657,0.31363203050524313,0.02404809619238477,0.4559748427672956,0.05128205128205128,1,0,1,0,0,0,0,0,0,0,0,0,0,0,0,0,0,0,1,0,0,0,0,0,0,0,0,0,1,0,0,0,0,0,0,0,0,0,0,0,0,0,0,0,0,0,0,0,0,0,0,0,0,0,1,0,0,0,0,0,0,0,0,0,0,0,0,0,0,0,0,0,0,0,0,0,False,False,False,False,True,True,False,False,False,False,True,False,False,False,False,False,False,True,0,0,0,1,0,0,0,0,0,0,0,0,0
Air Gear,0.5700712589073635,0.31267874165872256,0.04809619238476953,0.44654088050314467,0.48717948717948717,0,0,0,0,0,0,0,0,0,0,0,0,1,0,0,1,0,0,0,0,0,0,0,0,0,0,0,0,0,0,0,0,0,0,0,0,0,0,0,0,0,0,0,0,0,0,0,0,0,0,0,0,0,0,1,0,0,0,1,0,0,0,1,0,0,0,0,0,0,0,0,0,0,0,0,0,False,False,False,False,True,False,True,False,False,False,False,True,False,False,False,True,False,False,1,0,0,0,0,0,0,1,0,0,0,1,0
Beck: Mongolian Chop Squad,0.7624703087885984,0.3117254528122021,0.0501002004008016,0.4779874213836478,0.5384615384615384,0,0,0,0,0,0,0,0,0,0,0,0,0,0,1,0,0,0,0,0,0,0,0,0,0,0,0,0,0,0,0,0,0,0,0,0,0,0,0,0,1,0,0,0,0,0,0,0,0,0,0,0,0,0,0,0,0,0,1,0,0,0,0,0,0,0,0,0,0,0,0,0,0,0,0,0,False,False,False,False,True,False,False,True,False,False,False,True,False,False,False,True,False,False,0,0,0,0,1,0,0,0,0,0,0,0,0
Real Girl,0.4228028503562946,0.31077216396568164,0.022044088176352703,0.4591194968553459,0.1794871794871795,0,0,0,0,0,0,0,0,0,0,0,0,0,0,0,0,0,0,0,0,0,0,0,0,0,0,0,0,0,0,0,0,0,0,0,0,0,0,0,0,0,0,0,0,1,0,0,0,0,0,0,0,1,0,1,0,0,1,0,0,0,0,0,0,0,0,0,0,0,0,0,0,0,0,0,0,False,False,False,False,True,False,True,False,False,False,True,False,False,False,False,False,True,False,0,0,1,0,0,0,0,0,0,0,0,0,0
Assassins Pride,0.1995249406175772,0.30981887511916106,0.022044088176352703,0.7830188679245284,0.15384615384615385,0,0,0,0,0,0,0,0,0,0,0,0,0,0,0,0,0,0,1,0,0,0,0,0,0,0,0,0,0,0,0,0,0,0,0,0,0,0,0,0,0,0,0,0,0,0,0,0,0,0,0,0,0,0,0,0,0,0,0,0,0,0,0,0,0,0,0,0,0,0,0,0,0,0,0,0,False,False,False,False,True,True,False,False,False,False,True,False,False,False,False,False,True,False,1,1,0,0,1,0,0,0,0,1,0,0,0
B: The Beginning,0.489311163895487,0.3088655862726406,0.022044088176352703,0.48742138364779874,,1,0,0,0,0,0,0,0,0,0,0,0,0,1,0,0,0,0,0,0,0,0,0,0,0,0,0,0,0,0,0,0,0,0,0,0,0,0,0,0,0,1,0,0,0,0,0,0,1,0,0,0,0,0,0,0,0,0,0,0,0,0,0,0,1,0,0,1,0,0,0,0,0,0,0,0,False,False,False,False,True,False,True,False,False,False,True,False,False,False,False,False,False,False,0,0,0,0,0,0,1,0,0,1,1,0,0
Trapped in a Dating Sim: The World of Otome Games is Tough for Mobs,0.5320665083135394,0.30791229742612014,0.022044088176352703,0.4056603773584906,0.07692307692307693,0,0,0,0,0,0,0,0,0,0,0,0,0,0,0,0,0,0,1,0,0,0,0,1,0,0,0,0,1,0,0,0,0,0,0,0,0,1,0,0,0,0,0,0,0,0,0,0,0,0,1,0,1,0,1,0,0,0,0,0,0,0,0,0,0,0,0,0,0,0,0,0,0,0,0,0,False,False,False,False,True,False,True,False,False,False,True,False,False,False,False,False,False,True,0,0,0,0,0,0,0,0,0,0,0,0,0
Black Rock Shooter,0.40617577197149646,0.30695900857959957,0.014028056112224447,0.4119496855345912,0.3333333333333333,1,0,0,0,0,0,0,0,0,0,0,0,0,0,1,0,0,0,1,0,0,0,0,0,0,0,0,0,0,0,0,0,0,0,0,0,0,0,0,0,0,0,0,0,0,0,0,0,0,0,0,0,0,0,1,0,0,0,0,0,0,0,0,0,0,0,0,0,0,0,0,0,0,0,0,0,False,False,False,False,True,False,True,False,False,False,True,False,False,False,False,False,True,False,1,0,1,0,0,0,0,0,0,0,0,0,0
Dr. Stone: Ryusui,0.7244655581947745,0.3060057197330791,0.0,0.5283018867924528,,0,0,1,0,0,0,0,0,0,0,1,0,0,0,0,0,0,0,0,0,0,0,0,0,0,0,0,0,0,0,0,0,0,0,0,0,0,0,0,0,0,0,0,0,0,0,0,0,0,0,0,0,0,0,0,1,0,0,1,0,0,0,0,0,0,0,0,0,0,0,0,0,0,0,0,0,False,False,False,False,True,False,False,True,False,True,False,False,False,False,False,False,False,False,0,0,0,0,0,0,0,0,0,1,0,0,0
My Happy Marriage,0.6223277909738718,0.30505243088655865,0.022044088176352703,0.48427672955974843,0.05128205128205128,0,1,0,0,0,0,0,0,0,0,0,0,0,0,1,0,0,0,1,0,0,0,0,0,0,1,0,0,0,0,0,0,0,0,0,0,0,0,0,0,0,0,0,0,0,0,0,0,0,0,0,0,1,0,0,0,0,0,0,0,0,0,0,0,0,0,0,0,0,0,0,0,0,0,0,0,False,False,False,False,True,False,False,True,False,False,True,False,False,False,False,False,False,True,0,0,0,1,0,0,0,0,0,0,0,0,0
A Sister's All You Need,0.5130641330166272,0.3040991420400381,0.022044088176352703,0.39308176100628933,0.20512820512820512,0,1,0,0,0,0,0,0,0,0,1,0,0,0,0,1,0,0,0,0,0,0,0,0,0,0,0,0,0,0,0,0,0,0,0,0,0,0,0,0,0,0,0,0,1,0,0,0,0,0,0,0,1,0,0,0,0,0,0,0,0,0,0,0,0,0,0,0,0,0,0,0,0,0,0,1,False,False,False,False,True,False,True,False,False,False,True,False,False,False,False,False,True,False,0,0,0,0,0,0,0,0,0,0,0,0,1
Record of Ragnarok,0.4109263657957245,0.3031458531935176,0.022044088176352703,0.4056603773584906,,1,0,0,0,0,0,0,0,0,0,0,0,0,0,1,0,0,0,1,0,0,1,0,0,0,0,0,0,0,0,0,0,0,0,0,0,0,0,0,0,0,0,1,0,0,0,0,0,0,0,0,0,0,0,0,0,1,0,0,0,0,0,0,0,0,0,0,0,0,0,0,0,0,0,0,0,False,False,False,False,True,False,True,False,False,False,True,False,False,False,False,False,False,False,0,0,1,0,0,0,0,1,0,0,0,0,0
Witch Craft Works,0.44893111638954863,0.30219256434699715,0.022044088176352703,0.4308176100628931,0.28205128205128205,1,0,0,0,0,0,0,0,0,0,0,0,0,0,0,0,0,0,0,0,0,0,0,0,0,0,0,0,0,0,0,0,0,0,0,0,0,0,0,0,0,0,0,0,0,0,0,0,0,0,0,0,0,0,1,0,1,0,0,0,0,0,0,0,0,1,0,0,0,0,0,0,0,0,0,0,False,False,False,False,True,False,True,False,False,False,True,False,False,False,False,False,True,False,1,1,1,0,0,0,0,0,1,0,0,0,0
The World God Only Knows: Goddesses,0.6888361045130644,0.3012392755004766,0.022044088176352703,0.6037735849056605,0.3076923076923077,0,0,0,0,0,0,0,0,0,0,1,0,0,0,0,0,0,0,0,0,0,0,0,1,0,0,0,0,0,0,0,0,0,0,0,0,0,0,0,0,0,0,0,0,1,0,0,0,0,0,0,0,1,0,0,0,0,0,1,0,0,0,0,0,0,1,0,0,0,0,0,0,0,0,0,0,False,False,False,False,True,False,False,True,False,False,True,False,False,False,False,False,True,False,0,0,0,0,1,0,1,0,0,0,0,0,0
"Violet Evergarden: The Day You Understand ""I Love You"" Will Surely Come",0.7767220902612826,0.3002859866539561,0.0,0.37421383647798745,,0,0,0,0,0,0,0,0,0,0,0,0,0,0,1,0,0,0,0,0,0,0,0,0,0,0,0,0,0,0,0,0,0,0,0,0,0,0,0,0,0,0,0,0,0,0,0,0,0,0,0,0,0,0,0,0,0,0,0,0,0,0,0,0,0,0,0,0,0,0,0,0,0,0,0,0,False,False,False,False,True,False,False,True,False,True,False,False,False,False,False,False,False,False,0,0,0,0,0,0,1,0,0,0,0,0,0
Keep Your Hands Off Eizouken!,0.7244655581947745,0.29933269780743565,0.022044088176352703,0.6509433962264152,0.1282051282051282,0,0,1,0,0,1,0,0,0,0,1,0,0,0,0,0,0,0,0,0,0,0,0,0,0,0,0,0,0,0,0,0,0,0,0,0,0,0,0,0,0,0,0,0,1,0,0,0,0,0,0,0,0,0,1,0,1,0,0,0,0,0,0,0,0,0,0,0,0,0,0,0,0,0,0,0,False,False,False,False,True,False,False,True,False,False,True,False,False,False,False,False,True,False,1,0,0,0,0,1,0,0,0,0,0,0,1
Sonny Boy,0.6555819477434679,0.2983794089609152,0.022044088176352703,0.3679245283018868,0.10256410256410256,0,0,0,0,0,1,0,0,0,0,0,0,0,0,0,0,0,0,0,0,0,0,0,0,0,0,0,0,1,0,0,0,0,0,0,0,0,0,0,0,0,1,0,0,0,0,0,0,0,0,0,0,0,0,0,0,0,0,0,0,0,0,0,0,1,0,0,0,0,0,0,0,0,0,0,0,False,False,False,False,True,False,False,True,False,False,True,False,False,False,False,False,False,True,1,1,0,0,1,0,0,0,0,0,0,0,0
"Sayonara, Zetsubou-Sensei",0.6555819477434679,0.2974261201143946,0.022044088176352703,0.3364779874213837,0.4615384615384615,0,0,0,0,0,0,0,0,0,0,1,0,0,0,0,0,0,0,0,1,0,0,0,0,0,0,0,0,0,0,0,0,0,0,0,0,0,0,0,0,0,0,0,0,0,1,0,0,0,0,0,0,0,0,1,0,0,0,1,0,0,0,0,0,0,0,0,0,0,0,0,0,0,0,0,0,False,False,False,False,True,False,False,True,False,False,True,False,False,False,False,True,False,False,1,0,0,0,0,0,0,0,0,0,0,1,0
Welcome to Demon School! Iruma-kun Season 2,0.6983372921615201,0.29647283126787416,0.040080160320641274,0.449685534591195,0.10256410256410256,0,0,0,0,0,0,0,0,0,0,1,0,0,0,0,0,0,0,1,0,0,0,0,0,0,0,0,0,0,0,0,0,0,0,0,0,0,0,0,0,0,0,0,0,0,0,0,0,0,0,0,0,0,0,1,0,0,0,1,0,0,0,0,0,0,0,0,0,0,0,0,0,0,0,0,0,False,False,False,False,True,False,False,True,False,False,False,True,False,False,False,False,False,True,1,0,1,0,1,0,0,0,0,0,0,0,0
The Troubled Life of Miss Kotoura,0.49168646080760103,0.2955195424213537,0.022044088176352703,0.389937106918239,0.3076923076923077,0,0,0,0,0,0,0,0,0,0,1,0,0,0,0,0,0,0,0,0,0,0,0,0,0,0,0,0,0,0,0,0,0,0,0,0,0,0,0,0,0,0,0,0,0,0,0,0,0,0,0,0,1,0,1,0,0,0,0,0,0,0,0,0,1,0,0,0,0,0,0,0,0,0,0,0,False,False,False,False,True,False,True,False,False,False,True,False,False,False,False,False,True,False,1,0,0,0,0,0,0,0,0,0,0,0,1
Skeleton Knight in Another World,0.489311163895487,0.2945662535748331,0.022044088176352703,0.39937106918238996,0.07692307692307693,1,0,1,0,0,0,0,0,0,0,0,0,0,0,0,0,0,0,1,0,0,0,0,0,0,0,0,0,1,0,0,0,0,0,0,0,0,0,0,0,0,0,0,0,0,0,0,0,0,0,0,0,0,0,0,0,0,0,0,0,0,0,0,0,0,0,0,0,0,0,0,0,0,0,0,0,False,False,False,False,True,False,True,False,False,False,True,False,False,False,False,False,False,True,0,0,0,0,0,0,1,0,0,0,0,0,0
Mononoke,0.7909738717339669,0.29361296472831266,0.022044088176352703,0.559748427672956,0.4615384615384615,0,1,0,0,0,0,0,0,0,0,0,0,0,0,0,0,0,0,0,0,0,0,0,0,0,1,1,0,0,0,0,0,0,0,0,0,0,0,0,0,0,1,1,0,0,0,0,0,1,0,0,0,0,0,0,0,0,0,0,0,0,0,0,0,0,1,0,1,0,0,0,0,0,0,0,0,False,False,False,False,True,False,False,True,False,False,True,False,False,False,False,True,False,False,0,0,1,0,1,0,1,0,0,1,0,0,1
Isekai Cheat Magician,0.09501187648456066,0.2926596758817922,0.022044088176352703,0.5408805031446541,0.15384615384615385,1,0,1,0,0,0,0,0,0,0,0,0,0,0,0,0,0,0,1,0,0,0,0,0,0,0,0,0,1,0,0,0,0,0,0,0,0,0,0,0,0,0,0,0,0,0,0,0,0,0,0,0,0,0,0,0,0,0,0,0,0,0,0,0,0,0,0,0,0,0,0,0,0,0,0,0,False,False,False,False,True,True,False,False,False,False,True,False,False,False,False,False,True,False,1,1,0,0,0,0,0,0,0,0,0,0,0
Iroduku: The World in Colors,0.5795724465558194,0.29170638703527163,0.02404809619238477,0.42138364779874216,0.1794871794871795,0,0,0,0,0,0,0,0,0,0,0,0,0,0,1,0,0,0,1,0,0,0,0,0,0,0,0,0,0,0,0,0,1,0,0,0,0,0,0,0,0,0,0,0,0,0,0,0,0,0,0,0,1,0,1,0,0,0,0,0,0,0,0,0,0,0,0,0,0,1,1,0,0,0,1,0,False,False,False,False,True,False,False,True,False,False,True,False,False,False,False,False,True,False,1,1,0,0,0,0,0,0,1,0,0,0,0
Gargantia on the Verdurous Planet,0.5605700712589075,0.29075309818875117,0.02404809619238477,0.6257861635220127,0.3076923076923077,0,0,1,0,0,0,0,0,0,0,0,0,0,0,0,0,0,0,0,0,0,0,0,0,0,0,0,0,0,0,0,0,0,0,0,0,0,1,0,0,0,0,0,0,0,0,0,0,0,0,0,0,0,0,0,1,0,0,0,0,0,0,0,0,0,0,0,0,0,0,0,0,0,0,0,0,False,False,False,False,True,False,True,False,False,False,True,False,False,False,False,False,True,False,0,0,1,0,0,1,0,0,0,0,0,0,0
Welcome to the Ballroom,0.7339667458432304,0.2897998093422307,0.046092184368737465,0.4371069182389937,0.20512820512820512,0,0,0,0,0,0,0,0,0,0,0,0,0,0,0,0,0,0,0,0,0,0,0,0,0,0,0,0,0,0,0,0,0,0,0,0,0,0,0,0,0,0,0,0,0,0,1,0,0,0,0,0,0,0,0,0,0,0,1,0,0,0,1,0,0,0,0,0,0,0,0,0,0,0,0,0,False,False,False,False,True,False,False,True,False,False,False,True,False,False,False,False,True,False,1,0,0,0,0,1,0,0,0,0,0,0,0
Nanbaka,0.5344418052256532,0.28884652049571014,0.02404809619238477,0.46855345911949686,0.23076923076923075,1,0,0,0,0,0,0,0,0,0,1,0,0,0,1,0,0,0,0,0,0,0,0,0,0,0,0,0,0,0,0,0,0,0,0,0,0,0,0,0,0,0,0,0,0,0,0,0,0,0,0,0,0,0,0,0,0,0,0,0,0,0,0,0,0,0,0,0,0,0,0,0,0,0,0,0,False,False,False,False,True,False,True,False,False,False,True,False,False,False,False,False,True,False,0,0,0,0,0,0,0,0,0,0,0,0,0
Teasing Master Takagi-san 2,0.6983372921615201,0.2878932316491897,0.022044088176352703,0.46540880503144655,0.15384615384615385,0,0,0,0,0,0,0,0,0,0,1,0,0,0,0,0,0,0,0,0,0,0,0,0,0,0,0,0,0,0,0,0,0,1,0,0,0,0,0,0,0,0,0,0,0,0,0,0,0,0,0,0,1,0,1,0,0,0,1,0,0,0,0,0,0,0,0,0,0,0,0,0,0,0,0,0,False,False,False,False,True,False,False,True,False,False,True,False,False,False,False,False,True,False,0,0,0,0,0,0,0,0,0,0,0,0,0
Ascendance of a Bookworm,0.6864608076009502,0.2869399428026692,0.026052104208416832,0.48427672955974843,0.15384615384615385,0,0,0,0,0,0,0,0,0,0,0,0,0,0,0,0,0,0,1,0,0,0,0,0,0,0,0,0,1,0,0,0,0,0,0,0,0,0,0,0,0,0,0,0,0,0,0,0,0,0,1,0,0,0,0,0,0,0,0,0,0,0,0,0,0,0,0,0,0,0,0,0,0,0,0,0,False,False,False,False,True,False,False,True,False,False,False,True,False,False,False,False,True,False,0,0,0,0,0,0,0,0,0,0,0,0,1
Brynhildr in the Darkness,0.4204275534441806,0.28598665395614875,0.02404809619238477,0.4968553459119497,0.28205128205128205,0,0,0,0,0,0,0,0,0,0,0,0,0,0,1,0,0,0,0,0,0,1,0,1,0,0,0,0,0,0,0,0,0,0,0,0,0,0,0,0,0,1,0,0,0,0,0,0,0,0,0,0,0,0,0,1,1,0,0,0,0,0,0,0,1,0,0,0,0,0,0,0,0,0,0,0,False,False,False,False,True,False,True,False,False,False,True,False,False,False,False,False,True,False,1,1,0,0,1,1,1,0,0,0,0,0,0
"Hensuki: Are you willing to Fall in Love with a Pervert, as long as she's a Cutie?",0.32779097387173395,0.2850333651096282,0.022044088176352703,0.35220125786163525,0.15384615384615385,0,0,0,0,0,0,0,0,0,0,1,0,0,0,0,1,0,0,0,0,0,0,0,1,0,0,0,0,0,0,0,0,0,0,0,0,0,0,0,0,0,0,0,0,0,0,0,0,0,0,0,0,1,0,1,0,0,0,0,0,0,0,0,0,0,0,0,0,0,0,0,0,0,0,0,0,False,False,False,False,True,True,False,False,False,False,True,False,False,False,False,False,True,False,0,0,0,0,0,0,0,0,0,1,0,0,0
Legend of the Galactic Heroes,0.9358669833729218,0.2840800762631077,0.21843687374749496,0.4716981132075472,,0,1,0,0,0,0,0,0,0,0,0,0,0,0,1,0,0,0,0,0,0,0,0,0,0,0,0,0,0,0,0,0,0,0,0,0,0,0,0,1,0,0,0,0,0,0,0,0,0,0,0,0,0,0,0,1,0,0,0,0,0,1,0,0,0,0,0,0,0,0,0,0,0,0,0,0,False,False,False,False,True,False,False,False,True,False,False,False,False,True,False,False,False,False,0,0,1,0,0,0,0,0,0,0,0,0,1
Phantom: Requiem for the Phantom,0.6745843230403801,0.28312678741658726,0.0501002004008016,0.39937106918238996,0.41025641025641024,1,0,0,0,0,0,0,0,0,0,0,0,0,0,1,0,0,0,0,0,0,0,0,0,0,0,0,0,0,0,0,0,0,0,0,0,0,0,0,0,0,0,0,1,0,0,0,0,0,0,0,0,0,0,0,0,0,0,0,0,0,0,0,0,0,0,0,1,0,0,0,0,0,0,0,0,False,False,False,False,True,False,False,True,False,False,False,True,False,False,False,True,False,False,0,0,0,0,0,0,0,0,0,1,0,0,0
Gintama: Enchousen,0.9358669833729218,0.2821734985700667,0.02404809619238477,0.4025157232704403,0.3333333333333333,1,0,0,0,0,0,0,0,0,0,1,0,0,0,0,0,0,0,0,1,0,0,0,0,0,1,0,0,0,0,0,0,0,0,0,0,0,0,0,0,0,0,0,0,0,1,0,0,0,0,0,0,0,1,0,1,0,0,1,0,0,0,0,0,0,0,0,0,0,0,0,0,0,0,0,0,False,False,False,False,True,False,False,False,True,False,True,False,False,False,False,False,True,False,0,0,1,0,0,0,1,0,0,0,0,0,0
Code:Breaker,0.3871733966745843,0.2812202097235462,0.02404809619238477,0.4968553459119497,0.3333333333333333,1,0,0,0,0,0,0,0,0,0,0,0,0,0,0,0,0,0,0,0,0,0,0,0,0,0,0,0,0,0,0,0,0,0,0,0,0,0,0,0,0,0,0,0,0,0,0,0,0,0,0,0,0,0,1,0,0,0,1,0,0,0,0,0,1,0,0,0,0,0,0,0,0,0,0,0,False,False,False,False,True,False,True,False,False,False,True,False,False,False,False,False,True,False,1,0,0,0,0,0,0,0,0,1,0,0,0
The Anthem of the Heart,0.643705463182898,0.28026692087702576,0.0,0.5880503144654088,,0,0,0,0,0,0,0,0,0,0,0,0,0,0,1,0,0,0,0,0,0,0,0,0,0,0,0,0,0,0,0,0,0,0,0,0,0,0,0,0,0,0,0,0,0,0,1,0,0,0,0,0,1,0,1,0,0,0,0,0,0,0,0,0,0,0,0,0,0,0,0,0,0,0,0,0,False,False,False,False,True,False,False,True,False,True,False,False,False,False,False,False,False,False,1,0,0,0,0,0,0,0,0,0,1,0,1
YuruYuri: Happy Go Lily,0.5890736342042755,0.2793136320305052,0.022044088176352703,0.49056603773584906,0.358974358974359,0,0,0,0,0,1,0,1,0,0,1,0,0,0,0,0,0,0,0,1,1,0,0,0,0,0,0,0,0,0,0,0,0,0,0,0,0,0,0,0,0,0,0,0,0,0,0,0,0,0,0,0,0,0,1,0,0,0,0,0,0,0,0,0,0,0,0,0,0,0,0,0,0,0,0,0,False,False,False,False,True,False,False,True,False,False,True,False,False,False,False,False,True,False,1,0,0,0,0,0,0,0,0,0,0,1,0
Sword of the Stranger,0.7505938242280286,0.2783603431839847,0.0,0.5314465408805031,,1,0,1,0,0,0,0,0,0,0,0,0,0,0,0,0,0,0,0,0,0,0,0,0,0,1,0,0,0,0,0,0,0,0,0,0,0,0,0,0,0,0,0,0,0,0,0,0,0,0,0,0,0,1,0,0,0,0,0,0,0,0,0,0,0,0,0,0,0,0,0,0,0,0,0,0,False,False,False,False,True,False,False,True,False,True,False,False,False,False,False,False,False,False,0,0,0,0,0,0,1,0,0,1,0,0,0
Motto To LOVE Ru,0.5154394299287413,0.27740705433746427,0.022044088176352703,0.4339622641509434,0.3846153846153846,0,0,0,0,0,0,0,0,0,0,1,0,0,0,0,1,0,0,0,0,0,0,0,1,0,0,0,0,0,0,0,0,0,0,0,0,0,0,0,0,0,0,0,0,0,0,0,0,0,0,0,0,1,0,1,1,0,0,1,0,0,0,0,0,0,0,0,0,0,0,0,0,0,0,0,0,False,False,False,False,True,False,True,False,False,False,True,False,False,False,False,True,False,False,0,0,0,0,0,1,1,0,0,1,0,0,0
Kaguya-sama: Love is War -The First Kiss That Never Ends-,0.8669833729216154,0.2764537654909437,0.0,0.32389937106918243,,0,0,0,0,0,0,0,0,0,0,1,0,0,0,1,0,0,0,0,0,0,0,0,0,0,0,0,0,0,0,0,0,0,0,0,0,0,0,0,0,0,0,0,0,0,0,0,0,0,0,0,0,1,0,1,0,1,0,0,0,0,0,0,0,0,0,0,0,0,0,0,0,0,0,0,0,False,False,False,False,True,False,False,False,True,True,False,False,False,False,False,False,False,False,1,0,0,1,0,0,0,0,0,0,0,0,0
K-ON! The Movie,0.7790973871733966,0.27550047664442323,0.0,0.4591194968553459,,0,0,0,0,0,1,0,1,0,0,1,0,0,0,0,0,0,0,0,0,0,0,0,0,0,0,0,0,0,0,0,0,0,0,0,0,0,0,0,0,1,0,0,0,0,0,0,0,0,0,0,0,0,0,0,0,0,0,0,0,0,0,0,0,0,0,0,0,0,0,0,0,0,0,0,0,False,False,False,False,True,False,False,True,False,True,False,False,False,False,False,False,False,False,1,0,0,0,0,0,0,0,0,0,0,0,0
Kakushigoto,0.6864608076009502,0.27454718779790277,0.022044088176352703,0.4716981132075472,0.1282051282051282,0,0,0,0,0,0,0,0,1,0,1,0,0,0,0,0,0,0,0,1,0,0,0,0,0,0,0,0,0,0,0,0,0,0,0,0,0,0,0,0,0,0,0,0,1,0,0,0,0,0,0,0,0,0,0,0,0,0,1,0,0,0,0,0,0,0,0,0,0,0,0,0,0,0,0,1,False,False,False,False,True,False,False,True,False,False,True,False,False,False,False,False,True,False,0,0,0,0,0,0,0,0,0,0,0,0,1
Mysterious Girlfriend X,0.508313539192399,0.2735938989513823,0.02404809619238477,0.2893081761006289,0.3333333333333333,0,0,0,0,0,0,0,0,0,0,0,0,0,0,0,0,0,0,0,0,0,0,0,0,0,0,0,0,0,0,0,0,0,0,0,0,0,0,0,0,0,0,0,0,0,0,0,0,0,0,0,0,1,0,1,0,1,0,0,0,0,0,0,0,0,0,0,0,0,0,0,0,0,0,0,0,False,False,False,False,True,False,True,False,False,False,True,False,False,False,False,False,True,False,1,0,0,1,0,0,0,0,0,1,0,0,0
Wolf's Rain,0.643705463182898,0.27264061010486174,0.0501002004008016,0.550314465408805,0.5641025641025641,1,0,1,0,0,0,0,0,0,0,0,0,0,0,1,0,0,0,1,0,0,0,0,0,0,0,0,0,0,0,0,0,0,0,0,0,0,0,0,0,0,1,0,0,0,0,0,0,0,0,0,0,0,0,0,0,0,0,0,0,0,0,0,0,0,0,0,0,0,0,0,0,0,0,0,0,False,False,False,False,True,False,False,True,False,False,False,True,False,False,False,True,False,False,0,0,0,0,0,0,0,0,0,0,0,0,1
Carole & Tuesday,0.6555819477434679,0.2716873212583413,0.046092184368737465,0.389937106918239,0.15384615384615385,0,0,0,0,0,0,0,0,0,0,0,0,0,0,1,0,0,0,0,0,0,0,0,0,0,0,0,0,0,0,0,0,0,0,0,0,0,0,0,0,1,0,0,0,0,0,0,0,0,0,0,0,0,0,0,1,0,0,0,0,0,0,0,0,0,0,0,0,0,0,0,0,0,0,0,0,False,False,False,False,True,False,False,True,False,False,False,True,False,False,False,False,True,False,0,0,0,0,0,0,0,0,0,0,0,0,0
The Qwaser of Stigmata,0.2921615201900236,0.2707340324118208,0.046092184368737465,0.6132075471698114,0.3846153846153846,1,0,0,0,0,0,0,0,0,0,0,0,0,0,0,1,0,0,1,0,0,0,0,1,0,0,0,0,0,0,0,0,0,0,0,0,0,0,0,0,0,0,0,0,0,0,0,0,0,0,0,0,0,0,1,0,1,0,0,0,0,0,0,0,0,0,0,0,0,0,1,0,0,0,0,0,False,False,False,False,True,True,False,False,False,False,False,True,False,False,False,True,False,False,1,0,0,0,0,0,0,0,1,0,1,0,0
Kino's Journey,0.7600950118764844,0.26978074356530024,0.02404809619238477,0.559748427672956,0.5641025641025641,0,0,1,0,0,0,0,0,0,0,0,0,0,0,1,0,0,0,1,0,0,0,0,0,0,0,0,0,0,0,0,0,0,0,0,0,0,0,0,0,0,0,0,0,0,0,0,0,0,0,0,0,0,0,0,0,0,0,0,0,0,0,0,0,0,0,0,0,0,0,0,0,0,0,0,0,False,False,False,False,True,False,False,True,False,False,True,False,False,False,False,True,False,False,0,0,0,0,0,0,0,0,0,0,0,0,0
Kiss x Sis,0.40380047505938244,0.2688274547187798,0.022044088176352703,0.5817610062893082,,0,0,0,0,0,0,0,0,0,0,1,0,0,0,0,1,0,0,0,0,0,0,0,1,0,0,0,0,0,0,0,0,0,0,0,0,0,0,0,0,0,0,0,0,0,0,0,0,0,0,0,0,1,0,1,0,1,0,0,0,0,0,0,0,0,0,0,0,0,0,0,0,0,0,0,0,False,False,False,False,True,False,True,False,False,False,True,False,False,False,False,False,False,False,1,0,1,1,0,1,0,0,0,0,0,0,1
K: Return of Kings,0.5843230403800477,0.2678741658722593,0.02404809619238477,0.5220125786163522,0.2564102564102564,1,0,0,0,0,0,0,0,0,0,0,0,0,0,0,0,0,0,0,0,0,0,0,0,0,0,0,0,0,0,0,0,0,0,0,0,0,0,0,0,0,0,0,0,0,0,0,0,0,0,0,0,0,0,0,0,0,0,0,0,0,0,0,0,1,0,0,0,0,0,0,0,0,0,0,0,False,False,False,False,True,False,False,True,False,False,True,False,False,False,False,False,True,False,0,0,0,0,1,0,1,0,0,0,0,0,0
Bungo Stray Dogs 4,0.793349168646081,0.26692087702573875,0.02404809619238477,0.4779874213836478,0.05128205128205128,1,1,0,0,0,0,0,0,0,0,0,0,0,1,0,0,0,0,0,0,0,0,0,0,0,0,0,0,0,0,0,0,0,0,0,0,0,0,0,0,0,1,0,1,0,0,0,0,0,0,0,0,0,0,0,0,1,0,0,0,0,0,0,0,1,0,0,0,0,0,0,0,0,0,0,0,False,False,False,False,True,False,False,True,False,False,True,False,False,False,False,False,False,True,0,0,1,0,0,0,1,0,0,1,1,0,0
Bakuman. Season 3,0.8171021377672207,0.2659675881792183,0.04809619238476953,0.37106918238993714,0.3333333333333333,0,0,0,0,0,0,0,0,0,0,1,0,0,0,1,0,0,0,0,0,0,0,0,0,0,0,0,0,0,0,0,0,0,0,0,0,0,0,0,0,0,0,0,0,1,0,0,0,0,0,0,0,1,0,0,0,0,0,1,0,0,0,0,0,0,0,0,0,0,0,0,0,0,0,0,0,False,False,False,False,True,False,False,False,True,False,False,True,False,False,False,False,True,False,0,0,1,0,0,0,0,0,0,0,0,0,0
The Faraway Paladin,0.42755344418052266,0.2650142993326978,0.022044088176352703,0.5314465408805031,0.10256410256410256,1,0,1,0,0,0,0,0,0,0,0,0,0,0,0,0,0,0,1,0,0,0,0,0,0,0,0,0,1,0,0,0,0,0,0,0,0,0,0,0,0,0,0,0,0,0,0,0,0,0,1,0,0,0,0,0,0,0,0,0,0,0,0,0,0,0,0,0,0,0,0,0,0,0,0,0,False,False,False,False,True,False,True,False,False,False,True,False,False,False,False,False,False,True,0,1,0,0,1,0,0,0,0,0,0,0,0
Hanasaku Iroha: Blossoms for Tomorrow,0.667458432304038,0.26406101048617725,0.0501002004008016,0.29559748427672955,0.358974358974359,0,0,0,0,0,0,0,0,0,0,0,0,0,0,1,0,0,0,0,0,0,0,0,0,0,0,0,0,0,0,0,0,0,0,0,0,0,0,0,0,0,0,0,0,0,0,0,0,0,0,0,0,0,0,0,0,0,0,0,0,0,0,0,0,0,0,0,0,0,0,0,0,0,0,0,1,False,False,False,False,True,False,False,True,False,False,False,True,False,False,False,False,True,False,1,0,0,0,0,0,0,0,0,0,0,0,0
Danganronpa 3: The End of Hope's Peak High School - Despair Arc,0.5391923990498813,0.2631077216396568,0.02004008016032064,0.5974842767295597,0.23076923076923075,1,0,0,0,0,0,0,0,0,0,0,0,0,0,0,0,0,0,0,0,0,0,0,0,1,0,1,0,0,0,0,0,0,0,0,0,0,0,0,0,0,1,0,0,0,0,0,0,1,0,0,0,0,0,1,0,0,0,0,0,0,0,0,0,0,0,1,1,0,0,0,0,0,0,0,0,False,False,False,False,True,False,True,False,False,False,True,False,False,False,False,False,True,False,1,0,0,0,0,0,0,0,0,0,0,0,0
My Bride is a Mermaid,0.6104513064133019,0.2621544327931363,0.0501002004008016,0.6037735849056605,0.4615384615384615,0,0,0,0,0,0,0,0,0,0,1,0,0,0,0,0,0,0,0,0,0,0,0,0,0,0,0,0,0,0,0,0,0,0,0,0,0,0,0,0,0,0,0,1,0,1,0,0,0,0,0,0,1,0,1,0,0,0,1,0,0,0,0,0,0,1,0,0,0,0,0,0,0,0,0,0,False,False,False,False,True,False,False,True,False,False,False,True,False,False,False,True,False,False,1,0,0,0,0,0,0,0,0,0,0,0,0
Fullmetal Alchemist: The Movie - Conqueror of Shamballa,0.5748218527315916,0.26120114394661587,0.0,0.3867924528301887,,1,0,1,0,0,1,0,0,0,0,0,0,0,0,1,0,0,0,1,0,0,0,0,0,0,1,0,0,0,0,0,0,0,0,0,0,0,0,0,1,0,0,0,0,0,0,0,0,0,0,0,0,0,0,0,0,0,0,1,0,0,0,0,0,0,0,0,0,0,0,0,0,0,0,0,0,False,False,False,False,True,False,True,False,False,True,False,False,False,False,False,False,False,False,0,0,1,0,0,0,0,0,0,0,0,0,0
I'm Quitting Heroing,0.4560570071258907,0.2602478551000953,0.022044088176352703,0.5911949685534591,0.07692307692307693,1,0,1,0,0,0,0,0,0,0,1,0,0,0,0,0,0,0,1,0,0,0,0,0,0,0,0,0,0,0,0,0,0,0,0,0,0,0,0,0,0,0,0,0,0,0,0,0,0,0,0,0,0,0,0,0,0,0,0,0,0,0,0,0,0,0,0,0,0,0,0,0,0,0,0,0,False,False,False,False,True,False,True,False,False,False,True,False,False,False,False,False,False,True,0,0,1,0,1,0,1,0,0,0,0,0,0
Alderamin on the Sky,0.6057007125890737,0.25929456625357483,0.02404809619238477,0.5534591194968553,0.23076923076923075,1,0,1,0,0,0,0,0,0,0,0,0,0,0,0,0,0,0,1,0,0,0,0,0,0,0,0,0,0,0,0,0,0,0,0,0,0,0,0,1,0,0,0,0,0,0,0,0,0,0,0,0,0,0,0,0,0,0,0,0,0,0,0,0,0,0,0,0,0,0,0,0,0,0,0,0,False,False,False,False,True,False,False,True,False,False,True,False,False,False,False,False,True,False,0,0,1,0,0,0,1,0,0,0,0,0,0
One Punch Man Specials,0.6223277909738718,0.25834127740705437,0.010020040080160319,0.01886792452830189,,1,1,0,0,0,0,0,0,0,0,1,0,0,0,0,0,0,0,0,0,0,0,0,0,0,0,0,0,0,0,0,0,0,0,0,0,0,0,0,0,0,0,0,0,0,1,0,0,0,0,0,0,0,0,0,0,1,0,0,0,0,0,0,0,1,0,0,0,0,0,0,0,0,0,0,0,False,False,False,False,True,False,False,True,False,False,True,False,False,False,False,False,False,False,0,0,0,0,0,0,0,0,0,0,0,0,0
Ben-To,0.4988123515439429,0.2573879885605338,0.022044088176352703,0.5094339622641509,0.358974358974359,1,0,0,0,0,0,0,0,0,0,1,0,0,0,0,0,0,0,0,0,0,0,1,0,0,0,0,0,0,0,0,0,0,0,0,0,1,0,0,0,0,0,0,0,0,0,0,0,0,0,0,0,0,0,0,0,0,0,0,0,0,0,0,0,0,0,0,0,0,0,0,0,0,0,0,0,False,False,False,False,True,False,True,False,False,False,True,False,False,False,False,False,True,False,1,0,1,0,0,0,0,0,0,0,0,0,0
Kono Oto Tomare!: Sounds of Life,0.6793349168646083,0.25643469971401334,0.02404809619238477,0.37106918238993714,0.15384615384615385,0,0,0,0,0,0,0,0,0,0,0,0,0,0,1,0,0,0,0,0,0,0,0,0,0,0,0,0,0,0,0,0,0,0,0,0,0,0,0,0,1,0,0,0,0,0,1,0,0,0,0,0,0,0,1,0,0,0,1,0,0,0,0,0,0,0,0,0,0,0,0,0,0,0,0,0,False,False,False,False,True,False,False,True,False,False,True,False,False,False,False,False,True,False,1,0,0,0,0,0,0,0,0,0,0,0,0
School Rumble,0.665083135391924,0.2554814108674929,0.0501002004008016,0.3584905660377359,0.5384615384615384,0,0,0,0,0,0,0,0,0,0,1,0,0,0,0,0,0,0,0,1,0,0,0,0,0,0,0,0,0,0,0,0,1,0,0,0,0,0,0,0,0,0,0,0,0,0,0,0,0,0,0,0,1,0,1,0,0,0,1,0,0,0,0,0,0,0,0,0,0,0,0,0,0,0,0,0,False,False,False,False,True,False,False,True,False,False,False,True,False,False,False,True,False,False,1,0,0,1,0,0,1,0,0,0,0,1,0
xxxHOLiC,0.6864608076009502,0.2545281220209723,0.046092184368737465,0.27672955974842767,0.48717948717948717,0,0,0,0,0,0,0,0,0,0,1,0,0,0,1,0,0,0,0,0,0,0,0,0,0,0,0,0,0,0,0,0,0,0,0,0,0,0,0,0,0,1,0,0,0,0,0,0,0,0,0,0,0,0,0,0,1,0,0,0,0,0,0,0,0,1,0,0,0,0,0,0,0,0,0,0,False,False,False,False,True,False,False,True,False,False,False,True,False,False,False,True,False,False,0,0,0,0,1,0,0,0,0,0,0,0,0
Fate/stay night [Unlimited Blade Works] - Prologue,0.7007125890736341,0.25357483317445184,0.0,0.27044025157232704,,1,0,0,0,0,0,0,0,0,0,0,0,0,0,0,0,0,0,1,0,0,0,0,0,0,0,0,0,0,0,0,0,0,0,0,0,0,0,0,0,0,0,0,0,0,0,0,0,0,0,0,0,0,0,0,0,0,0,0,0,0,0,0,0,0,0,0,0,0,0,1,0,0,0,0,0,False,False,False,False,True,False,False,True,False,True,False,False,False,False,False,False,False,False,0,0,1,0,0,0,0,0,0,0,0,0,0
Gintama Season 5,0.9263657957244658,0.2526215443279314,0.022044088176352703,0.48427672955974843,0.20512820512820512,1,0,0,0,0,0,0,0,0,0,1,0,0,0,0,0,0,0,0,1,0,0,0,0,0,1,0,0,0,0,0,0,0,0,0,0,0,0,0,0,0,0,0,0,0,1,0,0,0,0,0,0,0,1,0,1,0,0,1,0,0,0,0,0,0,0,0,0,0,0,0,0,0,0,0,0,False,False,False,False,True,False,False,False,True,False,True,False,False,False,False,False,True,False,1,0,0,0,0,1,0,0,0,0,0,0,0
Tales of Zestiria the X,0.5059382422802852,0.2516682554814108,0.022044088176352703,0.6226415094339623,0.23076923076923075,1,0,1,0,0,0,0,0,0,0,0,0,0,0,0,0,0,0,1,0,0,0,0,0,0,0,0,0,0,0,0,0,0,0,0,0,0,0,0,0,0,0,0,0,0,0,0,0,0,0,0,0,0,0,0,0,0,0,0,0,0,0,0,0,0,0,0,0,0,0,0,0,0,0,0,0,False,False,False,False,True,False,True,False,False,False,True,False,False,False,False,False,True,False,0,0,1,0,1,0,0,0,0,1,0,0,0
Our Last Crusade or the Rise of a New World,0.3871733966745843,0.25071496663489035,0.022044088176352703,0.5660377358490566,0.1282051282051282,1,0,0,0,0,0,0,0,0,0,0,0,0,0,0,0,0,0,1,0,0,0,0,0,0,0,0,0,0,0,0,0,0,0,0,0,0,0,0,1,0,0,0,0,0,0,0,0,0,0,0,0,1,0,0,0,0,0,0,0,0,0,0,0,0,0,0,0,0,0,0,0,0,0,0,0,False,False,False,False,True,False,True,False,False,False,True,False,False,False,False,False,True,False,0,1,1,0,0,0,1,0,0,1,0,0,0
Unbreakable Machine-Doll,0.46080760095011875,0.24976167778836988,0.022044088176352703,0.5660377358490566,0.3076923076923077,1,0,0,0,0,0,0,0,0,0,0,0,0,0,0,1,0,0,1,0,0,0,0,0,0,0,0,0,0,0,0,0,0,0,0,0,0,0,0,0,0,0,0,0,0,0,0,0,0,0,0,0,0,0,1,0,0,0,0,0,0,0,0,0,0,0,0,0,0,0,0,0,0,0,0,0,False,False,False,False,True,False,True,False,False,False,True,False,False,False,False,False,True,False,1,1,0,0,0,1,0,0,0,0,0,0,0
One Punch Man: Road to Hero,0.6223277909738718,0.24880838894184942,0.0,0.2169811320754717,,1,0,0,0,0,0,0,0,0,0,1,0,0,0,0,0,0,0,0,0,0,0,0,0,0,0,0,0,0,0,0,0,0,0,0,0,0,0,0,0,0,0,0,0,0,1,0,0,0,0,0,0,0,0,0,0,1,0,0,0,0,0,0,0,1,0,0,0,0,0,0,0,0,0,0,0,False,False,False,False,True,False,False,True,False,True,False,False,False,False,False,False,False,False,0,0,0,0,0,0,0,0,0,0,0,0,0
Record of Grancrest War,0.508313539192399,0.24785510009532885,0.046092184368737465,0.7767295597484277,0.1794871794871795,1,0,1,0,0,0,0,0,0,0,0,0,0,0,1,0,0,0,1,0,0,0,0,0,0,0,0,0,0,0,0,0,0,0,0,0,0,0,0,1,0,0,0,0,0,0,0,0,0,0,0,0,1,0,0,0,0,0,0,0,0,0,0,0,0,0,0,0,0,0,0,0,0,0,0,0,False,False,False,False,True,False,True,False,False,False,False,True,False,False,False,False,True,False,0,1,1,0,1,0,0,0,0,1,0,0,0
Freezing,0.4014251781472684,0.2469018112488084,0.022044088176352703,0.5534591194968553,0.358974358974359,1,0,0,0,0,0,0,0,0,0,0,0,0,0,1,1,0,0,0,0,0,0,0,1,0,0,0,0,0,0,0,0,0,0,0,0,0,0,0,1,0,0,0,0,0,0,0,0,0,0,0,0,1,0,0,1,1,0,0,0,0,0,0,0,1,0,0,0,0,0,0,0,0,0,0,0,False,False,False,False,True,False,True,False,False,False,True,False,False,False,False,False,True,False,1,0,1,0,0,1,1,1,0,0,0,0,0
Kuroko's Basketball the Movie: Last Game,0.7125890736342044,0.24594852240228793,0.0,0.4308176100628931,,0,0,0,0,0,0,0,0,0,0,0,0,0,0,0,0,0,0,0,0,0,0,0,0,0,0,0,0,0,0,0,0,0,0,0,0,0,0,0,0,0,0,0,0,0,0,0,0,0,0,0,0,0,0,1,0,0,0,1,0,0,0,1,0,0,0,0,0,1,0,0,0,0,0,0,0,False,False,False,False,True,False,False,True,False,True,False,False,False,False,False,False,False,False,1,0,0,0,0,0,1,1,0,0,0,0,0
Devil May Cry,0.4441805225653208,0.24499523355576736,0.022044088176352703,0.389937106918239,0.4615384615384615,1,0,0,0,0,0,0,0,0,0,0,0,0,0,0,0,0,0,1,0,0,1,0,0,0,0,0,0,0,0,0,0,0,0,0,0,0,0,0,0,0,0,1,0,0,0,0,0,0,0,0,0,0,0,0,0,0,0,0,0,0,0,0,0,0,0,0,0,0,0,0,0,0,0,0,0,False,False,False,False,True,False,True,False,False,False,True,False,False,False,False,True,False,False,0,0,0,0,1,0,1,0,0,0,0,0,0
Code Geass: Lelouch of the Re;surrection,0.6698337292161523,0.2440419447092469,0.0,0.41509433962264153,,0,0,0,0,0,0,0,0,0,0,0,0,0,0,1,0,0,0,0,0,0,0,0,0,0,0,0,0,0,0,0,0,0,0,0,0,0,1,0,1,0,0,0,0,0,0,0,0,0,0,0,0,0,0,0,1,0,0,0,0,0,0,0,0,1,0,0,0,0,0,0,0,0,0,0,0,False,False,False,False,True,False,False,True,False,True,False,False,False,False,False,False,False,False,0,1,0,0,0,0,1,0,0,0,0,0,0
Sweetness & Lightning,0.5819477434679337,0.24308865586272643,0.022044088176352703,0.5691823899371069,0.23076923076923075,0,0,0,0,0,0,0,0,1,0,0,0,0,0,0,0,0,0,0,0,0,0,1,0,0,0,0,0,0,1,0,0,0,0,0,0,0,0,0,0,0,0,0,0,0,0,0,0,0,0,0,0,0,0,0,0,1,0,0,0,1,0,0,0,0,0,0,0,0,0,0,0,0,0,0,0,False,False,False,False,True,False,False,True,False,False,True,False,False,False,False,False,True,False,1,0,1,0,0,0,0,0,0,0,0,0,0
Buddy Daddies,0.7173396674584323,0.24213536701620586,0.022044088176352703,0.5723270440251572,0.05128205128205128,1,0,0,0,0,0,0,0,1,0,1,0,0,0,0,0,0,0,0,0,0,0,0,0,0,0,0,0,0,0,0,0,0,0,0,0,0,0,0,0,0,0,0,1,0,0,0,0,0,0,0,0,0,0,0,0,0,0,0,0,0,0,0,0,0,0,0,0,0,0,0,0,0,0,0,0,False,False,False,False,True,False,False,True,False,False,True,False,False,False,False,False,False,True,0,0,0,1,0,0,0,0,0,0,0,0,0
Noragami OVA,0.6223277909738718,0.2411820781696854,0.002004008016032064,0.30503144654088055,,0,0,0,0,0,0,0,0,0,0,1,0,0,0,0,0,0,0,0,0,0,0,0,0,0,0,0,0,0,0,0,0,0,0,0,0,0,0,0,0,0,0,1,0,0,0,0,0,0,0,0,0,0,0,1,0,0,0,1,0,0,0,0,0,0,1,0,0,0,0,0,0,0,0,0,0,False,False,False,False,True,False,False,True,False,False,True,False,False,False,False,False,False,False,1,0,0,0,0,0,0,0,1,0,0,0,0
Haikyu!! Land vs. Air,0.6555819477434679,0.24022878932316494,0.002004008016032064,0.279874213836478,,0,0,0,0,0,0,0,0,0,0,0,0,0,0,0,0,0,0,0,0,0,0,0,0,0,0,0,0,0,0,0,0,0,0,0,0,0,0,0,0,0,0,0,0,0,0,0,0,0,0,0,0,0,0,1,0,0,0,1,0,0,0,1,0,0,0,0,0,1,0,0,0,0,0,0,0,False,False,False,False,True,False,False,True,False,False,True,False,False,False,False,False,False,False,1,0,0,0,0,0,0,1,0,0,0,0,0
Place to Place,0.5676959619952495,0.23927550047664436,0.022044088176352703,0.32704402515723274,0.3333333333333333,0,0,0,0,0,0,0,0,0,0,1,0,0,0,0,0,0,0,0,1,0,0,0,0,0,0,0,0,0,0,0,0,0,0,0,0,0,0,0,0,0,0,0,0,0,0,0,0,0,0,0,0,1,0,1,0,0,0,0,0,0,0,0,0,0,0,0,0,0,0,0,0,0,0,0,0,False,False,False,False,True,False,True,False,False,False,True,False,False,False,False,False,True,False,1,0,1,0,0,0,0,1,1,0,0,0,0
Astra Lost in Space,0.7102137767220904,0.2383222116301239,0.022044088176352703,0.628930817610063,0.15384615384615385,0,0,1,0,0,1,0,0,0,0,0,0,0,0,0,0,0,0,0,0,0,0,0,0,0,0,0,0,0,0,0,0,0,0,0,0,0,0,0,0,0,1,0,0,0,0,0,0,0,0,0,0,0,0,0,1,0,0,1,0,0,1,0,0,0,0,1,1,0,0,0,0,0,0,0,0,False,False,False,False,True,False,False,True,False,False,True,False,False,False,False,False,True,False,0,0,0,0,0,1,0,1,0,0,0,0,0
The World is Still Beautiful,0.5914489311163897,0.23736892278360344,0.022044088176352703,0.4591194968553459,0.28205128205128205,0,0,1,0,0,0,0,0,0,0,0,0,0,0,0,0,0,0,1,0,0,0,0,0,0,0,0,0,0,0,0,0,0,0,0,0,0,0,0,0,0,0,0,0,0,0,0,0,0,0,0,0,1,0,0,0,0,1,0,0,0,0,0,0,0,0,0,0,0,0,0,0,0,0,0,0,False,False,False,False,True,False,False,True,False,False,True,False,False,False,False,False,True,False,0,0,0,0,0,0,1,0,0,0,0,0,0
[C] CONTROL - The Money and Soul of Possibility,0.489311163895487,0.23641563393708298,0.02004008016032064,0.5817610062893082,0.358974358974359,1,0,0,0,0,0,0,0,0,0,0,0,0,0,0,0,0,0,0,0,0,0,0,0,1,0,0,0,0,0,0,0,0,0,0,0,0,0,0,0,0,1,0,0,0,0,0,0,0,0,0,0,0,0,0,1,0,0,0,0,0,0,0,0,1,0,0,1,0,0,0,0,0,0,0,0,False,False,False,False,True,False,True,False,False,False,True,False,False,False,False,False,True,False,1,0,0,0,0,1,0,0,0,0,0,0,0
The Case Study of Vanitas Part 2,0.7387173396674585,0.2354623450905624,0.022044088176352703,0.6100628930817611,0.07692307692307693,1,0,0,0,0,0,0,0,0,0,0,0,0,0,0,0,0,0,1,0,0,0,0,0,0,1,0,0,0,0,0,0,0,0,0,0,0,0,0,0,0,1,0,0,0,0,0,0,0,0,0,0,0,0,0,0,0,0,1,0,0,0,0,0,0,0,0,0,0,0,1,1,0,0,0,0,False,False,False,False,True,False,False,True,False,False,True,False,False,False,False,False,False,True,0,0,0,0,1,1,0,1,0,0,1,0,0
The Fragrant Flower Blooms with Dignity,0.8551068883610451,0.23450905624404195,0.02404809619238477,0.46540880503144655,0.0,0,0,0,0,0,0,0,0,0,0,0,0,0,0,1,0,0,0,0,0,0,0,0,0,0,0,0,0,0,0,0,0,0,0,0,0,0,0,0,0,0,0,0,0,0,0,0,0,0,0,0,0,1,0,1,0,0,0,0,0,0,0,0,0,0,0,0,0,0,0,0,0,0,0,0,0,False,False,False,False,True,False,False,False,True,False,True,False,False,False,False,False,False,True,1,0,1,0,0,0,0,0,0,0,0,0,1
Just Because!,0.5106888361045132,0.23355576739752149,0.022044088176352703,0.679245283018868,0.20512820512820512,0,0,0,0,0,0,0,0,0,0,0,0,0,0,1,0,0,0,0,0,0,0,0,0,0,0,0,0,0,0,0,0,1,0,0,0,0,0,0,0,0,0,0,0,0,0,0,0,0,0,0,0,1,0,1,0,0,0,0,0,0,0,0,0,0,0,0,0,0,0,0,0,0,0,0,0,False,False,False,False,True,False,True,False,False,False,True,False,False,False,False,False,True,False,1,0,1,0,0,0,0,1,0,0,0,0,0
Sword Art Online: Extra Edition,0.34916864608076015,0.2326024785510009,0.0,0.3207547169811321,,1,0,0,0,0,0,0,0,0,0,0,0,0,0,0,0,0,0,1,0,0,0,0,0,0,0,0,0,0,0,0,0,0,0,0,0,0,0,0,0,0,0,0,0,0,0,0,0,0,0,0,0,0,0,0,0,0,0,0,0,0,0,0,0,0,0,0,0,0,0,0,0,1,0,0,0,False,False,False,False,True,False,True,False,False,True,False,False,False,False,False,False,False,False,1,0,0,1,0,0,1,0,0,0,0,0,0
Attack on Titan: Lost Girls,0.6532066508313541,0.23164918970448045,0.004008016032064127,0.6446540880503145,,1,0,0,0,0,0,0,0,0,0,0,0,0,0,1,0,0,0,0,0,0,0,0,0,0,0,0,0,0,0,0,0,0,0,0,0,0,0,0,0,0,0,0,0,0,0,0,0,0,0,0,0,0,0,0,0,0,0,0,0,0,0,0,0,0,0,0,0,0,0,0,0,0,0,0,0,False,False,False,False,True,False,False,True,False,False,True,False,False,False,False,False,False,False,0,0,1,0,0,0,1,0,0,0,0,0,0
After the Rain,0.5676959619952495,0.23069590085796,0.022044088176352703,0.4025157232704403,0.1794871794871795,0,0,0,0,0,0,0,0,0,0,0,0,0,0,1,0,0,0,0,0,0,0,0,0,0,0,0,0,0,0,0,0,0,0,0,0,0,0,0,0,0,0,0,0,0,0,0,0,0,0,0,0,1,0,0,0,1,0,0,0,0,0,0,0,0,0,0,0,0,0,0,0,0,0,0,1,False,False,False,False,True,False,True,False,False,False,True,False,False,False,False,False,True,False,1,0,1,0,0,0,0,0,0,0,0,0,0
World Break: Aria of Curse for a Holy Swordsman,0.39429928741092635,0.22974261201143942,0.022044088176352703,0.6509433962264152,0.2564102564102564,1,0,0,0,0,0,0,0,0,0,0,0,0,0,0,0,0,0,1,0,0,0,0,1,0,0,0,0,0,0,0,0,0,0,0,0,0,0,0,0,0,0,0,0,0,0,0,0,0,0,1,0,1,0,1,0,0,0,0,0,0,0,0,0,0,0,0,0,0,0,1,0,0,0,0,0,False,False,False,False,True,False,True,False,False,False,True,False,False,False,False,False,True,False,1,1,1,0,0,1,1,0,0,0,0,0,1
Slam Dunk,0.824228028503563,0.22878932316491896,0.2004008016032064,0.5440251572327044,0.8205128205128205,0,0,0,0,0,0,0,0,0,0,0,0,0,0,0,0,0,0,0,0,0,0,0,0,0,0,0,0,0,0,0,0,0,0,0,0,0,0,0,0,0,0,0,0,0,0,0,0,0,0,0,0,0,0,1,0,0,0,1,0,0,0,1,0,0,0,0,0,1,0,0,0,0,0,0,0,False,False,False,False,True,False,False,False,True,False,False,False,False,True,True,False,False,False,1,0,0,0,0,0,0,1,0,0,0,0,0
One Week Friends,0.5795724465558194,0.2278360343183985,0.022044088176352703,0.6886792452830189,0.28205128205128205,0,0,0,0,0,0,0,0,0,0,0,0,0,0,1,0,0,0,0,0,0,0,0,0,0,0,0,0,0,0,0,0,0,0,0,0,0,0,0,0,0,0,0,0,0,0,0,0,0,0,0,0,0,0,1,0,0,0,1,0,0,0,0,0,0,0,0,0,0,0,0,0,0,0,0,0,False,False,False,False,True,False,False,True,False,False,True,False,False,False,False,False,True,False,1,0,0,1,0,0,1,0,0,0,0,0,0
Undead Unluck,0.6342042755344419,0.22688274547187792,0.046092184368737465,0.4339622641509434,0.05128205128205128,1,0,0,0,0,0,0,0,0,0,1,0,0,0,0,0,0,0,0,0,0,0,0,0,0,0,0,0,0,0,0,0,0,0,0,0,0,0,0,0,0,0,0,0,0,0,0,0,0,0,0,0,0,0,0,0,0,0,1,0,0,0,0,0,1,0,0,0,0,0,0,0,0,0,0,0,False,False,False,False,True,False,False,True,False,False,False,True,False,False,False,False,False,True,0,0,0,1,0,0,0,0,0,1,1,0,0
"Sing ""Yesterday"" for Me",0.42517814726840863,0.22592945662535746,0.022044088176352703,0.5062893081761006,0.1282051282051282,0,1,0,0,0,0,0,0,0,0,0,0,0,0,1,0,0,0,0,0,0,0,0,0,0,0,0,0,0,0,0,0,1,0,0,0,0,0,0,0,0,0,0,0,0,0,0,0,0,0,0,0,1,0,0,0,1,0,0,0,0,0,0,0,0,0,0,0,0,0,0,0,0,0,0,0,False,False,False,False,True,False,True,False,False,False,True,False,False,False,False,False,True,False,0,0,0,0,0,1,0,0,0,0,0,0,1
The Greatest Demon Lord Is Reborn as a Typical Nobody,0.2874109263657958,0.224976167778837,0.022044088176352703,0.44339622641509435,0.07692307692307693,1,0,0,0,0,0,0,0,0,0,0,0,0,0,0,0,0,0,1,0,0,0,0,1,0,0,0,0,0,0,0,0,0,0,0,0,0,0,0,0,0,0,0,0,0,0,0,0,0,0,1,0,0,0,1,0,0,0,0,0,0,0,0,0,0,0,0,0,0,0,0,0,0,0,0,0,False,False,False,False,True,True,False,False,False,False,True,False,False,False,False,False,False,True,0,0,0,1,1,1,0,0,0,0,0,0,0
Nodame Cantabile,0.7529691211401426,0.22402287893231643,0.044088176352705406,0.449685534591195,0.4615384615384615,0,1,0,0,0,0,0,0,0,0,1,0,0,0,0,0,0,0,0,0,0,0,0,0,0,0,0,0,0,0,1,0,0,0,0,0,0,0,0,0,1,0,0,0,0,0,1,0,0,0,0,0,1,0,0,0,0,0,0,0,0,0,0,0,0,0,0,0,0,0,0,0,0,0,0,0,False,False,False,False,True,False,False,True,False,False,False,True,False,False,False,True,False,False,0,0,0,0,0,0,0,0,0,0,0,0,0
Happy Sugar Life,0.39667458432304037,0.22306959008579597,0.022044088176352703,0.2578616352201258,0.1794871794871795,0,0,0,0,0,0,0,0,0,0,0,0,0,0,1,0,0,0,0,0,1,1,0,0,0,0,1,0,0,0,0,0,0,0,0,0,0,0,0,0,0,0,0,0,0,0,0,0,1,0,0,0,0,0,0,0,0,0,1,0,0,0,0,0,0,0,0,1,0,0,0,0,0,0,0,0,False,False,False,False,True,False,True,False,False,False,True,False,False,False,False,False,True,False,1,0,0,0,0,0,0,0,0,0,0,0,0
My Stepmom's Daughter Is My Ex,0.39192399049881255,0.2221163012392755,0.022044088176352703,0.44339622641509435,0.07692307692307693,0,0,0,0,0,0,0,0,0,0,1,0,0,0,0,0,0,0,0,0,0,0,0,0,0,0,0,0,0,0,0,0,0,0,0,0,0,0,0,0,0,0,0,0,0,0,0,0,0,0,0,0,1,0,0,0,0,0,0,0,0,0,0,0,0,0,0,0,0,0,0,0,0,0,0,0,False,False,False,False,True,False,True,False,False,False,True,False,False,False,False,False,False,True,1,0,0,1,0,0,1,1,0,0,0,1,0
NieR:Automata Ver1.1a,0.5866983372921615,0.22116301239275504,0.022044088176352703,0.35220125786163525,0.05128205128205128,1,0,0,0,0,0,0,0,0,0,0,0,0,0,0,0,0,0,1,0,0,0,0,0,0,0,0,0,0,0,0,0,0,0,0,0,0,0,0,0,0,0,0,0,0,0,0,0,0,0,0,0,0,0,0,1,0,0,0,0,0,0,0,0,0,0,0,0,0,0,0,0,0,0,0,0,False,False,False,False,True,False,False,True,False,False,True,False,False,False,False,False,False,True,0,0,1,0,0,1,1,0,0,0,0,0,0
Run with the Wind,0.7838479809976251,0.22020972354623447,0.044088176352705406,0.5345911949685535,0.1794871794871795,0,1,0,0,0,0,0,0,0,0,0,0,0,0,1,0,0,0,0,0,0,0,0,0,0,0,0,0,0,0,0,0,0,0,0,0,0,0,0,0,0,0,0,0,0,0,0,0,0,0,0,0,0,0,0,0,0,0,0,0,0,0,1,0,0,0,0,0,0,0,0,0,0,0,0,0,False,False,False,False,True,False,False,True,False,False,False,True,False,False,False,False,True,False,1,0,0,0,0,0,0,0,0,0,0,0,0
Skip and Loafer,0.7197149643705463,0.219256434699714,0.022044088176352703,0.5031446540880503,0.05128205128205128,0,0,0,0,0,0,0,0,0,0,0,0,0,0,1,0,0,0,0,0,0,0,0,0,0,0,0,0,0,0,0,0,0,0,0,0,0,0,0,0,0,0,0,0,0,0,0,0,0,0,0,0,0,0,1,0,1,0,0,0,0,0,0,0,0,0,0,0,0,0,0,0,0,0,0,0,False,False,False,False,True,False,False,True,False,False,True,False,False,False,False,False,False,True,1,0,1,0,0,0,0,0,0,0,0,0,0
Wistoria: Wand and Sword,0.6603325415676962,0.21830314585319355,0.022044088176352703,0.6352201257861636,0.02564102564102564,1,0,0,0,0,0,0,0,0,0,0,0,0,0,0,0,0,0,1,0,0,0,0,0,0,0,0,0,0,0,0,0,0,0,0,0,0,0,0,0,0,0,0,0,0,0,0,0,0,0,0,0,0,0,1,0,0,0,1,0,0,0,0,0,0,0,0,0,0,0,0,0,0,0,0,0,False,False,False,False,True,False,False,True,False,False,True,False,False,False,False,False,False,True,1,1,0,0,0,1,1,0,0,0,0,0,0
Shelter,0.7672209026128267,0.21734985700667298,0.0,0.20125786163522014,,0,0,0,0,0,0,0,0,0,0,0,0,0,0,0,0,0,0,0,0,0,0,0,0,0,0,0,0,0,0,0,0,0,0,0,0,0,0,0,0,1,0,0,0,0,0,0,0,0,0,0,0,0,0,0,1,0,0,0,0,0,0,0,0,0,0,0,0,0,0,0,0,0,0,0,0,False,False,False,False,True,False,False,True,False,True,False,False,False,False,False,False,False,False,0,0,0,0,0,0,0,0,0,0,0,0,0
When Marnie Was There,0.7030878859857481,0.2163965681601525,0.0,0.628930817610063,,0,0,0,0,0,0,0,0,0,0,0,0,0,0,1,0,0,0,0,0,0,0,0,0,0,0,0,0,0,0,0,0,0,0,0,0,0,0,0,0,0,1,0,0,0,0,0,0,1,0,0,0,0,0,0,0,0,0,0,0,0,0,0,0,0,0,0,1,0,0,0,0,0,0,0,0,False,False,False,False,True,False,False,True,False,True,False,False,False,False,False,False,False,False,0,0,0,0,0,0,0,0,0,0,0,1,1
A Couple of Cuckoos,0.4228028503562946,0.21544327931363205,0.046092184368737465,0.3427672955974843,0.07692307692307693,0,0,0,0,0,0,0,0,0,0,1,0,0,0,0,0,0,0,0,0,0,0,0,1,0,0,0,0,0,0,0,0,0,0,0,0,0,0,0,0,0,0,0,0,0,0,0,0,0,0,0,0,1,0,0,0,0,0,1,0,0,0,0,0,0,0,0,0,0,0,0,0,0,0,0,0,False,False,False,False,True,False,True,False,False,False,False,True,False,False,False,False,False,True,1,0,0,0,0,0,0,0,0,0,0,1,0
Girls und Panzer,0.5819477434679337,0.21448999046711148,0.022044088176352703,0.6006289308176102,0.3333333333333333,1,0,0,0,0,0,0,1,0,0,0,0,0,0,0,0,0,0,0,0,0,0,0,0,0,0,0,0,0,0,0,0,0,0,0,0,0,0,0,1,0,0,0,0,0,0,0,0,0,0,0,0,0,0,1,0,0,0,0,0,0,0,0,0,0,0,0,0,0,0,0,0,0,0,0,0,False,False,False,False,True,False,False,True,False,False,True,False,False,False,False,False,True,False,1,0,1,0,0,0,0,1,0,0,0,0,1
Vermeil in Gold,0.4085510688836105,0.21353670162059102,0.022044088176352703,0.35534591194968557,0.07692307692307693,0,0,0,0,0,0,0,0,0,0,0,0,0,0,0,1,0,0,1,0,0,0,0,0,0,0,0,0,0,0,0,0,0,0,0,0,0,0,0,0,0,0,0,0,0,0,0,0,0,0,0,0,0,0,1,0,0,0,1,0,0,0,0,0,0,0,0,0,0,0,0,0,0,0,0,0,False,False,False,False,True,False,True,False,False,False,True,False,False,False,False,False,False,True,1,1,0,0,1,0,0,0,0,0,0,0,0
Handa-kun,0.5368171021377672,0.21258341277407056,0.022044088176352703,0.42138364779874216,0.23076923076923075,0,0,0,0,0,0,0,0,0,0,1,0,0,0,0,0,0,0,0,0,0,0,0,0,0,0,0,0,0,0,0,0,0,0,0,0,0,0,0,0,0,0,0,0,0,0,0,0,0,0,0,0,0,0,1,0,0,0,1,0,0,0,0,0,0,0,0,0,0,0,0,0,0,0,1,0,False,False,False,False,True,False,True,False,False,False,True,False,False,False,False,False,True,False,1,0,0,0,0,0,0,0,1,0,0,0,0
I'm Standing on a Million Lives,0.3420427553444181,0.21163012392754998,0.022044088176352703,0.6226415094339623,0.1282051282051282,1,0,1,0,0,0,0,0,0,0,0,0,0,0,1,0,0,0,1,0,0,0,0,0,0,0,0,0,1,0,0,0,0,0,0,0,0,0,0,0,0,0,0,0,0,0,0,0,0,0,0,0,0,0,0,0,0,0,1,0,0,0,0,0,0,0,0,0,0,0,0,0,0,0,0,0,False,False,False,False,True,False,True,False,False,False,True,False,False,False,False,False,True,False,1,0,0,0,0,0,1,1,0,1,0,0,0
Anti-Magic Academy: The 35th Test Platoon,0.40617577197149646,0.21067683508102952,0.022044088176352703,0.5471698113207547,0.2564102564102564,1,0,0,0,0,0,0,0,0,0,0,0,0,0,0,1,0,0,1,0,0,0,0,1,0,0,0,0,0,0,0,0,0,0,0,0,0,0,0,1,0,0,0,0,0,0,0,0,0,0,0,0,1,0,0,0,0,0,0,0,0,0,0,0,0,0,0,0,0,0,1,0,0,0,0,0,False,False,False,False,True,False,True,False,False,False,True,False,False,False,False,False,True,False,1,1,1,0,0,0,0,1,0,0,0,0,0
JoJo's Bizarre Adventure: Stone Ocean Part 2,0.7030878859857481,0.20972354623450906,0.022044088176352703,0.449685534591195,,1,0,1,0,0,0,0,0,0,0,0,0,0,0,0,0,0,0,0,0,0,0,0,0,0,0,0,0,0,0,0,0,0,0,0,0,0,0,0,0,0,0,0,0,0,0,0,0,0,0,0,0,0,0,0,0,0,0,1,0,0,0,0,0,1,0,0,0,0,0,0,0,0,0,0,0,False,False,False,False,True,False,False,True,False,False,True,False,False,False,False,False,False,False,0,0,0,0,0,0,0,0,0,0,0,0,0
Ya Boy Kongming!,0.7173396674584323,0.2087702573879886,0.022044088176352703,0.6257861635220127,0.07692307692307693,0,1,0,0,0,0,0,0,0,0,1,0,0,0,0,0,0,0,0,0,0,0,0,0,0,0,0,0,0,0,0,0,0,0,0,0,0,0,0,0,1,0,0,0,0,0,0,0,0,0,1,0,0,0,0,0,0,0,0,1,0,0,0,0,0,0,0,0,0,0,0,0,0,0,0,0,False,False,False,False,True,False,False,True,False,False,True,False,False,False,False,False,False,True,0,0,1,0,0,0,1,0,0,0,0,0,0
Reincarnated as a Sword,0.5748218527315916,0.20781696854146803,0.022044088176352703,0.4591194968553459,0.07692307692307693,1,0,1,0,0,0,0,0,0,0,0,0,0,0,0,0,0,0,1,0,0,0,0,0,0,0,0,0,1,0,0,0,0,0,0,0,0,0,0,0,0,0,0,0,0,0,0,0,0,0,1,0,0,0,0,0,0,0,0,0,0,0,0,0,0,0,0,0,0,0,0,0,0,0,0,0,False,False,False,False,True,False,True,False,False,False,True,False,False,False,False,False,False,True,0,0,0,0,0,0,1,0,0,0,0,0,0
Black Lagoon: Roberta's Blood Trail,0.6983372921615201,0.20686367969494757,0.008016032064128256,0.3836477987421384,,1,1,0,0,0,0,0,0,0,0,0,0,0,0,0,0,0,0,0,0,0,0,0,0,0,0,0,0,0,0,0,0,0,0,0,0,0,0,0,0,0,0,0,1,0,0,0,0,0,0,0,0,0,0,0,0,1,0,0,0,0,0,0,0,0,0,0,0,0,0,0,0,0,0,0,0,False,False,False,False,True,False,False,True,False,False,True,False,False,False,False,False,False,False,0,0,1,0,0,0,1,0,0,1,1,0,0
The Genius Prince's Guide to Raising a Nation Out of Debt,0.5463182897862233,0.2059103908484271,0.022044088176352703,0.41509433962264153,0.07692307692307693,0,0,0,0,0,0,0,0,0,0,1,0,0,0,0,0,0,0,1,0,0,0,0,0,0,0,0,0,0,0,0,0,0,0,0,0,0,0,0,0,0,0,0,0,0,0,0,0,0,0,0,0,0,0,0,0,0,0,0,0,0,0,0,0,0,0,0,0,0,0,0,0,0,0,0,0,False,False,False,False,True,False,True,False,False,False,True,False,False,False,False,False,False,True,0,0,0,0,0,0,1,0,0,0,0,0,0
"Don't Toy with Me, Miss Nagatoro 2nd Attack",0.5629453681710215,0.20495710200190653,0.022044088176352703,0.3616352201257862,0.05128205128205128,0,0,0,0,0,0,0,0,0,0,1,0,0,0,0,0,0,0,0,0,0,0,0,0,0,0,0,0,0,0,0,0,0,1,0,0,0,0,0,0,0,0,0,0,0,0,0,0,0,0,0,0,1,0,1,0,0,0,0,0,0,0,0,0,0,0,0,0,0,0,0,0,0,0,0,0,False,False,False,False,True,False,True,False,False,False,True,False,False,False,False,False,False,True,0,0,0,0,1,0,0,0,0,0,0,0,1
Yuuna and the Haunted Hot Springs,0.44893111638954863,0.20400381315538607,0.022044088176352703,0.5440251572327044,0.1794871794871795,0,0,0,0,0,0,0,0,0,0,1,0,0,0,0,1,0,0,0,0,0,0,0,1,0,0,0,0,0,0,0,0,0,0,0,0,0,0,0,0,0,0,0,0,0,0,0,0,0,0,0,0,1,0,0,0,0,0,1,0,0,0,0,0,0,1,0,0,0,0,0,0,0,0,0,0,False,False,False,False,True,False,True,False,False,False,True,False,False,False,False,False,True,False,0,0,0,0,1,0,0,0,0,0,1,0,0
To Your Eternity Season 2,0.7173396674584323,0.2030505243088656,0.038076152304609215,0.42452830188679247,0.07692307692307693,0,0,1,0,0,0,0,0,0,0,0,0,0,0,1,0,0,0,0,0,0,0,0,0,0,0,0,0,0,0,0,0,0,0,0,0,0,0,0,0,0,0,0,0,0,0,0,0,0,0,0,0,0,0,0,0,0,0,1,0,0,0,0,0,0,1,0,0,0,0,0,0,0,0,0,0,False,False,False,False,True,False,False,True,False,False,False,True,False,False,False,False,False,True,0,0,1,0,0,0,0,0,0,0,0,0,0
Little Witch Academia,0.643705463182898,0.20209723546234504,0.0,0.4591194968553459,,0,0,1,0,0,0,0,0,0,0,1,0,0,0,0,0,0,0,1,0,0,0,0,0,0,0,0,0,0,0,0,0,0,0,0,0,0,0,0,0,0,0,0,0,0,0,0,0,0,0,0,0,0,0,1,0,0,0,0,0,0,0,0,0,0,0,0,0,0,0,0,0,0,0,0,0,False,False,False,False,True,False,False,True,False,True,False,False,False,False,False,False,False,False,1,1,0,1,0,0,1,0,0,0,0,0,0
This Art Club Has a Problem!,0.49406175771971506,0.20114394661582458,0.022044088176352703,0.2893081761006289,0.23076923076923075,0,0,0,0,0,0,0,0,0,0,1,0,0,0,0,0,0,0,0,0,0,0,0,0,0,0,0,0,0,0,0,0,0,0,0,0,0,0,0,0,0,0,0,0,0,0,0,0,0,0,0,0,1,0,1,0,1,0,0,0,0,0,0,0,0,0,0,0,0,0,0,0,0,0,1,0,False,False,False,False,True,False,True,False,False,False,True,False,False,False,False,False,True,False,1,0,1,0,0,0,0,0,0,0,0,0,0
Re:ZERO -Starting Life in Another World- Memory Snow,0.5938242280285035,0.20019065776930411,0.0,0.339622641509434,,0,0,0,0,0,0,0,0,0,0,0,0,0,0,0,0,0,0,1,0,0,0,0,0,0,0,0,0,1,0,0,0,0,0,0,0,0,0,0,0,0,0,0,0,0,0,0,0,0,0,0,0,0,0,0,0,0,0,0,0,0,0,0,0,0,0,0,0,0,0,0,0,0,0,0,0,False,False,False,False,True,False,False,True,False,True,False,False,False,False,False,False,False,False,0,0,0,0,0,0,0,0,0,0,0,0,0
Aldnoah.Zero Part 2,0.4346793349168647,0.19923736892278354,0.022044088176352703,0.44025157232704404,0.2564102564102564,0,0,0,0,0,0,0,0,0,0,0,0,0,0,0,0,0,0,0,0,0,0,0,0,0,0,0,0,0,0,0,0,0,0,0,0,0,1,0,0,0,0,0,0,0,0,0,0,0,0,0,0,0,0,0,1,0,0,0,0,0,1,0,0,0,0,0,0,0,0,0,0,0,0,0,0,False,False,False,False,True,False,True,False,False,False,True,False,False,False,False,False,True,False,0,0,1,0,0,0,1,0,0,0,0,0,0
"I Couldn't Become a Hero, So I Reluctantly Decided to Get a Job",0.40617577197149646,0.19828408007626308,0.022044088176352703,0.4811320754716981,0.3076923076923077,0,0,0,0,0,0,0,0,0,0,1,0,0,0,0,1,0,0,1,0,0,0,0,0,0,0,0,0,0,0,0,0,0,0,0,0,0,0,0,0,0,0,0,0,0,0,0,0,0,0,0,0,1,0,0,0,0,0,0,0,0,0,0,0,0,0,0,0,0,0,0,0,0,0,0,0,False,False,False,False,True,False,True,False,False,False,True,False,False,False,False,False,True,False,0,1,0,0,1,0,0,1,0,0,0,0,0
Haibane Renmei,0.6912114014251782,0.19733079122974262,0.02404809619238477,0.42452830188679247,0.5897435897435898,0,0,0,0,0,0,0,0,0,0,0,0,0,0,1,0,0,0,1,0,0,0,0,0,0,0,0,0,0,0,0,0,0,0,0,0,0,0,0,0,0,1,0,0,0,0,0,0,1,0,0,0,0,0,0,0,0,0,0,0,0,0,0,0,0,0,0,0,0,0,0,0,0,0,0,0,False,False,False,False,True,False,False,True,False,False,True,False,False,False,False,True,False,False,0,0,0,0,0,0,0,0,0,0,0,0,0
Noblesse,0.4323040380047507,0.19637750238322216,0.02404809619238477,0.6226415094339623,0.1282051282051282,1,0,0,0,0,0,0,0,0,0,0,0,0,0,0,0,0,0,0,0,0,0,0,0,0,0,0,0,0,0,0,0,0,0,0,0,0,0,0,0,0,0,0,0,0,0,0,0,0,0,0,0,0,0,1,0,0,0,0,0,0,0,0,0,0,1,0,0,0,0,0,1,0,0,0,0,False,False,False,False,True,False,True,False,False,False,True,False,False,False,False,False,True,False,1,0,0,0,0,0,0,0,0,1,0,0,0
Mushi-shi: Next Passage Part 1,0.8551068883610451,0.19542421353670159,0.018036072144288578,0.44654088050314467,0.28205128205128205,0,1,1,0,0,0,0,0,0,0,0,0,0,0,0,0,0,0,0,0,0,0,0,0,0,1,0,0,0,1,0,0,0,0,0,0,0,0,0,0,0,1,0,0,0,0,0,0,0,0,0,0,0,0,0,0,1,0,0,0,1,0,0,0,0,1,0,0,0,0,0,0,0,0,0,0,False,False,False,False,True,False,False,False,True,False,True,False,False,False,False,False,True,False,0,0,1,0,0,0,1,0,0,0,1,0,0
Deca-Dence,0.5391923990498813,0.19447092469018112,0.022044088176352703,0.6226415094339623,0.1282051282051282,1,0,1,0,0,0,0,0,0,0,0,0,0,0,0,0,0,0,0,0,0,0,0,0,0,0,0,0,0,0,0,0,0,0,0,0,0,0,0,0,0,0,0,0,0,0,0,0,0,0,0,0,0,0,0,1,0,0,0,0,0,0,0,0,0,0,0,0,0,0,0,0,0,0,0,0,False,False,False,False,True,False,True,False,False,False,True,False,False,False,False,False,True,False,0,0,1,0,0,1,0,1,0,0,0,0,0
OniAi,0.31591448931116406,0.19351763584366066,0.022044088176352703,0.39622641509433965,0.3333333333333333,0,0,0,0,0,0,0,0,0,0,1,0,0,0,0,1,0,0,0,0,0,0,0,1,0,0,0,0,0,0,0,0,0,0,0,0,0,0,0,0,0,0,0,0,0,0,0,0,0,0,0,0,1,0,1,0,0,0,0,0,0,0,0,0,0,0,0,0,0,0,0,0,0,0,0,0,False,False,False,False,True,True,False,False,False,False,True,False,False,False,False,False,True,False,0,0,0,1,0,0,0,0,0,0,0,0,0
Tada Never Falls in Love,0.5914489311163897,0.1925643469971401,0.02404809619238477,0.7201257861635221,0.1794871794871795,0,0,0,0,0,0,0,0,0,0,1,0,0,0,0,0,0,0,0,0,0,0,0,0,0,0,0,0,0,0,0,0,0,0,0,0,0,0,0,0,0,0,0,0,0,0,0,0,0,0,0,0,1,0,1,0,0,0,0,0,0,0,0,0,0,0,0,0,0,0,0,0,0,0,1,0,False,False,False,False,True,False,False,True,False,False,True,False,False,False,False,False,True,False,1,0,0,0,0,0,0,0,0,0,0,0,1
Tokyo Godfathers,0.7600950118764844,0.19161105815061963,0.0,0.3836477987421384,,0,1,0,0,0,1,0,0,1,0,1,0,0,0,1,0,0,0,0,0,0,0,0,0,0,0,0,0,0,0,0,0,0,0,0,0,0,0,0,0,0,0,0,0,0,0,0,0,0,0,0,0,0,0,0,0,0,0,0,0,0,0,0,0,0,0,0,0,0,0,0,0,0,0,0,0,False,False,False,False,True,False,False,True,False,True,False,False,False,False,False,False,False,False,0,0,0,0,0,0,0,0,0,1,0,0,0
We Never Learn: BOKUBEN Season 2,0.5344418052256532,0.19065776930409917,0.02404809619238477,0.4779874213836478,0.15384615384615385,0,0,0,0,0,0,0,0,0,0,1,0,0,0,0,0,0,0,0,0,0,0,0,1,0,0,0,0,0,0,0,0,0,0,0,0,0,0,0,0,0,0,0,0,0,0,0,0,0,0,0,0,1,0,1,0,0,0,1,0,0,0,0,0,0,0,0,0,0,0,0,0,0,0,0,0,False,False,False,False,True,False,True,False,False,False,True,False,False,False,False,False,True,False,1,0,0,1,0,0,0,0,0,0,0,0,0
A Sign of Affection,0.7410926365795725,0.1897044804575786,0.022044088176352703,0.3207547169811321,0.02564102564102564,0,1,0,0,0,0,0,0,0,0,0,0,0,0,0,0,0,0,0,0,0,0,0,0,0,0,0,0,0,0,0,0,0,0,0,0,0,0,0,0,0,0,0,0,0,0,0,0,0,0,0,0,1,0,0,0,0,1,0,0,0,0,0,0,0,0,0,0,0,0,0,0,0,0,0,0,False,False,False,False,True,False,False,True,False,False,True,False,False,False,False,False,False,True,1,0,0,0,0,0,0,0,0,0,0,0,0
Majikoi: Oh! Samurai Girls,0.37292161520190037,0.18875119161105813,0.022044088176352703,0.5817610062893082,0.358974358974359,1,0,0,0,0,0,0,0,0,0,1,0,0,0,0,1,0,0,0,0,0,0,0,1,0,0,0,0,0,0,0,0,0,0,0,0,1,0,0,0,0,0,0,0,0,0,0,0,0,0,0,0,1,0,1,0,0,0,0,0,0,0,0,0,1,0,0,0,0,0,0,0,0,0,0,0,False,False,False,False,True,False,True,False,False,False,True,False,False,False,False,False,True,False,1,0,0,0,1,0,0,1,0,0,0,0,0
Highschool of the Dead: Drifters of the Dead,0.3657957244655583,0.18779790276453767,0.0,0.32389937106918243,,0,0,0,0,0,0,0,0,0,0,1,0,0,0,0,1,0,0,0,0,0,0,0,0,0,0,0,0,0,0,0,0,0,0,0,0,0,0,0,0,0,0,0,0,0,0,0,0,0,0,0,0,0,0,0,0,0,0,1,0,0,0,0,0,0,1,0,0,0,0,0,0,0,0,0,0,False,False,False,False,True,False,True,False,False,True,False,False,False,False,False,False,False,False,0,0,0,0,0,0,0,0,0,0,0,0,0
SSSS.Gridman,0.486935866983373,0.1868446139180171,0.022044088176352703,0.46540880503144655,0.1794871794871795,0,0,0,0,0,1,0,0,0,0,0,0,0,0,0,0,0,0,0,0,0,0,0,0,0,0,0,0,0,0,0,0,0,0,0,0,0,1,0,0,0,0,0,0,0,0,0,0,0,0,0,0,0,0,0,1,0,0,0,0,0,0,0,0,0,0,0,0,0,0,0,0,0,0,0,0,False,False,False,False,True,False,True,False,False,False,True,False,False,False,False,False,True,False,0,0,0,0,0,1,0,0,0,0,0,0,0
KenIchi: The Mightiest Disciple,0.7007125890736341,0.18589132507149664,0.09819639278557113,0.7452830188679246,0.48717948717948717,1,0,0,0,0,0,0,0,0,0,1,0,0,0,0,0,0,0,0,0,0,0,0,0,0,0,0,0,0,0,0,0,0,0,0,0,1,0,0,0,0,0,0,0,0,0,0,0,0,0,0,0,0,0,1,0,0,0,1,0,0,0,0,0,0,0,0,0,0,0,0,0,0,0,0,0,False,False,False,False,True,False,False,True,False,False,False,False,True,False,False,True,False,False,1,0,0,0,0,0,0,0,0,0,0,0,1
Gachiakuta,0.7054631828978626,0.18493803622497618,0.046092184368737465,0.5471698113207547,0.0,1,0,0,0,0,0,0,0,0,0,0,0,0,0,0,0,0,0,1,0,0,0,0,0,0,0,0,0,0,0,0,0,0,0,0,0,0,0,0,0,0,0,0,0,0,0,0,0,0,0,0,0,0,0,0,0,0,0,1,0,0,0,0,0,0,0,0,0,0,0,0,0,0,0,0,0,False,False,False,False,True,False,False,True,False,False,False,True,False,False,False,False,False,True,0,0,1,0,0,0,0,0,0,1,0,0,0
Ground Control to Psychoelectric Girl,0.48218527315914494,0.18398474737845572,0.022044088176352703,0.5660377358490566,0.358974358974359,0,0,0,0,0,0,0,0,0,0,1,0,0,0,0,0,0,0,0,0,0,0,0,0,0,0,0,0,0,0,0,0,0,0,0,0,0,0,0,0,0,0,0,0,0,0,0,0,0,0,0,0,0,0,0,1,0,0,0,0,0,0,0,0,0,0,0,0,0,0,0,0,0,0,0,0,False,False,False,False,True,False,True,False,False,False,True,False,False,False,False,False,True,False,1,0,0,0,0,1,0,0,0,0,0,1,0
The Legend of the Legendary Heroes,0.5724465558194776,0.18303145853193514,0.046092184368737465,0.46855345911949686,0.3846153846153846,1,0,1,0,0,0,0,0,0,0,0,0,0,0,0,0,0,0,1,0,0,0,0,0,0,0,0,0,0,0,0,0,0,0,0,0,0,0,0,1,0,0,0,0,0,0,0,0,0,0,0,0,0,0,0,0,0,0,0,0,0,0,0,0,0,0,0,0,0,0,0,0,0,0,0,0,False,False,False,False,True,False,True,False,False,False,False,True,False,False,False,True,False,False,1,1,1,0,0,0,1,1,0,0,1,0,0
Shakugan no Shana: Season II,0.5843230403800477,0.18207816968541468,0.046092184368737465,0.6132075471698114,0.4615384615384615,1,0,0,0,0,0,0,0,0,0,0,0,0,0,1,0,0,0,1,0,0,0,0,0,0,0,0,0,0,0,0,0,0,0,0,0,0,0,0,0,0,0,0,0,0,0,0,0,0,0,0,0,1,0,1,0,0,0,0,0,0,0,0,0,0,0,0,0,0,0,1,0,0,0,0,0,False,False,False,False,True,False,False,True,False,False,False,True,False,False,False,True,False,False,1,1,0,0,0,0,0,0,0,0,0,0,0
Goblin Slayer: Goblin's Crown,0.517814726840855,0.18112488083889422,0.0,0.13522012578616352,,1,0,1,0,0,0,0,0,0,0,0,0,0,0,0,0,0,0,1,0,0,1,0,0,0,0,0,0,0,0,0,0,0,0,0,0,0,0,0,0,0,0,0,0,0,0,0,0,0,0,0,0,0,0,0,0,0,0,0,0,0,0,0,0,0,0,0,0,0,0,0,0,0,0,0,0,False,False,False,False,True,False,True,False,False,True,False,False,False,False,False,False,False,False,0,0,0,0,0,0,1,0,0,0,0,0,0
Fighting Spirit: New Challenger,0.8527315914489313,0.18017159199237365,0.0501002004008016,0.2893081761006289,0.41025641025641024,0,0,0,0,0,0,0,0,0,1,0,0,0,0,0,0,0,0,0,0,0,0,0,0,0,0,0,0,0,0,0,0,0,0,0,0,0,0,0,0,0,0,0,0,0,0,0,0,0,0,0,0,0,0,0,0,0,0,1,0,0,0,1,0,0,0,0,0,0,0,0,0,0,0,0,0,False,False,False,False,True,False,False,False,True,False,False,True,False,False,False,True,False,False,0,0,0,0,1,0,0,0,0,0,0,0,0
Saga of Tanya the Evil: The Movie,0.7482185273159148,0.17921830314585319,0.0,0.5062893081761006,,1,0,0,0,0,0,0,0,0,0,0,0,0,0,0,0,0,0,1,0,0,0,0,0,0,0,0,0,1,0,0,0,0,0,0,0,0,0,0,1,0,0,0,0,0,0,0,0,0,0,1,0,0,0,0,0,0,0,0,0,0,0,0,0,0,0,0,0,0,0,0,0,0,0,0,0,False,False,False,False,True,False,False,True,False,True,False,False,False,False,False,False,False,False,0,1,1,0,0,0,0,0,0,0,0,0,0
"Clannad: Another World, Tomoyo Chapter",0.6745843230403801,0.17826501429933272,0.0,0.4748427672955975,,0,0,0,0,0,0,0,0,0,0,0,0,0,0,1,0,0,0,0,0,0,0,0,0,0,0,0,0,0,0,0,0,0,0,0,0,0,0,0,0,0,0,0,0,0,0,0,0,0,0,0,0,1,0,1,0,0,0,0,0,0,0,0,0,0,0,0,0,0,0,0,0,0,0,0,0,False,False,False,False,True,False,False,True,False,True,False,False,False,False,False,False,False,False,1,0,1,0,0,0,0,0,0,0,0,0,0
My Wife is the Student Council President!,0.34916864608076015,0.17731172545281215,0.022044088176352703,0.389937106918239,0.2564102564102564,0,0,0,0,0,0,0,0,0,0,1,0,0,0,0,1,0,0,0,0,0,0,0,0,0,0,0,0,0,0,0,0,0,0,0,0,0,0,0,0,0,0,0,0,0,0,0,0,0,0,0,0,1,0,1,0,0,0,1,0,0,0,0,0,0,0,0,0,0,0,0,0,0,0,0,0,False,False,False,False,True,False,True,False,False,False,True,False,False,False,False,False,True,False,1,0,0,1,0,0,0,0,1,0,0,0,0
Naruto the Movie 1: Ninja Clash in the Land of Snow,0.486935866983373,0.1763584366062917,0.0,0.3427672955974843,,1,0,1,0,0,0,0,0,0,0,0,0,0,0,0,0,0,0,1,0,0,0,0,0,0,0,0,0,0,0,0,0,0,0,0,0,0,0,0,0,0,0,0,0,0,0,0,0,0,0,0,0,0,0,0,0,0,0,1,0,0,0,0,0,0,0,0,0,0,0,0,0,0,0,0,0,False,False,False,False,True,False,True,False,False,True,False,False,False,False,False,False,False,False,0,0,0,0,0,0,0,0,0,0,0,0,0
Penguindrum,0.6745843230403801,0.17540514775977123,0.046092184368737465,0.5817610062893082,0.358974358974359,0,0,0,0,1,0,0,0,0,0,0,0,0,0,1,0,0,0,0,0,0,0,0,0,0,0,0,0,0,0,0,0,0,0,0,0,0,0,0,0,0,1,0,0,0,0,0,0,1,0,0,0,0,0,0,0,0,0,0,0,0,0,0,0,0,1,0,1,0,0,0,0,0,0,0,0,False,False,False,False,True,False,False,True,False,False,False,True,False,False,False,False,True,False,0,0,1,0,0,0,0,0,0,0,0,0,0
The Seven Deadly Sins the Movie: Prisoners of the Sky,0.4774346793349169,0.17445185891325066,0.0,0.5188679245283019,,1,0,1,0,0,0,0,0,0,0,0,0,0,0,0,0,0,0,1,0,0,0,0,0,0,0,0,0,0,0,0,0,0,0,0,0,0,0,0,0,0,0,0,0,0,0,0,0,0,0,0,0,0,0,0,0,0,0,1,0,0,0,0,0,0,0,0,0,0,0,0,0,0,0,0,0,False,False,False,False,True,False,True,False,False,True,False,False,False,False,False,False,False,False,0,0,0,0,1,0,1,0,0,0,1,0,0
Maken-Ki!,0.2897862232779098,0.1734985700667302,0.022044088176352703,0.30188679245283023,0.358974358974359,1,0,0,0,0,0,0,0,0,0,0,0,0,0,0,1,0,0,0,0,0,0,0,1,0,0,0,0,0,0,0,0,0,0,0,0,1,0,0,0,0,0,0,0,0,0,0,0,0,0,0,0,0,0,1,0,0,0,1,0,0,0,0,0,1,0,0,0,0,0,0,0,0,0,0,0,False,False,False,False,True,True,False,False,False,False,True,False,False,False,False,False,True,False,1,1,0,1,0,0,0,0,1,0,0,1,0
Naruto Shippuden the Movie 1,0.5249406175771971,0.17254528122020973,0.0,0.32389937106918243,,1,0,1,0,0,0,0,0,0,0,0,0,0,0,0,0,0,0,1,0,0,0,0,0,0,0,0,0,0,0,0,0,0,0,0,0,0,0,0,0,0,0,0,0,0,0,0,0,0,0,0,0,0,0,0,0,0,0,1,0,0,0,0,0,0,0,0,0,0,0,0,0,0,0,0,0,False,False,False,False,True,False,True,False,False,True,False,False,False,False,False,False,False,False,0,0,0,0,1,0,0,0,0,0,0,0,0
Patema Inverted,0.6769596199524941,0.17159199237368927,0.0,0.5440251572327044,,0,0,1,0,0,1,0,0,0,0,0,0,0,0,0,0,0,0,0,0,0,0,0,0,0,0,0,0,0,0,0,0,0,0,0,0,0,0,0,0,0,0,0,0,0,0,0,0,0,0,0,0,0,0,0,1,0,0,0,0,0,0,0,0,0,0,0,0,0,0,0,0,0,0,0,0,False,False,False,False,True,False,False,True,False,True,False,False,False,False,False,False,False,False,1,0,1,0,0,0,0,0,0,0,0,0,0
Hamatora The Animation,0.5130641330166272,0.1706387035271687,0.022044088176352703,0.44025157232704404,0.28205128205128205,1,0,0,0,0,0,0,0,0,0,0,0,0,0,0,0,0,0,0,0,0,0,0,0,0,0,0,0,0,0,0,0,0,0,0,0,0,0,0,0,0,1,0,0,0,0,0,0,0,0,0,0,0,0,0,0,0,0,0,0,0,0,0,0,1,0,0,0,0,0,0,0,0,0,0,0,False,False,False,False,True,False,True,False,False,False,True,False,False,False,False,False,True,False,0,0,0,0,1,0,0,0,0,1,1,0,0
Suppose a Kid from the Last Dungeon Boonies Moved to a Starter Town?,0.29453681710213786,0.16968541468064824,0.022044088176352703,0.4025157232704403,0.10256410256410256,0,0,1,0,0,0,0,0,0,0,1,0,0,0,0,0,0,0,1,0,0,0,0,0,0,0,0,0,0,0,0,0,0,0,0,0,0,0,0,0,0,0,0,0,0,0,0,0,0,0,0,0,0,0,0,0,0,0,0,0,0,0,0,0,0,0,0,0,0,0,0,0,0,0,0,0,False,False,False,False,True,True,False,False,False,False,True,False,False,False,False,False,False,True,1,1,1,0,0,0,1,0,0,0,0,0,0
Fuuka,0.33966745843230406,0.16873212583412778,0.022044088176352703,0.4276729559748428,0.20512820512820512,0,0,0,0,0,0,0,0,0,0,0,0,0,0,1,1,0,0,0,0,0,0,0,0,0,0,0,0,0,0,0,0,1,0,0,0,0,0,0,0,1,0,0,0,0,0,0,0,0,0,0,0,1,0,1,0,0,0,1,0,0,0,0,0,0,0,0,0,0,0,0,0,0,0,0,0,False,False,False,False,True,False,True,False,False,False,True,False,False,False,False,False,True,False,1,0,0,0,0,0,0,0,0,0,0,0,0
Hybrid x Heart Magias Academy Ataraxia,0.24465558194774362,0.1677788369876072,0.022044088176352703,0.3113207547169812,0.23076923076923075,1,0,0,0,0,0,0,0,0,0,1,0,0,0,0,1,0,0,1,0,0,0,0,1,0,0,0,0,0,0,0,0,0,0,0,0,0,0,0,0,0,0,0,0,0,0,0,0,0,0,0,0,1,0,1,0,0,0,0,0,0,0,0,0,0,0,0,0,0,0,1,0,0,0,0,0,False,False,False,False,True,True,False,False,False,False,True,False,False,False,False,False,True,False,1,0,0,0,0,0,0,0,1,0,0,0,0
Tsukimichi -Moonlit Fantasy- Season 2,0.6555819477434679,0.16682554814108674,0.04809619238476953,0.37735849056603776,0.02564102564102564,1,0,1,0,0,0,0,0,0,0,1,0,0,0,0,0,0,0,1,0,0,0,0,0,0,0,0,0,1,0,0,0,0,0,0,0,0,0,0,0,0,0,0,0,0,0,0,0,0,0,0,0,0,0,0,0,0,0,0,0,0,0,0,0,0,0,0,0,0,0,0,0,0,0,0,0,False,False,False,False,True,False,False,True,False,False,False,True,False,False,False,False,False,True,1,1,0,0,0,0,0,0,0,0,0,0,0
Somali and the Forest Spirit,0.6484560570071258,0.16587225929456628,0.022044088176352703,0.29559748427672955,0.1282051282051282,0,0,1,1,0,0,0,0,1,0,0,0,0,0,1,0,0,0,1,0,0,0,0,0,0,0,0,0,0,0,0,0,0,0,0,0,0,0,0,0,0,0,0,0,0,0,0,0,0,0,0,0,0,0,0,0,0,0,0,0,0,0,0,0,0,0,0,0,0,0,0,0,0,0,0,0,False,False,False,False,True,False,False,True,False,False,True,False,False,False,False,False,True,False,0,0,1,0,1,0,0,0,0,0,0,1,0
Princess Connect! Re:Dive,0.463182897862233,0.1649189704480457,0.02404809619238477,0.4716981132075472,0.1282051282051282,0,0,1,0,0,0,0,0,0,0,1,0,0,0,0,0,0,0,1,0,0,0,1,0,0,0,0,0,0,0,0,0,0,0,0,0,0,0,0,0,0,0,0,0,0,0,0,0,0,0,0,0,0,0,0,0,0,0,0,0,0,0,0,0,0,0,0,0,0,0,0,0,0,0,0,0,False,False,False,False,True,False,True,False,False,False,True,False,False,False,False,False,True,False,0,1,0,0,0,0,1,0,0,0,0,0,0
Tokyo Magnitude 8.0,0.6935866983372923,0.16396568160152525,0.02004008016032064,0.4716981132075472,0.41025641025641024,0,0,0,0,0,1,0,0,0,0,0,0,0,0,1,0,0,0,0,0,0,0,0,0,0,0,0,0,0,0,0,0,0,0,0,0,0,0,0,0,0,0,0,0,0,0,0,0,0,0,0,0,0,0,0,0,0,0,0,0,0,0,0,0,0,0,0,0,0,0,0,0,0,0,0,0,False,False,False,False,True,False,False,True,False,False,True,False,False,False,False,True,False,False,1,0,0,0,0,1,0,0,0,0,0,0,0
Anohana: The Flower We Saw That Day The Movie,0.6532066508313541,0.1630123927550048,0.0,0.20754716981132076,,0,0,0,0,0,0,0,0,0,0,0,0,0,0,1,0,0,0,0,0,0,0,0,0,0,0,0,0,0,0,0,0,0,0,0,0,0,0,0,0,0,0,0,0,0,0,0,0,0,0,0,0,0,0,0,0,0,0,0,0,0,0,0,0,0,1,0,0,0,0,0,0,0,0,0,0,False,False,False,False,True,False,False,True,False,True,False,False,False,False,False,False,False,False,0,0,0,0,0,0,0,0,0,0,0,0,0
Dimension W,0.4964370546318291,0.16205910390848421,0.022044088176352703,0.5157232704402516,0.23076923076923075,1,0,0,0,0,0,0,0,0,0,0,0,0,0,0,0,0,0,0,0,0,0,0,0,0,0,0,0,0,0,0,0,0,0,0,0,0,0,0,0,0,0,0,0,0,0,0,0,0,0,0,0,0,0,0,1,1,0,0,0,0,0,0,0,0,0,0,0,0,0,0,0,0,0,0,0,False,False,False,False,True,False,True,False,False,False,True,False,False,False,False,False,True,False,0,0,1,0,0,1,0,0,0,0,0,0,0
Ajin: Demi-Human 2nd Season,0.5866983372921615,0.16110581506196375,0.02404809619238477,0.3616352201257862,0.23076923076923075,1,0,0,0,0,0,0,0,0,0,0,0,0,0,0,0,0,0,0,0,0,1,0,0,0,0,1,0,0,0,0,0,0,0,0,0,0,0,0,0,0,1,0,0,0,0,0,0,0,0,0,0,0,0,0,0,1,0,0,0,0,0,0,0,0,1,0,0,0,0,0,0,0,0,0,0,False,False,False,False,True,False,False,True,False,False,True,False,False,False,False,False,True,False,0,0,0,0,0,0,0,0,0,0,0,0,0
Silver Spoon,0.7149643705463185,0.1601525262154433,0.02004008016032064,0.5943396226415094,0.3076923076923077,0,0,0,0,0,0,0,0,0,0,1,0,0,0,0,0,0,0,0,0,0,0,0,0,0,0,0,0,0,0,0,0,0,0,0,0,0,0,0,0,0,0,0,0,0,0,0,0,0,0,0,0,0,0,1,0,0,0,1,0,0,0,0,0,0,0,0,0,0,0,0,0,0,0,0,0,False,False,False,False,True,False,False,True,False,False,True,False,False,False,False,False,True,False,1,0,0,0,0,0,0,0,0,0,0,0,0
Air,0.5201900237529691,0.15919923736892283,0.022044088176352703,0.46855345911949686,0.5128205128205128,0,0,0,0,0,0,0,0,0,0,0,0,0,0,1,0,0,0,0,0,0,0,0,0,0,0,0,0,0,0,0,0,0,0,0,0,0,0,0,0,0,0,0,0,0,0,0,0,0,0,0,0,1,0,0,0,0,0,0,0,0,0,0,0,0,1,0,0,0,0,0,0,0,0,0,0,False,False,False,False,True,False,True,False,False,False,True,False,False,False,False,True,False,False,0,0,0,0,0,0,0,0,0,0,0,0,0
Showa Genroku Rakugo Shinju,0.824228028503563,0.15824594852240226,0.02404809619238477,0.6320754716981133,0.23076923076923075,0,1,0,0,0,0,0,0,0,0,0,0,0,0,1,0,0,0,0,0,0,0,0,0,0,1,0,0,0,0,1,0,1,0,0,0,0,0,0,0,0,0,0,0,0,0,1,0,0,0,0,0,0,0,0,0,0,0,0,0,0,0,0,0,0,0,0,0,0,0,0,0,0,0,0,0,False,False,False,False,True,False,False,False,True,False,True,False,False,False,False,False,True,False,0,0,0,0,0,0,0,1,0,1,0,0,1
The Ambition of Oda Nobuna,0.5391923990498813,0.1572926596758818,0.022044088176352703,0.5943396226415094,0.3333333333333333,1,0,0,0,0,0,0,0,0,0,1,0,0,0,0,0,0,0,0,0,0,0,0,1,0,1,0,0,0,0,0,0,0,0,0,0,0,0,0,1,0,0,0,0,0,0,0,0,0,0,0,0,1,0,0,0,0,0,0,0,0,0,0,0,0,0,0,0,0,1,0,0,0,0,0,0,False,False,False,False,True,False,True,False,False,False,True,False,False,False,False,False,True,False,1,0,1,0,0,1,1,0,0,0,0,0,0
One Piece Film: Z,0.7197149643705463,0.15633937082936133,0.0,0.4371069182389937,,1,0,1,0,0,0,0,0,0,0,0,0,0,0,0,0,0,0,1,0,0,0,0,0,0,0,0,0,0,0,0,0,0,0,0,0,0,0,0,0,0,0,0,0,0,0,0,0,0,0,0,0,0,0,0,0,0,0,1,0,0,0,0,0,0,0,0,0,0,0,0,0,0,0,0,0,False,False,False,False,True,False,False,True,False,True,False,False,False,False,False,False,False,False,0,0,0,0,0,0,0,0,0,0,0,0,0
Re:ZERO -Starting Life in Another World- The Frozen Bond,0.5938242280285035,0.15538608198284076,0.0,0.46226415094339623,,0,0,0,0,0,0,0,0,0,0,0,0,0,0,1,0,0,0,1,0,0,0,0,0,0,0,0,0,0,0,0,0,0,0,0,0,0,0,0,0,0,0,0,0,0,0,0,0,1,0,0,0,0,0,0,0,0,0,0,0,0,0,0,0,0,0,0,1,0,0,0,0,0,0,0,0,False,False,False,False,True,False,False,True,False,True,False,False,False,False,False,False,False,False,0,1,1,0,1,0,1,0,0,0,0,0,0
Full Metal Panic? Fumoffu,0.6983372921615201,0.1544327931363203,0.022044088176352703,0.4811320754716981,0.5641025641025641,1,0,0,0,0,0,0,0,0,0,1,0,0,0,0,0,0,0,0,1,0,0,0,0,0,0,0,0,0,0,0,0,0,0,0,0,0,0,0,0,0,0,0,0,0,0,0,0,0,0,0,0,0,0,1,0,0,0,0,0,0,0,0,0,0,0,0,0,0,0,0,0,0,0,0,0,False,False,False,False,True,False,False,True,False,False,True,False,False,False,False,True,False,False,1,0,1,0,0,0,0,0,1,0,0,0,0
Amnesia,0.2114014251781473,0.15347950428979984,0.022044088176352703,0.5408805031446541,0.3076923076923077,0,0,0,0,0,0,0,0,0,0,0,0,0,0,0,0,0,0,1,0,0,0,0,0,0,0,0,0,0,0,1,0,0,0,0,0,0,0,0,0,0,1,0,0,0,0,0,0,0,0,0,1,1,0,0,0,0,0,0,0,0,0,0,0,0,0,0,0,0,0,0,0,0,0,0,0,False,False,False,False,True,True,False,False,False,False,True,False,False,False,False,False,True,False,0,0,1,0,0,0,0,0,0,0,0,0,0
Bungo Stray Dogs: Dead Apple,0.672209026128266,0.15252621544327927,0.0,0.30817610062893086,,1,1,0,0,0,0,0,0,0,0,0,0,0,1,0,0,0,0,0,0,0,0,0,0,0,0,0,0,0,0,0,0,0,0,0,0,0,0,0,0,0,1,0,1,0,0,0,0,0,0,0,0,0,0,0,0,1,0,0,0,0,0,0,0,1,0,0,0,0,0,0,0,0,0,0,0,False,False,False,False,True,False,False,True,False,True,False,False,False,False,False,False,False,False,0,0,0,0,0,0,0,0,0,1,0,0,1
"The 100 Girlfriends Who Really, Really, Really, Really, Really Love You",0.6199524940617578,0.1515729265967588,0.022044088176352703,0.46855345911949686,0.05128205128205128,0,0,0,0,0,0,0,0,0,0,1,0,0,0,0,0,0,0,0,0,0,0,0,1,0,0,0,0,0,0,0,0,0,0,0,0,0,0,0,0,0,0,0,0,0,1,0,0,0,0,0,0,1,0,1,0,1,0,0,0,0,0,0,0,0,0,0,0,0,0,0,0,0,0,0,0,False,False,False,False,True,False,False,True,False,False,True,False,False,False,False,False,False,True,1,0,0,0,0,0,0,1,0,0,0,0,0
Blue Lock Season 2,0.5843230403800477,0.15061963775023834,0.026052104208416832,0.5628930817610063,0.02564102564102564,0,0,0,0,0,0,0,0,0,0,0,0,0,0,0,0,0,0,0,0,0,0,0,0,0,0,0,0,0,0,0,0,0,0,0,0,0,0,0,0,0,0,0,0,0,0,0,0,0,0,0,0,0,0,0,0,0,0,1,0,0,0,1,0,0,0,0,0,1,0,0,0,0,0,0,0,False,False,False,False,True,False,False,True,False,False,False,True,False,False,False,False,False,True,0,0,0,0,0,0,0,1,0,0,0,0,0
Campfire Cooking in Another World with My Absurd Skill,0.6080760095011877,0.14966634890371777,0.022044088176352703,0.44654088050314467,0.05128205128205128,0,0,1,0,0,0,0,0,0,0,1,0,0,0,0,0,0,0,1,0,0,0,1,0,0,0,0,0,1,0,0,0,0,0,0,0,0,0,0,0,0,0,0,0,0,0,0,0,0,0,0,0,0,0,0,0,0,0,0,0,0,0,0,0,0,0,0,0,0,0,0,0,0,0,0,0,False,False,False,False,True,False,False,True,False,False,True,False,False,False,False,False,False,True,0,0,1,0,0,0,1,0,0,0,0,0,0
Juni Taisen: Zodiac War,0.3444180522565321,0.1487130600571973,0.022044088176352703,0.37421383647798745,0.20512820512820512,1,0,0,0,0,0,0,0,0,0,0,0,0,0,0,0,0,0,0,0,0,1,0,0,1,0,0,0,0,0,0,0,0,0,0,0,0,0,0,0,0,0,0,0,0,0,0,0,0,0,0,0,0,0,0,0,0,0,0,0,0,0,0,0,0,0,0,1,0,0,0,0,0,0,0,0,False,False,False,False,True,False,True,False,False,False,True,False,False,False,False,False,True,False,0,0,1,0,0,0,0,1,0,0,0,1,0
Fate/Grand Order: Absolute Demonic Front - Babylonia,0.6793349168646083,0.14775977121067685,0.040080160320641274,0.6415094339622642,0.15384615384615385,1,0,0,0,0,0,0,0,0,0,0,0,0,0,0,0,0,0,1,0,0,0,0,0,0,0,0,0,1,0,0,0,0,0,0,0,0,0,0,0,0,0,0,0,0,0,0,0,0,0,0,0,0,0,0,0,0,0,0,0,0,0,0,0,0,0,0,0,0,0,0,0,0,0,0,0,False,False,False,False,True,False,False,True,False,False,False,True,False,False,False,False,True,False,0,1,0,0,1,1,0,0,0,0,1,0,0
Do You Love Your Mom and Her Two-Hit Multi-Target Attacks?,0.10926365795724458,0.1468064823641564,0.022044088176352703,0.3144654088050315,0.15384615384615385,0,0,1,0,0,0,0,0,0,0,1,0,0,0,0,1,0,0,1,0,0,0,0,0,0,0,0,0,0,0,0,0,0,0,0,0,0,0,0,0,0,0,0,0,0,0,0,0,0,0,0,0,0,0,0,0,0,0,0,0,0,0,0,0,0,0,0,0,0,0,0,0,0,0,0,0,False,False,False,False,True,True,False,False,False,False,True,False,False,False,False,False,True,False,0,0,0,0,0,0,1,0,0,0,0,0,0
Servamp,0.42517814726840863,0.14585319351763582,0.022044088176352703,0.48427672955974843,0.23076923076923075,1,0,0,0,0,0,0,0,0,0,0,0,0,0,0,0,0,0,0,0,0,0,0,0,0,0,0,0,0,0,1,0,0,0,0,0,0,0,0,0,0,0,0,0,0,0,0,0,0,0,0,0,0,0,0,0,0,0,0,0,0,0,0,0,0,1,0,0,0,0,0,1,0,0,0,0,False,False,False,False,True,False,True,False,False,False,True,False,False,False,False,False,True,False,1,0,0,1,1,0,0,0,1,0,0,0,0
Taboo Tattoo,0.154394299287411,0.14489990467111535,0.022044088176352703,0.3427672955974843,0.23076923076923075,1,0,0,0,0,0,0,0,0,0,0,0,0,0,0,0,0,0,1,0,0,0,0,0,0,0,0,0,0,0,0,0,0,0,0,0,0,0,0,0,0,0,0,0,0,0,0,0,0,0,0,0,0,0,0,0,1,0,0,0,0,0,0,0,0,0,0,0,0,0,1,0,0,0,0,0,False,False,False,False,True,True,False,False,False,False,True,False,False,False,False,False,True,False,1,0,0,0,0,0,0,1,0,0,0,0,0
Little Busters!,0.5700712589073635,0.1439466158245949,0.0501002004008016,0.5691823899371069,0.3333333333333333,0,0,0,0,0,0,0,0,0,0,1,0,0,0,1,0,0,0,0,0,0,0,0,0,0,0,0,0,0,0,0,0,0,0,0,0,0,0,0,0,0,0,0,0,0,0,0,0,0,0,0,0,0,0,1,0,0,0,0,0,0,0,0,0,0,0,0,0,0,0,0,0,0,0,0,0,False,False,False,False,True,False,True,False,False,False,False,True,False,False,False,False,True,False,1,0,0,0,0,0,0,1,0,0,0,0,0
The Quintessential Quintuplets Movie,0.6484560570071258,0.14299332697807432,0.0,0.30503144654088055,,0,0,0,0,0,0,0,0,0,0,1,0,0,0,0,0,0,0,0,0,0,0,0,1,0,0,0,0,0,0,0,0,0,0,0,0,0,0,0,0,0,0,0,0,0,0,0,0,0,0,0,0,1,0,1,0,0,0,1,0,0,0,0,0,0,0,0,0,0,0,0,0,0,0,0,0,False,False,False,False,True,False,False,True,False,True,False,False,False,False,False,False,False,False,1,0,0,0,0,0,0,0,0,0,0,0,0
High School DxD OVA,0.517814726840855,0.14204003813155386,0.002004008016032064,0.32704402515723274,,1,0,0,0,0,0,0,0,0,0,1,0,0,0,0,1,0,0,0,0,0,0,0,0,0,0,0,0,0,0,0,0,0,0,0,0,0,0,0,0,0,0,1,0,0,0,0,0,0,0,0,0,1,0,1,0,0,0,0,0,0,0,0,0,0,1,0,0,0,0,0,0,0,0,0,0,False,False,False,False,True,False,True,False,False,False,True,False,False,False,False,False,False,False,1,1,0,0,0,0,0,0,0,1,1,0,0
Makeine: Too Many Losing Heroines!,0.7173396674584323,0.1410867492850334,0.022044088176352703,0.5566037735849056,0.02564102564102564,0,0,0,0,0,0,0,0,0,0,1,0,0,0,0,0,0,0,0,0,0,0,0,0,0,0,0,0,0,0,0,0,0,0,0,0,0,0,0,0,0,0,0,0,0,0,0,0,0,0,0,0,1,0,1,0,0,0,0,0,0,0,0,0,0,0,0,0,0,0,0,0,0,0,0,0,False,False,False,False,True,False,False,True,False,False,True,False,False,False,False,False,False,True,1,0,0,1,0,0,0,0,0,0,0,0,0
Heaven's Lost Property Forte,0.5558194774346794,0.14013346043851282,0.022044088176352703,0.3679245283018868,0.3846153846153846,0,0,0,0,0,0,0,0,0,0,1,0,0,0,0,1,0,0,0,0,0,0,0,1,0,0,0,0,0,0,0,0,0,0,0,0,0,0,0,0,0,0,0,0,0,0,0,0,0,0,0,0,1,0,0,1,0,0,1,0,0,0,0,0,0,1,0,0,0,0,0,0,0,0,0,0,False,False,False,False,True,False,True,False,False,False,True,False,False,False,False,True,False,False,0,0,0,0,0,0,1,0,0,0,0,0,0
InuYasha: The Final Act,0.7410926365795725,0.13918017159199236,0.0501002004008016,0.4591194968553459,0.41025641025641024,1,0,1,0,0,0,0,0,0,0,0,0,0,0,0,0,0,0,1,0,0,0,0,0,0,1,0,0,0,0,0,0,1,0,0,0,0,0,0,0,0,0,1,0,0,0,0,0,0,0,0,0,1,0,0,0,0,0,1,0,0,0,0,0,0,0,0,0,0,1,0,0,0,0,0,0,False,False,False,False,True,False,False,True,False,False,False,True,False,False,False,True,False,False,0,0,1,0,0,0,0,0,0,0,0,0,0
Kämpfer,0.3016627078384797,0.1382268827454719,0.022044088176352703,0.5188679245283019,0.41025641025641024,1,0,0,0,0,0,0,0,0,0,1,0,0,0,0,1,0,0,0,0,0,0,0,1,0,0,0,0,0,0,0,0,0,0,1,0,0,0,0,0,0,0,0,0,0,0,0,0,0,0,0,0,1,0,1,0,0,0,0,0,0,0,0,0,0,0,0,0,0,0,0,0,0,0,0,0,False,False,False,False,True,True,False,False,False,False,True,False,False,False,False,True,False,False,1,0,0,0,0,0,1,0,0,0,1,0,0
Kaiju No. 8 Season 2,0.6484560570071258,0.13727359389895133,0.02004008016032064,0.6163522012578617,0.0,1,1,0,0,0,0,0,0,0,0,0,0,0,0,0,0,0,0,1,0,0,0,0,0,0,0,0,0,0,0,0,0,0,0,0,0,0,0,0,1,0,0,0,0,0,0,0,0,0,0,0,0,0,0,0,1,0,0,1,0,0,0,0,0,0,0,0,0,0,0,1,0,0,0,0,0,False,False,False,False,True,False,False,True,False,False,True,False,False,False,False,False,False,True,0,0,0,0,0,0,0,0,0,0,0,0,0
The Wrong Way to Use Healing Magic,0.5819477434679337,0.13632030505243087,0.02404809619238477,0.4748427672955975,0.02564102564102564,1,0,1,0,0,0,0,0,0,0,0,0,0,0,0,0,0,0,1,0,0,0,0,0,0,0,0,0,1,0,0,0,0,0,0,0,0,0,0,0,0,0,0,0,0,0,0,0,0,0,0,0,0,0,0,0,0,0,0,0,0,0,0,0,0,0,0,0,0,0,0,0,0,0,0,0,False,False,False,False,True,False,False,True,False,False,True,False,False,False,False,False,False,True,1,1,1,0,1,0,1,1,0,0,0,0,0
Ao-chan Can't Study!,0.38242280285035646,0.1353670162059104,0.022044088176352703,0.34905660377358494,0.15384615384615385,0,0,0,0,0,0,0,0,0,0,1,0,0,0,0,1,0,0,0,0,0,0,0,0,0,0,0,0,0,0,0,0,0,0,0,0,0,0,0,0,0,0,0,0,0,0,0,0,0,0,0,0,1,0,1,0,0,0,1,0,0,0,0,0,0,0,0,0,0,0,0,0,0,0,0,0,False,False,False,False,True,False,True,False,False,False,True,False,False,False,False,False,True,False,1,0,1,0,0,0,0,0,0,0,0,0,1
The Cat Returns,0.6247030878859858,0.13441372735938983,0.0,0.6163522012578617,,0,0,1,1,0,1,0,0,0,0,0,0,0,0,1,0,0,0,1,0,0,0,0,0,0,0,0,0,0,0,0,0,0,0,0,0,0,0,0,0,0,0,0,0,0,0,0,0,0,0,0,0,0,0,0,0,0,0,0,0,0,0,0,0,0,0,0,0,0,0,0,0,0,0,0,0,False,False,False,False,True,False,False,True,False,True,False,False,False,False,False,False,False,False,1,0,1,0,0,0,1,0,0,0,0,0,0
Promare,0.667458432304038,0.13346043851286937,0.0,0.5031446540880503,,0,0,0,0,0,0,0,0,0,0,0,0,0,0,0,0,0,0,0,0,0,0,0,0,0,0,0,0,0,0,0,0,0,0,0,0,0,1,0,0,0,0,0,0,0,0,0,0,0,0,0,0,0,0,0,1,0,0,0,0,0,0,0,0,1,0,0,0,0,0,0,0,0,0,0,0,False,False,False,False,True,False,False,True,False,True,False,False,False,False,False,False,False,False,0,0,0,0,0,1,1,1,0,0,1,0,0
Higurashi: When They Cry – Gou,0.5035629453681711,0.1325071496663489,0.046092184368737465,0.4308176100628931,0.1282051282051282,0,0,0,0,0,0,0,0,0,0,0,0,0,0,0,0,0,0,0,0,0,1,0,0,0,0,1,0,0,0,0,0,0,0,0,0,0,0,0,0,0,1,0,0,0,0,0,0,1,0,0,0,0,0,0,0,0,0,0,0,0,0,0,0,0,0,0,1,0,0,0,0,0,0,0,0,False,False,False,False,True,False,True,False,False,False,False,True,False,False,False,False,True,False,1,0,0,0,0,0,0,0,0,0,0,0,0
Bleach the Movie: Memories of Nobody,0.5581947743467934,0.13155386081982845,0.0,0.5408805031446541,,1,0,1,0,0,0,0,0,0,0,0,0,0,0,0,0,0,0,0,0,0,0,0,0,0,0,0,0,0,0,0,0,0,0,0,0,0,0,0,0,0,0,0,0,0,0,0,0,0,0,0,0,0,0,0,0,0,0,1,0,0,0,0,0,0,1,0,0,0,0,0,0,0,0,0,0,False,False,False,False,True,False,True,False,False,True,False,False,False,False,False,False,False,False,0,0,0,0,1,0,1,0,0,1,0,0,0
CHOYOYU!: High School Prodigies Have It Easy Even in Another World!,0.30403800475059395,0.13060057197330788,0.022044088176352703,0.6477987421383649,0.15384615384615385,1,0,1,0,0,0,0,0,0,0,0,0,0,0,0,0,0,0,1,0,0,0,0,0,0,0,0,0,1,0,0,0,0,0,0,0,0,0,0,0,0,0,0,0,0,0,0,0,0,0,0,0,0,0,0,0,0,0,0,0,0,0,0,0,0,0,0,0,0,0,0,0,0,0,0,0,False,False,False,False,True,True,False,False,False,False,True,False,False,False,False,False,True,False,1,1,0,0,0,0,1,0,0,1,0,0,0
My Girlfriend is Shobitch,0.2660332541567696,0.12964728312678742,0.018036072144288578,0.39937106918238996,0.20512820512820512,0,0,0,0,0,0,0,0,0,0,1,0,0,0,0,1,0,0,0,0,0,0,0,1,0,0,0,0,0,0,0,0,0,0,0,0,0,0,0,0,0,0,0,0,0,0,0,0,0,0,0,0,1,0,1,0,0,0,0,0,0,0,0,0,0,0,0,0,0,0,0,0,0,0,0,0,False,False,False,False,True,True,False,False,False,False,True,False,False,False,False,False,True,False,1,0,0,0,0,0,0,0,0,0,0,0,0
The Ancient Magus' Bride: Those Awaiting a Star,0.7149643705463185,0.12869399428026695,0.004008016032064127,0.15408805031446543,,0,0,0,0,0,0,0,0,0,0,0,0,0,0,1,0,0,0,1,0,0,0,0,0,0,0,0,0,0,0,0,0,0,0,0,0,0,0,0,0,0,0,0,0,0,0,0,0,0,0,0,0,0,0,0,0,0,0,1,0,0,0,0,0,0,0,0,0,0,0,1,0,0,0,0,0,False,False,False,False,True,False,False,True,False,False,True,False,False,False,False,False,False,False,0,1,0,0,0,0,0,0,0,0,0,0,0
ChäoS;HEAd,0.28503562945368177,0.12774070543374638,0.022044088176352703,0.5408805031446541,0.4358974358974359,0,0,0,0,0,0,0,0,0,0,0,0,0,0,0,0,0,0,0,0,0,0,0,0,0,0,0,0,0,0,0,0,0,0,0,0,0,0,0,0,0,1,0,0,0,0,0,0,1,0,0,0,0,0,0,1,0,0,0,0,0,0,0,0,0,1,0,1,0,0,0,0,0,0,0,0,False,False,False,False,True,True,False,False,False,False,True,False,False,False,False,True,False,False,1,1,0,0,0,0,0,0,0,1,0,0,0
ItaKiss,0.5486935866983373,0.12678741658722592,0.04809619238476953,0.39622641509433965,0.4358974358974359,0,0,0,0,0,0,0,0,0,0,1,0,0,0,0,0,0,0,0,0,0,0,0,0,0,0,0,0,0,0,0,0,0,0,0,0,0,0,0,0,0,0,0,0,0,0,0,0,0,0,0,0,1,0,1,0,0,1,0,0,0,0,0,0,0,0,0,0,0,0,0,0,0,0,0,0,False,False,False,False,True,False,True,False,False,False,False,True,False,False,False,True,False,False,1,0,0,0,0,0,0,0,0,0,0,0,0
Shomin Sample,0.37292161520190037,0.12583412774070546,0.022044088176352703,0.6006289308176102,0.2564102564102564,0,0,0,0,0,0,0,0,0,0,1,0,0,0,0,1,0,0,0,0,0,0,0,1,0,0,0,0,0,0,0,0,0,0,0,0,0,0,0,0,0,0,0,0,0,0,0,0,0,0,0,0,1,0,1,0,0,0,0,0,0,0,0,0,0,0,0,0,0,0,0,0,0,0,0,0,False,False,False,False,True,False,True,False,False,False,True,False,False,False,False,False,True,False,1,0,0,0,0,0,0,1,0,0,0,0,1
"Love, Chunibyo & Other Delusions!: Take On Me",0.7173396674584323,0.12488083889418489,0.0,0.4937106918238994,,0,0,0,0,0,0,0,0,0,0,1,0,0,0,1,0,0,0,0,0,0,0,0,0,0,0,0,0,0,0,0,0,0,0,0,0,0,0,0,0,0,0,0,0,0,0,0,0,0,0,0,0,1,0,1,0,0,0,0,0,0,0,0,0,0,0,0,0,0,0,0,0,0,0,0,0,False,False,False,False,True,False,False,True,False,True,False,False,False,False,False,False,False,False,1,0,0,1,0,0,0,0,0,0,0,0,0
Magical Sempai,0.30878859857482177,0.12392755004766443,0.022044088176352703,0.2987421383647799,0.15384615384615385,0,0,0,0,0,0,0,0,0,0,1,0,0,0,0,1,0,0,0,0,0,0,0,0,0,0,0,0,0,0,0,0,0,0,0,0,0,0,0,0,0,0,0,0,0,0,1,0,0,0,0,0,1,0,1,0,1,0,0,0,0,0,0,0,0,0,0,0,0,0,0,0,0,0,0,0,False,False,False,False,True,True,False,False,False,False,True,False,False,False,False,False,True,False,1,1,1,0,0,0,0,0,0,0,0,0,0
Cells at Work!!,0.5463182897862233,0.12297426120114396,0.014028056112224447,0.41509433962264153,0.10256410256410256,0,0,0,1,0,0,0,0,0,0,1,0,0,0,0,0,1,0,0,0,0,0,0,0,0,0,0,0,0,0,0,0,0,0,0,0,0,0,1,0,0,0,0,0,0,0,0,0,0,0,0,0,0,0,0,0,0,0,1,0,0,0,0,0,0,0,0,0,0,0,0,0,0,0,0,0,False,False,False,False,True,False,True,False,False,False,True,False,False,False,False,False,False,True,0,0,0,0,0,0,0,0,0,0,0,0,0
Blue Box,0.7363420427553444,0.12202097235462339,0.04809619238476953,0.6415094339622642,0.02564102564102564,0,0,0,0,0,0,0,0,0,0,0,0,0,0,0,0,0,0,0,0,0,0,0,0,0,0,0,0,0,0,0,0,1,0,0,0,0,0,0,0,0,0,0,0,0,0,0,0,0,0,0,0,1,0,1,0,0,0,1,0,0,0,1,0,0,0,0,0,1,0,0,0,0,0,0,0,False,False,False,False,True,False,False,True,False,False,False,True,False,False,False,False,False,True,1,0,0,0,0,0,0,1,0,0,0,0,0
Psycho-Pass 3,0.5605700712589075,0.12106768350810293,0.014028056112224447,0.37735849056603776,0.15384615384615385,1,1,0,0,0,0,0,0,0,0,0,0,0,1,0,0,0,0,0,0,0,1,0,0,0,0,0,0,0,0,0,0,0,0,0,0,0,0,0,0,0,1,0,0,0,0,0,0,1,0,0,0,0,0,0,1,0,0,0,0,0,0,0,0,0,0,0,1,0,0,0,0,0,0,0,0,False,False,False,False,True,False,True,False,False,False,True,False,False,False,False,False,True,False,0,0,0,0,0,0,0,0,0,1,0,0,1
Devils' Line,0.41567695961995255,0.12011439466158247,0.022044088176352703,0.32704402515723274,0.1794871794871795,1,1,0,0,0,0,0,0,0,0,0,0,0,0,1,0,0,0,0,0,0,0,0,0,0,0,0,0,0,0,0,0,0,0,0,0,0,0,0,0,0,0,0,0,0,0,0,0,0,0,0,0,1,0,0,0,1,0,0,0,0,0,0,0,0,1,0,0,0,0,0,1,0,0,0,0,False,False,False,False,True,False,True,False,False,False,True,False,False,False,False,False,True,False,1,0,0,1,1,0,0,0,0,0,0,0,0
"Actually, I am...",0.4133016627078385,0.11916110581506201,0.02404809619238477,0.4716981132075472,0.2564102564102564,0,0,0,0,0,0,0,0,0,0,1,0,0,0,0,0,0,0,0,0,0,0,0,1,0,0,0,0,0,0,0,0,0,0,0,0,0,0,0,0,0,0,0,0,0,0,0,0,0,0,0,0,1,0,1,0,0,0,1,0,0,0,0,0,0,1,0,0,0,0,0,1,0,0,0,0,False,False,False,False,True,False,True,False,False,False,True,False,False,False,False,False,True,False,1,0,0,0,1,0,0,0,0,0,0,0,0
Doukyusei: Classmates,0.7577197149643706,0.11820781696854143,0.0,0.3584905660377359,,0,0,0,0,0,0,1,0,0,0,0,0,0,0,0,0,0,0,0,0,0,0,0,0,0,0,0,0,0,0,0,0,0,0,0,0,0,0,0,0,0,0,0,0,0,0,0,0,0,0,0,0,0,0,1,0,0,0,0,0,0,0,0,0,0,0,0,0,0,0,0,0,0,0,0,0,False,False,False,False,True,False,False,True,False,True,False,False,False,False,False,False,False,False,1,0,0,0,0,1,0,0,0,0,0,0,0
Fighting Spirit: Rising,0.8384798099762472,0.11725452812202097,0.04809619238476953,0.4937106918238994,0.3076923076923077,0,0,0,0,0,0,0,0,0,1,0,0,0,0,0,0,0,0,0,0,0,0,0,0,0,0,0,0,0,0,0,0,0,0,0,0,0,0,0,0,0,0,0,0,0,0,0,0,0,0,0,0,0,0,0,0,0,0,1,0,0,0,1,0,0,0,0,0,0,0,0,0,0,0,0,0,False,False,False,False,True,False,False,False,True,False,False,True,False,False,False,False,True,False,0,0,0,0,0,0,1,0,0,0,0,0,0
Shuffle!,0.4560570071258907,0.11630123927550051,0.046092184368737465,0.389937106918239,0.5128205128205128,0,0,0,0,0,0,0,0,0,0,1,0,0,0,0,1,0,0,1,0,0,0,0,1,0,0,0,0,0,0,0,0,0,0,0,0,0,0,0,0,0,0,0,0,0,0,0,0,0,0,0,0,1,0,1,0,0,0,0,0,0,0,0,0,0,0,0,0,0,0,1,0,0,0,0,0,False,False,False,False,True,False,True,False,False,False,False,True,False,False,False,True,False,False,1,0,0,1,1,0,0,0,0,0,0,0,0
How a Realist Hero Rebuilt the Kingdom Part 2,0.5581947743467934,0.11534795042897994,0.02404809619238477,0.279874213836478,0.07692307692307693,1,0,0,0,0,0,0,0,0,0,0,0,0,0,0,0,0,0,1,0,0,0,0,1,0,0,0,0,1,0,0,0,0,0,0,0,0,0,0,1,0,0,0,0,0,0,0,0,0,0,0,0,1,0,0,0,0,0,0,0,0,0,0,0,0,0,0,0,0,0,0,0,0,0,0,0,False,False,False,False,True,False,True,False,False,False,True,False,False,False,False,False,False,True,0,0,1,0,0,0,1,0,0,0,0,0,0
The Comic Artist and His Assistants,0.4750593824228029,0.11534795042897994,0.022044088176352703,0.279874213836478,0.28205128205128205,0,0,0,0,0,0,0,0,0,0,1,0,0,0,0,1,0,0,0,0,0,0,0,1,0,0,0,0,0,0,0,0,0,0,0,0,0,0,0,0,0,0,0,0,0,0,0,0,0,0,0,0,0,0,0,0,1,0,0,0,0,0,0,0,0,0,0,0,0,0,0,0,0,0,0,0,False,False,False,False,True,False,True,False,False,False,True,False,False,False,False,False,True,False,0,0,0,0,0,0,0,0,0,0,0,0,1
Samurai X: Trust and Betrayal,0.8574821852731593,0.11344137273593902,0.0060120240480961915,0.4559748427672956,,1,1,0,0,0,0,0,0,0,0,0,0,0,0,1,0,0,0,0,0,0,0,0,0,0,1,0,0,0,0,0,0,0,0,0,0,0,0,0,0,0,0,0,0,0,0,0,0,0,0,0,0,1,1,0,0,0,0,1,0,0,0,0,0,0,0,0,0,0,0,0,0,0,0,0,0,False,False,False,False,True,False,False,False,True,False,True,False,False,False,False,False,False,False,0,0,0,0,0,0,1,0,0,1,0,0,0
Harem in the Labyrinth of Another World,0.3444180522565321,0.11248808388941844,0.022044088176352703,0.279874213836478,0.07692307692307693,1,0,1,0,0,0,0,0,0,0,0,0,0,0,0,0,0,1,1,0,0,0,0,1,0,0,0,0,1,0,0,0,0,0,0,0,0,0,0,0,0,0,0,0,0,0,0,0,0,0,0,0,0,0,0,0,0,0,0,0,0,0,0,0,0,0,0,0,0,0,0,0,0,0,0,0,False,False,False,False,True,False,True,False,False,False,True,False,False,False,False,False,False,True,1,0,0,0,0,0,1,0,0,0,0,0,0
Fate/Kaleid Liner Prisma Illya,0.4584323040380047,0.11153479504289798,0.018036072144288578,0.3616352201257862,0.3076923076923077,1,0,0,0,0,0,0,0,0,0,1,0,0,0,0,0,0,0,0,0,0,0,0,0,0,0,0,0,0,0,0,0,0,0,0,1,0,0,0,0,0,0,0,0,0,0,0,0,0,0,0,0,0,0,0,0,0,0,0,0,0,0,0,0,0,0,0,0,0,0,0,0,0,0,0,0,False,False,False,False,True,False,True,False,False,False,True,False,False,False,False,False,True,False,1,1,0,0,1,0,0,0,0,0,0,0,0
Beyond the Boundary: I'll Be Here - Future,0.7268408551068886,0.11058150619637752,0.0,0.4968553459119497,,1,0,0,0,0,0,0,0,0,0,0,0,0,0,0,0,0,0,0,0,0,0,0,0,0,0,0,0,0,0,0,0,0,0,0,0,0,0,0,0,0,0,0,0,0,0,0,0,0,0,0,0,1,0,1,0,0,0,0,0,0,0,0,0,0,1,0,0,0,0,0,0,0,0,0,0,False,False,False,False,True,False,False,True,False,True,False,False,False,False,False,False,False,False,0,0,1,0,1,0,0,0,0,0,0,0,0
Psycho-Pass: The Movie,0.6199524940617578,0.10962821734985695,0.0,0.44339622641509435,,1,1,0,0,0,0,0,0,0,0,0,0,0,0,0,0,0,0,0,0,0,0,0,0,0,0,0,0,0,0,0,0,0,0,0,0,0,0,0,1,0,0,0,0,0,0,0,0,0,0,0,0,0,0,0,1,0,0,0,0,0,0,0,0,0,0,0,0,0,0,0,0,0,0,0,0,False,False,False,False,True,False,False,True,False,True,False,False,False,False,False,False,False,False,0,0,1,0,0,0,0,0,0,0,1,0,0
The Strongest Sage with the Weakest Crest,0.27078384798099764,0.10867492850333649,0.022044088176352703,0.6132075471698114,0.07692307692307693,1,0,1,0,0,0,0,0,0,0,0,0,0,0,0,0,0,0,1,0,0,0,0,0,0,0,0,0,0,0,0,0,0,0,0,0,0,0,0,0,0,0,0,0,0,0,0,0,0,0,1,0,0,0,0,0,0,0,0,0,0,0,0,0,0,0,0,0,0,0,0,0,0,0,0,0,False,False,False,False,True,True,False,False,False,False,True,False,False,False,False,False,False,True,1,1,0,0,1,1,0,0,0,0,0,0,0
Osamake: Romcom Where The Childhood Friend Won't Lose,0.23277909738717328,0.10772163965681603,0.022044088176352703,0.389937106918239,0.10256410256410256,0,0,0,0,0,0,0,0,0,0,1,0,0,0,0,0,0,0,0,0,0,0,0,1,0,0,0,0,0,0,0,0,0,0,0,0,0,0,0,0,0,0,0,0,0,0,0,0,0,0,0,0,1,0,1,0,0,0,0,0,0,0,0,0,0,0,0,0,0,0,0,0,0,0,0,0,False,False,False,False,True,True,False,False,False,False,True,False,False,False,False,False,False,True,1,0,0,1,0,0,0,0,0,0,0,0,0
Mushi-shi: Next Passage Part 2,0.8646080760095016,0.10676835081029556,0.018036072144288578,0.5094339622641509,0.28205128205128205,0,1,1,0,0,0,0,0,0,0,0,0,0,0,0,0,0,0,0,0,0,0,0,0,0,1,0,0,0,1,0,0,0,0,0,0,0,0,0,0,0,1,0,0,0,0,0,0,0,0,0,0,0,0,0,0,1,0,0,0,1,0,0,0,0,1,0,0,0,0,0,0,0,0,0,0,False,False,False,False,True,False,False,False,True,False,True,False,False,False,False,False,True,False,0,0,0,0,1,0,0,0,0,0,1,0,0
Okami-San and Her Seven Companions,0.49168646080760103,0.10581506196377499,0.022044088176352703,0.4716981132075472,0.3846153846153846,0,0,0,0,0,0,0,0,0,0,1,0,0,0,0,0,0,0,0,0,0,0,0,0,0,0,0,0,0,0,0,0,0,0,0,0,0,0,0,0,0,0,0,0,0,1,0,0,0,0,0,0,1,0,0,0,0,0,0,0,0,0,0,0,0,0,0,0,0,0,0,0,0,0,0,0,False,False,False,False,True,False,True,False,False,False,True,False,False,False,False,True,False,False,1,0,0,0,0,1,0,0,0,0,0,0,0
Knight's & Magic,0.47268408551068886,0.10486177311725453,0.02404809619238477,0.35220125786163525,0.20512820512820512,0,0,0,0,0,0,0,0,0,0,0,0,0,0,0,0,0,0,1,0,0,0,0,0,0,0,0,0,1,0,0,0,0,0,0,0,0,1,0,0,0,0,0,0,0,0,0,0,0,0,1,0,0,0,1,0,0,0,0,0,0,0,0,0,0,0,0,0,0,0,0,0,0,0,0,0,False,False,False,False,True,False,True,False,False,False,True,False,False,False,False,False,True,False,1,1,0,0,1,0,1,1,0,0,0,0,0
Wagnaria!!2,0.6484560570071258,0.10390848427073407,0.02404809619238477,0.29245283018867924,0.358974358974359,0,0,0,0,0,0,0,0,0,0,1,0,0,0,0,0,0,0,0,0,0,0,0,0,0,0,0,0,0,0,0,0,0,1,0,0,0,0,0,0,0,0,0,0,0,0,0,0,0,0,0,0,1,0,0,0,1,0,0,0,0,0,0,0,0,0,0,0,0,0,0,0,0,0,0,1,False,False,False,False,True,False,False,True,False,False,True,False,False,False,False,False,True,False,0,0,0,1,0,0,0,0,0,0,0,0,0
My Teen Romantic Comedy SNAFU OVA,0.5961995249406176,0.1029551954242135,0.0,0.2893081761006289,,0,0,0,0,0,0,0,0,0,0,1,0,0,0,0,0,0,0,0,0,0,0,0,0,0,0,0,0,0,0,0,0,1,0,0,0,0,0,0,0,0,0,0,0,0,0,0,0,0,0,0,0,1,0,1,0,0,0,0,0,0,0,0,0,0,0,0,0,0,0,0,0,0,0,0,0,False,False,False,False,True,False,False,True,False,True,False,False,False,False,False,False,False,False,0,1,0,0,0,0,0,0,0,0,0,0,0
Grimoire of Zero,0.47030878859857483,0.10200190657769304,0.022044088176352703,0.4276729559748428,0.20512820512820512,1,0,1,1,0,0,0,0,0,0,0,0,0,0,0,0,0,0,1,0,0,0,0,0,0,0,0,0,0,0,0,0,0,0,0,0,0,0,0,0,0,0,0,0,0,0,0,0,0,0,0,0,0,0,0,0,0,0,0,0,0,0,0,0,0,0,0,0,0,0,0,0,0,0,0,0,False,False,False,False,True,False,True,False,False,False,True,False,False,False,False,False,True,False,0,1,1,0,0,0,1,0,0,0,1,0,0
Kanon,0.6793349168646083,0.10104861773117257,0.046092184368737465,0.2358490566037736,0.48717948717948717,0,0,0,0,0,0,0,0,0,0,0,0,0,0,1,0,0,0,0,0,0,0,0,0,0,0,0,0,0,0,0,0,0,0,0,0,0,0,0,0,0,0,0,0,0,0,0,0,0,0,0,0,1,0,0,0,0,0,0,0,0,0,0,0,0,1,0,0,0,0,0,0,0,0,0,0,False,False,False,False,True,False,False,True,False,False,False,True,False,False,False,True,False,False,0,0,0,0,0,0,0,0,0,0,0,0,0
Nura: Rise of the Yokai Clan,0.5985748218527316,0.100095328884652,0.046092184368737465,0.5691823899371069,0.3846153846153846,1,0,0,0,0,0,0,0,0,0,0,0,0,0,0,0,0,0,0,0,0,0,0,0,0,0,0,0,0,0,0,0,0,0,0,0,0,0,0,0,0,0,1,0,0,0,0,0,0,0,0,0,0,0,0,0,0,0,1,0,0,0,0,0,0,1,0,0,0,0,0,0,0,0,0,0,False,False,False,False,True,False,False,True,False,False,False,True,False,False,False,True,False,False,1,0,0,0,0,0,0,0,0,0,0,0,0
Hello World,0.5724465558194776,0.09914204003813154,0.0,0.5,,0,0,0,0,0,0,0,0,0,0,0,0,0,0,1,0,0,0,0,0,0,0,0,0,0,0,0,0,0,0,0,0,0,0,0,0,0,0,0,0,0,0,0,0,0,0,0,0,0,0,0,0,1,0,0,1,0,0,0,0,0,0,0,0,0,0,0,0,0,0,0,0,0,0,0,0,False,False,False,False,True,False,True,False,False,True,False,False,False,False,False,False,False,False,0,0,1,0,0,1,0,0,0,0,0,0,0
The Dangers in My Heart Season 2,0.8646080760095016,0.09818875119161108,0.02404809619238477,0.33333333333333337,0.02564102564102564,0,0,0,0,0,0,0,0,0,0,1,0,0,0,0,0,0,0,0,0,0,0,0,0,0,0,0,0,0,0,0,0,0,0,0,0,0,0,0,0,0,0,0,0,0,0,0,0,0,0,0,0,1,0,1,0,0,0,1,0,0,0,0,0,0,0,0,0,0,0,0,0,0,0,0,0,False,False,False,False,True,False,False,False,True,False,True,False,False,False,False,False,False,True,1,0,0,1,0,0,0,0,0,0,0,0,0
Blue Exorcist: The Movie,0.5914489311163897,0.0972354623450905,0.0,0.2987421383647799,,1,0,0,0,0,0,0,0,0,0,0,0,0,0,0,0,0,0,0,0,0,0,0,0,0,0,0,0,0,0,0,0,0,0,0,0,0,0,0,0,0,0,1,0,0,0,0,0,0,0,0,0,0,0,1,0,0,0,1,0,0,0,0,0,0,1,0,0,0,0,0,0,0,0,0,0,False,False,False,False,True,False,False,True,False,True,False,False,False,False,False,False,False,False,1,0,0,0,1,0,0,0,0,0,0,0,0
Naruto Shippuden the Movie 2: Bonds,0.5225653206650833,0.09628217349857005,0.0,0.5754716981132075,,1,0,1,0,0,0,0,0,0,0,0,0,0,0,0,0,0,0,1,0,0,0,0,0,0,0,0,0,0,0,0,0,0,0,0,0,0,0,0,0,0,0,0,0,0,0,0,0,0,0,0,0,0,0,0,0,0,0,1,0,0,0,0,0,0,0,0,0,0,0,0,0,0,0,0,0,False,False,False,False,True,False,True,False,False,True,False,False,False,False,False,False,False,False,0,0,1,0,0,0,0,1,0,0,0,0,0
Moriarty the Patriot Part 2,0.7624703087885984,0.09532888465204958,0.02404809619238477,0.5974842767295597,0.10256410256410256,0,1,0,0,0,0,0,0,0,0,0,0,0,0,0,0,0,0,0,0,0,0,0,0,0,1,0,0,0,0,0,0,0,0,0,0,0,0,0,0,0,1,0,1,0,0,0,0,1,0,0,0,0,0,0,0,0,0,1,0,0,0,0,0,0,0,0,1,0,0,0,0,0,0,0,0,False,False,False,False,True,False,False,True,False,False,True,False,False,False,False,False,False,True,0,0,0,0,0,1,0,0,0,1,0,0,1
Flying Witch,0.5748218527315916,0.09437559580552912,0.022044088176352703,0.48742138364779874,0.23076923076923075,0,0,0,0,0,0,0,0,0,0,0,0,0,0,0,0,0,0,1,0,0,0,0,0,0,0,0,0,0,1,0,0,0,0,0,0,0,0,0,0,0,0,0,0,0,0,0,0,0,0,0,0,0,0,0,0,0,0,1,0,1,0,0,0,0,0,0,0,0,0,1,0,0,0,0,0,False,False,False,False,True,False,True,False,False,False,True,False,False,False,False,False,True,False,1,1,0,0,0,0,0,1,1,0,0,0,0
Skip Beat!,0.7102137767220904,0.09342230695900855,0.04809619238476953,0.4559748427672956,0.4358974358974359,0,0,0,0,0,0,0,0,0,0,1,0,0,0,1,0,0,0,0,0,0,0,0,0,0,0,0,0,0,0,0,0,1,0,0,0,0,0,0,0,0,0,0,0,0,0,0,0,0,0,0,0,1,0,0,0,0,1,0,1,0,0,0,0,0,0,0,0,0,0,0,0,0,0,0,0,False,False,False,False,True,False,False,True,False,False,False,True,False,False,False,True,False,False,0,0,0,0,0,0,0,0,0,0,0,0,0
Tonikawa: Over The Moon For You Season 2,0.6057007125890737,0.09246901811248809,0.022044088176352703,0.44339622641509435,0.05128205128205128,0,0,0,0,0,0,0,0,0,0,1,0,0,0,0,0,0,0,0,0,0,0,0,0,0,0,0,0,0,0,0,0,0,0,0,0,0,0,0,0,0,0,0,0,0,0,0,0,0,0,0,0,1,0,0,0,0,0,1,0,0,0,0,0,0,0,0,0,0,0,0,0,0,0,0,0,False,False,False,False,True,False,False,True,False,False,True,False,False,False,False,False,False,True,1,0,0,1,0,0,0,0,0,0,0,1,0
Steins;Gate: Open the Missing Link - Divide By Zero,0.7553444180522566,0.09151572926596763,0.0,0.3207547169811321,,0,0,0,0,0,0,0,0,0,0,0,0,0,0,0,0,0,0,0,0,0,0,0,0,0,0,0,0,0,0,0,0,0,0,0,0,0,0,0,0,0,0,0,0,0,0,0,0,0,0,0,0,0,0,0,1,0,0,0,0,0,0,0,0,0,0,0,1,0,1,0,0,0,0,0,0,False,False,False,False,True,False,False,True,False,True,False,False,False,False,False,False,False,False,1,0,1,0,0,1,0,0,0,0,0,0,1
Attack on Titan: Junior High,0.508313539192399,0.09056244041944705,0.022044088176352703,0.3427672955974843,0.2564102564102564,0,0,0,0,0,0,0,0,0,0,1,0,0,0,0,0,0,0,0,0,0,0,0,0,0,0,0,0,0,0,0,0,0,0,0,0,0,0,0,0,0,0,0,0,0,1,0,0,0,0,0,0,0,0,1,0,0,0,1,0,0,0,0,0,0,0,0,0,0,0,0,0,0,0,0,0,False,False,False,False,True,False,True,False,False,False,True,False,False,False,False,False,True,False,1,0,0,0,0,0,0,0,0,0,0,1,0
Date A Live IV,0.6318289786223279,0.08960915157292659,0.022044088176352703,0.4025157232704403,0.07692307692307693,1,0,0,0,0,0,0,0,0,0,0,0,0,0,0,0,0,0,1,0,0,0,0,1,0,0,0,0,0,0,0,0,0,0,0,0,0,0,0,0,0,0,0,0,0,0,0,0,0,0,0,0,1,0,1,1,0,0,0,0,0,0,0,0,0,0,0,0,0,0,1,0,0,0,0,0,False,False,False,False,True,False,False,True,False,False,True,False,False,False,False,False,False,True,0,0,1,0,1,0,0,0,0,0,0,0,0
Restaurant to Another World,0.5534441805225654,0.08865586272640613,0.022044088176352703,0.39622641509433965,0.20512820512820512,0,0,0,0,0,0,0,0,0,0,0,0,0,0,0,0,0,0,1,0,0,0,1,0,0,0,0,0,1,0,0,0,0,0,0,0,0,0,0,0,0,0,0,0,0,0,0,0,0,0,0,0,0,0,0,0,0,0,0,0,1,0,0,0,0,0,0,0,0,0,0,0,0,0,0,1,False,False,False,False,True,False,True,False,False,False,True,False,False,False,False,False,True,False,0,1,0,0,0,0,1,0,0,0,0,0,0
Honey and Clover,0.6888361045130644,0.08770257387988556,0.046092184368737465,0.41509433962264153,0.5128205128205128,0,1,0,0,0,0,0,0,0,0,1,0,0,0,1,0,0,0,0,0,0,0,0,0,0,0,0,0,0,0,1,0,1,0,0,0,0,0,0,0,0,0,0,0,0,0,0,0,0,0,0,0,1,0,0,0,0,0,0,0,0,0,0,0,0,0,0,0,0,0,0,0,0,0,1,0,False,False,False,False,True,False,False,True,False,False,False,True,False,False,False,True,False,False,1,0,1,0,0,1,0,0,0,0,0,0,0
Black Summoner,0.46080760095011875,0.0867492850333651,0.022044088176352703,0.42452830188679247,0.07692307692307693,1,0,1,0,0,0,0,0,0,0,0,0,0,0,0,0,0,0,1,0,0,0,0,0,0,0,0,0,1,0,0,0,0,0,0,0,0,0,0,0,0,0,0,0,0,0,0,0,0,0,1,0,0,0,0,0,0,0,0,0,0,0,0,0,0,0,0,0,0,0,0,0,0,0,0,0,False,False,False,False,True,False,True,False,False,False,True,False,False,False,False,False,False,True,0,0,0,0,0,0,0,0,0,0,0,0,0
Edens Zero,0.5154394299287413,0.08579599618684464,0.04809619238476953,0.48742138364779874,0.10256410256410256,1,0,1,0,0,0,0,0,0,0,0,0,0,0,0,0,0,0,1,0,0,0,0,0,0,0,0,0,0,0,0,0,0,0,0,0,0,0,0,0,0,0,0,0,0,0,0,0,0,0,0,0,0,0,0,1,0,0,1,0,0,1,0,0,0,0,0,0,0,0,0,0,0,0,0,0,False,False,False,False,True,False,True,False,False,False,False,True,False,False,False,False,False,True,0,0,1,0,0,1,1,0,0,0,0,0,0
Pokémon: The First Movie - Mewtwo Strikes Back,0.6152019002375297,0.08484270734032406,0.0,0.42452830188679247,,1,0,1,0,0,1,0,0,0,0,1,0,0,0,0,0,0,0,1,0,0,0,0,0,0,0,0,0,0,0,0,1,0,0,0,0,0,0,0,0,0,0,0,0,0,0,0,0,0,0,0,0,0,0,0,0,0,0,0,0,0,0,0,0,0,0,0,0,0,0,0,0,0,0,0,0,False,False,False,False,True,False,False,True,False,True,False,False,False,False,False,False,False,False,0,0,0,0,0,0,0,1,0,0,0,0,0
Black Cat,0.5296912114014252,0.0838894184938036,0.044088176352705406,0.46540880503144655,0.5128205128205128,1,0,1,0,0,0,0,0,0,0,0,0,0,0,0,0,0,0,0,0,0,0,0,0,0,0,0,0,0,0,0,0,0,0,0,0,0,0,0,0,0,0,0,0,0,0,0,0,0,0,0,0,0,0,0,1,0,0,1,0,0,0,0,0,1,0,0,0,0,0,0,0,0,0,0,0,False,False,False,False,True,False,True,False,False,False,False,True,False,False,False,True,False,False,0,0,0,0,0,0,0,0,0,0,1,0,0
The Day I Became a God,0.4085510688836105,0.08293612964728314,0.022044088176352703,0.449685534591195,0.1282051282051282,0,0,0,0,0,0,0,0,0,0,0,0,0,0,1,0,0,0,0,0,0,0,0,0,0,0,0,0,0,0,0,0,0,0,0,0,0,0,0,0,0,0,0,0,0,0,0,0,0,0,0,0,0,0,0,0,0,0,0,0,0,0,0,0,1,0,0,0,0,0,0,0,0,0,0,0,False,False,False,False,True,False,True,False,False,False,True,False,False,False,False,False,True,False,0,0,1,0,1,0,0,0,0,0,0,0,0
Angel Beats! Specials,0.5866983372921615,0.08198284080076268,0.002004008016032064,0.2610062893081761,,0,0,0,0,0,0,0,0,0,0,1,0,0,0,0,0,0,0,1,0,0,0,0,0,0,0,0,0,0,0,0,0,0,0,0,0,0,0,0,0,0,0,0,0,0,0,0,0,0,0,0,0,0,0,1,0,0,0,0,0,0,0,0,0,0,0,0,0,0,0,0,0,0,0,0,0,False,False,False,False,True,False,False,True,False,False,True,False,False,False,False,False,False,False,1,0,0,0,0,0,0,0,0,0,0,0,0
Sword Art Online the Movie: Progressive - Aria of a Starless Night,0.6817102137767221,0.08102955195424211,0.0,0.46226415094339623,,1,0,1,0,0,0,0,0,0,0,0,0,0,0,0,0,0,0,1,0,0,0,0,0,0,0,0,0,0,0,0,0,0,0,0,0,0,0,0,0,0,0,0,0,0,0,0,0,0,0,0,0,0,0,0,0,0,0,0,0,0,0,0,0,0,0,0,0,0,0,0,0,1,0,0,0,False,False,False,False,True,False,False,True,False,True,False,False,False,False,False,False,False,False,1,0,0,0,0,0,1,0,0,0,1,0,0
Is It Wrong to Try to Pick Up Girls in a Dungeon? IV Part 2,0.7529691211401426,0.08007626310772165,0.02004008016032064,0.02830188679245283,0.05128205128205128,1,0,1,0,0,0,0,0,0,0,0,0,0,0,0,0,0,0,1,0,0,0,0,0,0,0,0,0,0,0,0,0,0,0,0,0,0,0,0,0,0,0,0,0,0,0,0,0,0,0,0,0,0,0,0,0,0,0,0,0,0,0,0,0,0,0,0,0,0,0,0,0,0,0,0,0,False,False,False,False,True,False,False,True,False,False,True,False,False,False,False,False,False,True,0,0,0,0,0,0,0,0,0,0,0,0,0
My Hero Academia: World Heroes' Mission,0.5938242280285035,0.07912297426120118,0.0,0.4371069182389937,,1,0,0,0,0,0,0,0,0,0,0,0,0,0,0,0,0,0,0,0,0,0,0,0,0,0,0,0,0,0,0,0,0,0,0,0,0,0,0,0,0,0,0,0,0,0,0,0,0,0,0,0,0,0,0,0,0,0,1,0,0,0,0,0,1,0,0,0,0,0,0,0,0,0,0,0,False,False,False,False,True,False,False,True,False,True,False,False,False,False,False,False,False,False,0,0,0,0,0,0,0,0,0,1,0,0,0
Texhnolyze,0.6342042755344419,0.07816968541468061,0.04208416833667334,0.6855345911949686,0.5641025641025641,0,1,0,0,1,0,0,0,0,0,0,0,0,0,1,0,0,0,0,0,0,0,0,0,0,0,0,0,0,0,0,0,0,0,0,0,0,0,0,0,0,1,0,1,0,0,0,0,1,0,0,0,0,0,0,1,0,0,0,0,0,0,0,0,0,0,0,1,0,0,0,0,0,0,0,0,False,False,False,False,True,False,False,True,False,False,False,True,False,False,False,True,False,False,0,0,0,0,0,1,0,0,0,1,0,0,1
Shaman King (2021),0.4323040380047507,0.07721639656816015,0.10220440881763526,0.5660377358490566,0.10256410256410256,1,0,1,0,0,0,0,0,0,0,0,0,0,0,0,0,0,0,0,0,0,0,0,0,0,0,0,0,0,0,0,0,0,0,0,0,0,0,0,0,0,0,0,0,0,0,0,0,0,0,0,0,0,0,0,0,0,0,1,0,0,0,0,0,0,1,0,0,0,0,0,0,0,0,0,0,False,False,False,False,True,False,True,False,False,False,False,False,True,False,False,False,False,True,1,0,0,0,1,0,0,1,0,0,1,0,0
Porco Rosso,0.6840855106888362,0.07626310772163969,0.0,0.5220125786163522,,1,0,1,0,0,1,0,0,0,0,1,0,0,0,1,0,0,0,0,0,0,0,0,0,0,1,0,0,0,0,0,0,0,0,0,0,0,0,0,1,0,0,0,0,0,0,0,0,0,0,0,0,1,0,0,0,0,0,0,0,0,0,0,0,0,0,0,0,0,0,0,0,0,0,0,0,False,False,False,False,True,False,False,True,False,True,False,False,False,False,False,False,False,False,0,0,1,0,0,0,0,0,0,0,1,0,0
Ranma ½,0.6389548693586697,0.07530981887511912,0.32064128256513025,0.5251572327044025,0.923076923076923,1,0,0,0,0,0,0,0,0,0,1,0,0,0,0,1,0,0,0,0,0,0,0,0,0,0,0,0,0,0,0,0,0,0,1,0,1,0,0,0,0,0,0,0,0,0,0,0,0,0,0,0,1,0,1,0,0,0,1,0,0,0,0,0,0,0,0,0,0,0,0,0,0,0,0,0,False,False,False,False,True,False,False,True,False,False,False,False,False,True,True,False,False,False,1,0,0,0,0,1,0,1,0,0,1,1,0
Riddle Story of Devil,0.35866983372921624,0.07435653002859866,0.022044088176352703,0.41509433962264153,0.28205128205128205,1,0,0,0,0,0,0,0,0,0,0,0,0,0,0,0,0,0,0,0,1,0,0,0,1,0,0,0,0,0,0,0,0,0,0,0,0,0,0,0,0,0,0,0,0,0,0,0,0,0,0,0,0,0,1,0,0,0,0,0,0,0,0,0,0,0,0,1,0,0,0,0,0,0,0,0,False,False,False,False,True,False,True,False,False,False,True,False,False,False,False,False,True,False,1,0,1,0,0,0,0,0,0,0,0,0,0
Tower of God Season 2: Return of the Prince,0.3800475059382422,0.0734032411820782,0.02404809619238477,0.4716981132075472,0.02564102564102564,1,0,1,0,0,0,0,0,0,0,0,0,0,0,1,0,0,0,1,0,0,0,0,0,0,0,0,0,0,0,0,0,0,0,0,0,0,0,0,0,0,1,0,0,0,0,0,0,0,0,0,0,0,0,0,0,0,0,0,0,0,0,0,0,0,0,0,0,0,0,0,0,0,0,0,0,False,False,False,False,True,False,True,False,False,False,True,False,False,False,False,False,False,True,0,0,0,0,0,0,0,1,0,1,0,0,1
Love Hina,0.4774346793349169,0.07244995233555762,0.046092184368737465,0.5723270440251572,0.641025641025641,0,0,0,0,0,0,0,0,0,0,1,0,0,0,0,1,0,0,0,0,0,0,0,1,0,0,0,0,0,0,0,0,0,0,0,0,0,0,0,0,0,0,0,0,0,0,0,0,0,0,0,0,1,0,0,0,0,0,1,0,0,0,0,0,0,0,0,0,0,0,0,0,0,0,0,0,False,False,False,False,True,False,True,False,False,False,False,True,False,False,True,False,False,False,0,0,0,0,0,1,0,0,0,0,0,0,0
"Demon Lord, Retry!",0.34916864608076015,0.07149666348903716,0.022044088176352703,0.4371069182389937,0.15384615384615385,1,0,1,0,0,0,0,0,0,0,0,0,0,0,0,0,0,0,1,0,0,0,0,0,0,0,0,0,1,0,0,0,0,0,0,0,0,0,0,0,0,0,0,0,0,0,0,0,0,0,0,0,0,0,0,0,0,0,0,0,0,0,0,0,0,0,0,0,0,0,0,0,0,0,0,0,False,False,False,False,True,False,True,False,False,False,True,False,False,False,False,False,True,False,0,0,0,0,1,0,0,0,0,0,0,0,0
Demon Slayer: Kimetsu no Yaiba - The Movie: Infinity Castle - Part 1: Akaza Returns,0.8646080760095016,0.0705433746425167,0.0,0.01886792452830189,,1,0,0,0,0,0,0,0,0,0,0,0,0,0,0,0,0,0,0,0,0,0,0,0,0,1,0,0,0,0,0,0,0,0,0,0,0,0,0,0,0,0,0,0,0,0,0,0,0,0,0,0,0,0,0,0,0,0,1,0,0,0,0,0,0,1,0,0,0,0,0,0,0,0,0,0,False,False,False,False,True,False,False,False,True,True,False,False,False,False,False,False,False,False,0,0,0,0,0,0,0,0,0,0,0,0,0
Hi Score Girl,0.6318289786223279,0.06959008579599624,0.022044088176352703,0.48427672955974843,0.1794871794871795,0,0,0,0,0,0,0,0,0,0,1,0,0,0,0,0,0,0,0,0,0,0,0,0,0,0,0,0,0,0,0,0,1,0,0,0,0,0,0,0,0,0,0,0,0,0,0,0,0,0,0,0,1,0,1,0,1,0,0,0,0,0,0,0,0,0,0,0,0,0,0,0,1,0,0,0,False,False,False,False,True,False,False,True,False,False,True,False,False,False,False,False,True,False,0,0,0,0,0,0,0,0,0,0,0,0,1
Nyan Koi!,0.48218527315914494,0.06863679694947566,0.022044088176352703,0.5723270440251572,0.41025641025641024,0,0,0,0,0,0,0,0,0,0,1,0,0,0,0,0,0,0,0,0,0,0,0,1,0,0,0,0,0,0,0,0,0,0,0,0,0,0,0,0,0,0,0,0,0,0,0,1,0,0,0,0,1,0,0,0,0,0,0,0,0,0,0,0,0,1,0,0,0,0,0,0,0,0,0,0,False,False,False,False,True,False,True,False,False,False,True,False,False,False,False,True,False,False,1,0,0,0,0,0,0,0,0,0,1,0,0
Dead Mount Death Play,0.517814726840855,0.0676835081029552,0.022044088176352703,0.41509433962264153,0.05128205128205128,1,0,0,0,0,0,0,0,0,0,0,0,0,0,0,0,0,0,1,0,0,0,0,0,0,0,0,0,0,0,0,0,0,0,0,0,0,0,0,0,0,0,0,0,0,0,0,0,0,0,1,0,0,0,0,0,1,0,0,0,0,0,0,0,0,0,0,0,0,0,1,0,0,0,0,0,False,False,False,False,True,False,True,False,False,False,True,False,False,False,False,False,False,True,1,0,0,1,1,0,0,0,0,1,0,0,0
World's End Harem,0.19239904988123513,0.06673021925643474,0.02004008016032064,0.5062893081761006,0.07692307692307693,0,0,0,0,0,0,0,0,0,0,0,0,0,0,0,0,0,1,0,0,0,0,0,1,0,0,0,0,0,0,0,0,0,0,0,0,0,0,0,0,0,0,0,0,0,0,0,0,0,0,0,0,0,0,0,1,0,0,1,0,0,0,0,0,0,0,0,0,0,0,0,0,0,0,0,0,False,False,False,False,True,True,False,False,False,False,True,False,False,False,False,False,False,True,1,0,0,0,0,0,0,0,0,0,1,0,0
Neon Genesis Evangelion: Death & Rebirth,0.5724465558194776,0.06577693040991417,0.0,0.44339622641509435,,0,0,0,0,0,0,0,0,0,0,0,0,0,0,1,0,0,0,0,0,0,0,0,0,0,0,0,0,0,0,0,0,0,0,0,0,0,1,0,0,0,0,0,0,0,0,0,0,1,0,0,0,0,0,0,1,0,0,0,0,0,0,0,0,0,0,0,1,0,0,0,0,0,0,0,0,False,False,False,False,True,False,True,False,False,True,False,False,False,False,False,False,False,False,0,0,0,0,0,1,0,0,0,0,0,0,0
Persona 4 the Animation,0.5795724465558194,0.06482364156339371,0.04809619238476953,0.5849056603773585,0.358974358974359,1,0,0,0,0,0,0,0,0,0,0,0,0,0,0,0,0,0,0,0,0,0,0,0,0,0,0,0,0,0,0,0,0,0,0,0,0,0,0,0,0,1,0,0,0,0,0,0,0,0,0,0,0,0,1,1,0,0,0,0,0,0,0,0,1,1,0,0,0,0,0,0,0,0,0,0,False,False,False,False,True,False,False,True,False,False,False,True,False,False,False,False,True,False,1,0,1,0,0,0,0,1,0,1,0,0,0
Burn the Witch,0.489311163895487,0.06387035271687325,0.004008016032064127,0.5440251572327044,,1,0,0,0,0,0,0,0,0,0,0,0,0,0,0,0,0,0,1,0,0,0,0,0,0,0,0,0,0,0,0,0,0,0,0,0,0,0,0,0,0,0,0,0,0,0,0,0,0,0,0,0,0,0,0,0,0,0,1,0,0,0,0,0,0,0,0,0,0,0,0,0,0,0,0,0,False,False,False,False,True,False,True,False,False,False,True,False,False,False,False,False,False,False,0,1,0,0,0,0,1,0,0,0,0,0,0
The Duke of Death and His Maid,0.5938242280285035,0.06291706387035267,0.022044088176352703,0.4056603773584906,0.10256410256410256,0,0,0,0,0,0,0,0,0,0,1,0,0,0,0,0,0,0,1,0,0,0,0,0,0,0,0,0,0,0,0,0,0,1,0,0,0,0,0,0,0,0,0,0,0,0,0,0,0,0,0,0,1,0,0,0,0,0,0,0,0,0,0,0,0,0,0,0,0,0,0,0,0,0,0,0,False,False,False,False,True,False,False,True,False,False,True,False,False,False,False,False,False,True,0,0,1,1,0,0,0,0,0,0,1,0,1
Romantic Killer,0.6745843230403801,0.06196377502383221,0.022044088176352703,0.46540880503144655,,0,0,0,0,0,0,0,0,0,0,1,0,0,0,0,0,0,0,0,0,0,0,0,0,0,0,0,0,0,0,0,0,0,0,0,0,0,0,0,0,0,0,0,0,0,1,0,0,0,0,0,1,1,0,0,0,0,0,1,0,0,0,0,0,0,1,0,0,0,0,0,0,0,0,0,0,False,False,False,False,True,False,False,True,False,False,True,False,False,False,False,False,False,False,1,1,1,1,0,0,0,0,0,0,0,0,0
Shadows House,0.6484560570071258,0.06101048617731175,0.02404809619238477,0.5314465408805031,0.10256410256410256,0,0,0,0,0,0,0,0,0,0,0,0,0,0,0,0,0,0,1,0,0,0,0,0,0,0,0,0,0,0,0,0,0,0,0,0,0,0,0,0,0,1,0,0,0,0,0,0,0,0,0,0,0,0,0,0,1,0,0,0,0,0,0,0,0,0,0,0,0,0,0,0,0,0,0,0,False,False,False,False,True,False,False,True,False,False,True,False,False,False,False,False,False,True,0,0,0,0,0,0,0,0,0,0,0,0,0
Fire Force Season 3,0.6223277909738718,0.06005719733079118,0.022044088176352703,0.3113207547169812,0.0,1,0,0,0,0,0,0,0,0,0,0,0,0,0,0,0,0,0,1,0,0,0,0,0,0,0,0,0,0,0,0,0,0,0,0,0,0,0,0,0,0,0,0,0,0,0,0,0,0,0,0,0,0,0,0,1,0,0,1,0,0,0,0,0,0,0,0,0,0,0,1,0,0,0,0,0,False,False,False,False,True,False,False,True,False,False,True,False,False,False,False,False,False,True,0,0,1,0,0,0,0,1,0,0,0,0,0
Persona 5 the Animation,0.3230403800475061,0.05910390848427072,0.0501002004008016,0.6257861635220127,0.1794871794871795,1,0,0,0,0,0,0,0,0,0,0,0,0,0,0,0,0,0,0,0,0,0,0,0,0,0,0,0,0,0,0,0,0,0,0,0,0,0,0,0,0,0,0,0,0,0,0,0,0,0,0,0,0,0,1,0,0,0,0,0,0,0,0,0,1,0,0,0,0,0,0,0,0,0,0,0,False,False,False,False,True,True,False,False,False,False,False,True,False,False,False,False,True,False,1,0,0,0,0,0,0,0,0,0,0,0,0
Love Stage!!,0.486935866983373,0.058150619637750256,0.018036072144288578,0.4339622641509434,0.28205128205128205,0,1,0,0,0,0,1,0,0,0,1,0,0,0,0,0,0,0,0,0,0,0,0,0,0,0,0,0,0,0,0,0,0,0,0,0,0,0,0,0,0,0,0,0,1,0,0,0,0,0,0,0,0,0,0,0,0,0,0,1,0,0,0,0,0,0,0,0,0,0,0,0,0,0,0,0,False,False,False,False,True,False,True,False,False,False,True,False,False,False,False,False,True,False,0,0,0,0,0,0,1,0,0,0,0,0,0
Planetes,0.7505938242280286,0.057197330791229684,0.0501002004008016,0.6477987421383649,0.5641025641025641,0,1,0,0,0,1,0,0,0,0,0,0,0,0,1,0,0,0,0,0,0,0,0,0,0,0,0,0,0,0,0,0,0,0,0,0,0,0,0,0,0,0,0,0,0,0,0,0,0,0,0,0,1,0,0,1,1,0,0,0,0,1,0,0,0,0,0,0,0,0,0,0,0,0,0,1,False,False,False,False,True,False,False,True,False,False,False,True,False,False,False,True,False,False,0,0,0,0,0,1,0,0,0,0,0,0,0
Naruto Shippuden the Movie 4: The Lost Tower,0.5558194774346794,0.05624404194470922,0.0,0.4559748427672956,,1,0,1,0,0,0,0,0,0,0,0,0,0,0,0,0,0,0,1,0,0,0,0,0,0,0,0,0,0,0,0,0,0,0,0,0,0,0,0,0,0,0,0,0,0,0,0,0,0,0,0,0,0,0,0,0,0,0,1,0,0,0,0,0,0,0,0,0,0,1,0,0,0,0,0,0,False,False,False,False,True,False,True,False,False,True,False,False,False,False,False,False,False,False,0,0,0,0,0,0,1,0,0,0,0,0,0
To LOVE Ru Darkness 2,0.5558194774346794,0.05529075309818876,0.022044088176352703,0.3616352201257862,0.2564102564102564,0,0,0,0,0,0,0,0,0,0,1,0,0,0,0,1,0,0,0,0,0,0,0,1,0,0,0,0,0,0,0,0,0,0,0,0,0,0,0,0,0,0,0,0,0,0,0,0,0,0,0,0,1,0,1,1,0,0,1,0,0,0,0,0,0,0,0,0,0,0,0,0,0,0,0,0,False,False,False,False,True,False,True,False,False,False,True,False,False,False,False,False,True,False,0,0,0,0,0,0,0,0,0,0,0,0,0
One Piece Film: Strong World,0.7030878859857481,0.0543374642516683,0.0,0.37421383647798745,,1,0,1,0,0,0,0,0,0,0,0,0,0,0,0,0,0,0,1,0,0,0,0,0,0,0,0,0,0,0,0,0,0,0,0,0,0,0,0,0,0,0,0,0,0,0,0,0,0,0,0,0,0,0,0,0,0,0,1,0,0,0,0,0,0,0,0,0,0,0,0,0,0,0,0,0,False,False,False,False,True,False,False,True,False,True,False,False,False,False,False,False,False,False,0,0,0,0,0,0,1,0,0,0,0,0,0
Medaka Box,0.4584323040380047,0.05338417540514773,0.022044088176352703,0.4811320754716981,0.3333333333333333,1,0,0,0,0,0,0,0,0,0,1,0,0,0,0,1,0,0,0,0,0,0,0,0,0,0,0,0,0,0,0,0,0,0,0,0,1,0,0,0,0,0,0,0,0,0,0,0,0,0,0,0,0,0,1,0,0,0,1,0,0,0,0,0,1,0,0,0,0,0,0,0,0,0,0,0,False,False,False,False,True,False,True,False,False,False,True,False,False,False,False,False,True,False,1,0,0,0,0,0,1,0,0,0,0,0,0
"Clannad: After Story - Another World, Kyou Chapter",0.6389548693586697,0.052430886558627265,0.0,0.24528301886792453,,0,0,0,0,0,0,0,0,0,0,0,0,0,0,1,0,0,0,0,0,0,0,0,0,0,0,0,0,0,0,0,0,0,0,0,0,0,0,0,0,0,0,0,0,0,0,0,0,0,0,0,0,1,0,1,0,0,0,0,0,0,0,0,0,0,0,0,0,0,0,0,0,0,0,0,0,False,False,False,False,True,False,False,True,False,True,False,False,False,False,False,False,False,False,1,0,0,0,0,0,0,0,0,0,0,0,0
Sakura Trick,0.4418052256532068,0.051477597712106804,0.022044088176352703,0.44654088050314467,0.28205128205128205,0,0,0,0,0,0,0,0,0,0,1,0,0,0,0,0,0,0,0,0,1,0,0,0,0,0,0,0,0,0,0,0,0,0,0,0,0,0,0,0,0,0,0,0,0,0,0,0,0,0,0,0,0,0,1,0,1,0,0,0,0,0,0,0,0,0,0,0,0,0,0,0,0,0,0,0,False,False,False,False,True,False,True,False,False,False,True,False,False,False,False,False,True,False,1,0,0,1,0,0,0,0,0,0,0,0,0
Sabikui Bisco,0.489311163895487,0.05052430886558623,0.022044088176352703,0.41509433962264153,0.07692307692307693,1,0,1,0,0,0,0,0,0,0,0,0,0,0,0,0,0,0,1,0,0,0,0,0,0,0,0,0,0,0,0,0,0,0,0,0,0,0,0,0,0,0,0,0,0,0,0,0,0,0,0,0,0,0,0,1,0,0,0,0,0,0,0,0,0,0,0,0,0,0,0,0,0,0,0,0,False,False,False,False,True,False,True,False,False,False,True,False,False,False,False,False,False,True,0,0,1,0,0,0,1,0,0,0,1,0,0
Himouto! Umaru-chan R,0.5296912114014252,0.04957102001906577,0.022044088176352703,0.3459119496855346,0.20512820512820512,0,0,0,0,0,0,0,0,0,0,1,0,0,0,0,0,0,0,0,0,0,0,0,0,0,0,0,0,0,0,0,0,0,0,0,0,0,0,0,0,0,0,0,0,1,0,0,0,0,0,0,0,0,0,1,0,1,0,0,0,0,0,0,0,0,0,0,0,0,0,0,0,0,0,0,0,False,False,False,False,True,False,True,False,False,False,True,False,False,False,False,False,True,False,1,0,0,0,0,0,1,0,0,0,0,0,0
JoJo's Bizarre Adventure: Stone Ocean Part 3,0.8147268408551069,0.04861773117254531,0.026052104208416832,0.5220125786163522,,1,0,1,0,0,0,0,0,0,0,0,0,0,0,0,0,0,0,0,0,0,0,0,0,0,0,0,0,0,0,0,0,0,0,0,0,0,0,0,0,0,0,0,0,0,0,0,0,0,0,0,0,0,0,0,0,0,0,1,0,0,0,0,0,1,0,0,0,0,0,0,0,0,0,0,0,False,False,False,False,True,False,False,False,True,False,False,True,False,False,False,False,False,False,0,0,0,0,0,1,0,0,0,0,0,0,0
Full Dive: The Ultimate Next-Gen Full Dive RPG Is Even Shittier than Real Life!,0.33016627078384797,0.047664442326024736,0.022044088176352703,0.669811320754717,0.10256410256410256,1,0,0,0,0,0,0,0,0,0,1,0,0,0,0,0,0,0,1,0,0,0,0,0,0,0,0,0,0,0,0,0,0,0,0,0,0,0,0,0,0,0,0,0,0,0,0,0,0,0,0,0,0,0,0,0,0,0,0,0,0,0,0,0,0,0,0,0,0,0,0,0,1,0,0,0,False,False,False,False,True,True,False,False,False,False,True,False,False,False,False,False,False,True,1,0,0,0,0,0,1,0,0,0,0,0,0
Kokoro Connect OVA,0.672209026128266,0.046711153479504275,0.0060120240480961915,0.32389937106918243,,0,0,0,0,0,0,0,0,0,0,0,0,0,0,1,0,0,0,0,0,0,0,0,0,0,0,0,0,0,0,0,0,0,0,0,0,0,0,0,0,0,0,0,0,0,0,0,0,0,0,0,0,1,0,1,0,0,0,0,0,0,0,0,0,0,1,0,0,0,0,0,0,0,0,0,0,False,False,False,False,True,False,False,True,False,False,True,False,False,False,False,False,False,False,1,0,0,0,1,0,0,0,0,0,0,0,0
Full Metal Panic! The Second Raid,0.672209026128266,0.04575786463298381,0.02404809619238477,0.4276729559748428,0.5128205128205128,0,0,0,0,0,0,0,0,0,0,0,0,0,0,0,0,0,0,0,0,0,0,0,0,0,0,0,0,0,0,0,0,0,0,0,0,0,1,0,1,0,0,0,0,0,0,0,0,0,0,0,0,0,0,0,0,0,0,0,0,0,0,0,0,0,0,0,0,0,0,0,0,0,0,0,0,False,False,False,False,True,False,False,True,False,False,True,False,False,False,False,True,False,False,1,0,0,0,0,1,0,0,0,0,1,0,0
Sky Wizards Academy,0.2897862232779098,0.04480457578646324,0.022044088176352703,0.4088050314465409,0.2564102564102564,1,0,0,0,0,0,0,0,0,0,0,0,0,0,1,0,0,0,1,0,0,0,0,0,0,0,0,0,0,0,0,0,0,0,0,0,0,0,0,0,0,0,0,0,0,0,0,0,0,0,0,0,0,0,1,0,0,0,0,0,0,0,0,0,0,0,0,0,0,0,0,0,0,0,0,0,False,False,False,False,True,True,False,False,False,False,True,False,False,False,False,False,True,False,0,1,0,0,0,0,1,1,0,0,0,0,0
Farming Life in Another World,0.5819477434679337,0.04385128693994278,0.022044088176352703,0.32389937106918243,0.05128205128205128,0,0,0,0,0,0,0,0,0,0,0,0,0,0,0,0,0,0,1,0,0,0,0,0,0,0,0,0,1,0,0,0,0,0,0,0,0,0,0,0,0,0,0,0,0,0,0,0,0,0,0,0,0,0,0,0,0,0,0,0,1,0,0,0,0,0,0,0,0,0,0,0,0,0,0,0,False,False,False,False,True,False,False,True,False,False,True,False,False,False,False,False,False,True,0,0,0,0,0,0,0,0,0,0,0,0,0
Love Live! School Idol Project 2,0.6365795724465559,0.04289799809342232,0.02404809619238477,0.6226415094339623,0.28205128205128205,0,0,0,0,0,1,0,0,0,0,0,0,0,0,0,0,0,0,0,0,0,0,0,0,0,0,0,1,0,0,0,0,0,0,0,0,0,0,0,0,1,0,0,0,0,0,0,0,0,0,0,0,0,0,1,0,0,0,0,0,1,0,0,0,0,0,0,0,0,0,0,0,0,0,0,0,False,False,False,False,True,False,False,True,False,False,True,False,False,False,False,False,True,False,1,0,0,0,0,1,1,0,0,0,0,0,1
Naruto Shippuden the Movie 5: Blood Prison,0.5653206650831355,0.04194470924690186,0.0,0.4748427672955975,,1,0,1,0,0,0,0,0,0,0,0,0,0,0,0,0,0,0,1,0,0,0,0,0,0,0,0,0,0,0,0,0,0,0,0,0,0,0,0,0,0,0,0,0,0,0,0,0,0,0,0,0,0,0,0,0,0,0,1,0,0,0,0,0,0,0,0,0,0,0,0,0,0,0,0,0,False,False,False,False,True,False,True,False,False,True,False,False,False,False,False,False,False,False,0,0,1,0,0,0,0,0,0,1,0,1,0
Noragami Aragoto OVA,0.6555819477434679,0.040991420400381284,0.002004008016032064,0.30188679245283023,,0,0,0,0,0,0,0,0,0,0,1,0,0,0,0,0,0,0,0,0,0,0,0,0,0,0,0,0,0,0,0,0,0,0,0,0,0,0,0,0,0,0,1,0,0,0,0,0,0,0,0,0,0,0,0,0,0,0,1,0,0,0,0,0,0,1,0,0,0,0,0,0,0,0,0,0,False,False,False,False,True,False,False,True,False,False,True,False,False,False,False,False,False,False,0,0,0,0,0,0,0,0,0,1,0,0,0
Seitokai Yakuindomo*,0.6152019002375297,0.04003813155386082,0.02404809619238477,0.6100628930817611,0.28205128205128205,0,0,0,0,0,0,0,0,0,0,1,0,0,0,0,0,0,0,0,1,0,0,0,0,0,0,0,0,0,0,0,0,0,0,0,0,0,0,0,0,0,0,0,0,0,0,0,0,0,0,0,0,0,0,1,0,0,0,1,0,0,0,0,0,0,0,0,0,0,0,0,0,0,0,0,0,False,False,False,False,True,False,False,True,False,False,True,False,False,False,False,False,True,False,1,0,0,0,0,0,0,0,0,0,0,1,1
Engage Kiss,0.40617577197149646,0.03908484270734036,0.02404809619238477,0.3647798742138365,0.07692307692307693,1,0,0,0,0,0,0,0,0,0,1,0,0,0,0,0,0,0,0,0,0,0,0,0,0,0,0,0,0,0,0,0,1,0,0,0,0,0,0,0,0,0,0,0,0,0,0,0,0,0,0,0,1,0,0,0,0,0,0,0,0,0,0,0,0,0,0,0,0,0,0,0,0,0,0,0,False,False,False,False,True,False,True,False,False,False,True,False,False,False,False,False,False,True,0,0,1,0,1,0,0,0,0,0,0,0,0
Love After World Domination,0.5463182897862233,0.03813155386081979,0.022044088176352703,0.42452830188679247,0.07692307692307693,1,0,0,0,0,0,0,0,0,0,1,0,0,0,0,0,0,0,1,0,0,0,0,0,0,0,0,0,0,0,0,0,0,0,0,0,0,0,0,0,0,0,0,0,0,1,0,0,0,0,0,0,1,0,0,0,0,0,1,0,0,0,0,0,0,0,0,0,0,0,1,0,0,0,0,0,False,False,False,False,True,False,True,False,False,False,True,False,False,False,False,False,False,True,0,0,0,1,0,0,0,0,0,0,0,0,0
A Certain Magical Index III,0.41567695961995255,0.03717826501429933,0.0501002004008016,0.33018867924528306,0.1794871794871795,1,0,0,0,0,0,0,0,0,0,0,0,0,0,0,0,0,0,1,0,0,0,0,0,0,0,0,0,0,0,0,0,0,0,0,0,0,0,0,0,0,0,0,0,0,0,0,0,0,0,0,0,0,0,0,1,0,0,0,0,0,0,0,0,1,0,0,0,0,0,1,0,0,0,0,0,False,False,False,False,True,False,True,False,False,False,False,True,False,False,False,False,True,False,1,1,1,0,0,0,0,0,0,0,0,0,0
New Game!!,0.6199524940617578,0.036224976167778866,0.022044088176352703,0.4716981132075472,0.20512820512820512,0,1,0,0,0,0,0,1,0,0,1,0,0,0,0,0,0,0,0,0,0,0,0,0,0,0,0,0,0,0,0,0,0,0,0,0,0,0,0,0,0,0,0,0,1,0,0,0,0,0,0,0,0,0,0,0,0,0,0,0,0,0,0,0,0,0,0,0,0,0,0,0,0,0,0,1,False,False,False,False,True,False,False,True,False,False,True,False,False,False,False,False,True,False,0,0,0,0,0,0,1,0,0,0,0,0,0
Natsume's Book of Friends Season 3,0.8266033254156773,0.035271687321258294,0.02404809619238477,0.27672955974842767,0.358974358974359,0,0,0,0,0,0,0,0,0,0,0,0,0,0,0,0,0,0,0,0,0,0,0,0,0,0,0,0,0,1,0,0,0,0,0,0,0,0,0,0,0,0,1,0,0,0,0,0,0,0,0,0,0,0,0,0,0,1,0,0,1,0,0,0,0,1,0,0,0,0,0,0,0,0,0,0,False,False,False,False,True,False,False,False,True,False,True,False,False,False,False,False,True,False,0,0,0,0,1,0,1,0,0,0,1,0,0
My Teen Romantic Comedy SNAFU TOO! OVA,0.6983372921615201,0.03431839847473783,0.0,0.2358490566037736,,0,0,0,0,0,0,0,0,0,0,1,0,0,0,0,0,0,0,0,0,0,0,0,0,0,0,0,0,0,0,0,0,1,0,0,0,0,0,0,0,0,0,0,0,0,0,0,0,0,0,0,0,1,0,1,0,0,0,0,0,0,0,0,0,0,0,0,0,0,0,0,0,0,0,0,0,False,False,False,False,True,False,False,True,False,True,False,False,False,False,False,False,False,False,0,0,1,0,0,1,0,0,0,0,0,0,0
Black Butler: Book of Murder,0.7030878859857481,0.03336510962821737,0.002004008016032064,0.3364779874213837,,1,0,0,0,0,0,0,0,0,0,0,0,0,0,0,0,0,0,0,0,0,0,0,0,0,1,0,0,0,0,0,0,0,0,0,0,0,0,0,0,0,1,1,0,0,0,0,0,0,0,0,0,0,0,0,0,0,0,1,0,0,0,0,0,0,1,0,0,0,0,0,0,0,0,0,0,False,False,False,False,True,False,False,True,False,False,True,False,False,False,False,False,False,False,0,0,0,0,0,0,0,0,0,1,1,0,0
The 8th Son? Are You Kidding Me?,0.2826603325415675,0.0324118207816968,0.022044088176352703,0.279874213836478,0.1282051282051282,1,0,0,0,0,0,0,0,0,0,0,0,0,0,0,0,0,0,1,0,0,0,0,0,0,0,0,0,1,0,0,0,0,0,0,0,0,0,0,0,0,0,0,0,0,0,0,0,0,0,1,0,0,0,0,0,0,0,0,0,0,0,0,0,0,0,0,0,0,0,0,0,0,0,0,0,False,False,False,False,True,True,False,False,False,False,True,False,False,False,False,False,True,False,0,1,0,0,0,0,0,0,0,0,0,0,0
Tokyo Ghoul: Jack,0.5249406175771971,0.03145853193517634,0.0,0.3113207547169812,,1,0,0,0,0,0,0,0,0,0,0,0,0,0,0,0,0,0,1,0,0,1,0,0,0,0,1,0,0,0,0,0,0,0,0,0,0,0,0,0,0,0,0,0,0,0,0,0,1,0,0,0,0,0,1,0,1,0,0,0,0,0,0,0,0,0,0,1,0,0,1,0,0,0,0,0,False,False,False,False,True,False,True,False,False,True,False,False,False,False,False,False,False,False,1,0,1,0,0,0,0,0,0,1,0,0,0
My Next Life as a Villainess: All Routes Lead to Doom! X,0.5154394299287413,0.030505243088655876,0.022044088176352703,0.32389937106918243,0.10256410256410256,0,0,0,0,0,0,0,0,0,0,1,0,0,0,0,0,0,0,1,0,0,0,0,0,0,0,0,0,1,0,0,0,0,0,0,0,0,0,0,0,0,0,0,0,0,0,0,0,0,0,0,1,1,0,1,0,0,1,0,0,0,0,0,0,0,0,0,0,0,0,0,0,0,1,0,0,False,False,False,False,True,False,True,False,False,False,True,False,False,False,False,False,False,True,1,0,0,0,0,0,0,0,0,0,0,0,1
Darker Than Black: Gemini of the Meteor OVAs,0.6698337292161523,0.029551954242135414,0.0060120240480961915,0.29559748427672955,,1,0,0,0,0,0,0,0,0,0,0,0,0,0,0,0,0,0,0,0,0,0,0,0,0,0,0,0,0,0,0,0,0,0,0,0,0,0,0,0,0,1,0,0,0,0,0,0,0,0,0,0,0,0,0,0,0,0,0,0,0,0,0,0,1,0,0,0,0,0,0,0,0,0,0,0,False,False,False,False,True,False,False,True,False,False,True,False,False,False,False,False,False,False,0,1,0,1,0,0,0,0,0,0,0,0,0
ef - a tale of memories.,0.6603325415676962,0.028598665395614842,0.022044088176352703,0.5314465408805031,0.4615384615384615,0,0,0,0,0,0,0,0,0,0,0,0,0,0,1,0,0,0,0,0,0,0,0,0,0,0,0,0,0,0,0,0,0,0,0,0,0,0,0,0,0,1,0,0,0,0,0,0,0,0,0,0,1,0,0,0,0,0,0,0,0,0,0,0,0,0,0,0,0,0,0,0,0,0,0,0,False,False,False,False,True,False,False,True,False,False,True,False,False,False,False,True,False,False,1,0,0,0,0,0,1,0,0,0,0,0,0
Mobile Suit Gundam: Iron-Blooded Orphans,0.7078384798099764,0.02764537654909438,0.04809619238476953,0.5628930817610063,0.2564102564102564,0,0,0,0,0,0,0,0,0,0,0,0,0,0,1,0,0,0,0,0,0,0,0,0,0,0,0,0,0,0,0,0,0,0,0,0,0,1,0,0,0,0,0,0,0,0,0,0,0,0,0,0,0,0,0,1,0,0,0,0,0,1,0,0,0,0,0,0,0,0,0,0,0,0,0,0,False,False,False,False,True,False,False,True,False,False,False,True,False,False,False,False,True,False,0,0,1,0,0,1,0,0,0,0,0,0,0
Koyomimonogatari,0.6009501187648458,0.02669208770257392,0.022044088176352703,0.2138364779874214,,0,0,0,0,0,0,0,0,0,0,1,0,0,0,0,0,0,0,0,0,0,0,0,0,0,0,0,0,0,0,0,0,0,0,0,0,0,0,0,0,0,1,0,0,0,0,0,0,0,0,0,0,0,0,0,0,0,0,0,0,0,0,0,0,0,1,0,0,0,0,0,0,0,0,0,0,False,False,False,False,True,False,False,True,False,False,True,False,False,False,False,False,False,False,0,0,0,0,1,0,1,0,0,1,0,0,0
Dr. Stone: Science Future,0.7529691211401426,0.025738798856053346,0.022044088176352703,0.4591194968553459,0.0,0,0,1,0,0,0,0,0,0,0,1,0,0,0,0,0,0,0,0,0,0,0,0,0,0,0,0,0,0,0,0,0,0,0,0,0,0,0,0,0,0,0,0,0,0,0,0,0,0,0,0,0,0,0,0,1,0,0,1,0,0,0,0,0,0,0,0,0,0,0,0,0,0,0,0,0,False,False,False,False,True,False,False,True,False,False,True,False,False,False,False,False,False,True,0,0,0,0,0,1,1,1,0,0,0,0,1
Gankutsuou: The Count of Monte Cristo,0.7197149643705463,0.024785510009532885,0.046092184368737465,0.39308176100628933,0.5384615384615384,0,0,0,0,0,1,0,0,0,0,0,0,0,0,1,0,0,0,0,0,0,0,0,0,0,0,0,0,0,0,0,0,0,0,0,0,0,0,0,0,0,1,0,0,0,0,0,0,0,0,0,0,0,0,0,1,0,0,0,0,0,0,0,0,0,1,0,1,0,0,0,0,0,0,0,0,False,False,False,False,True,False,False,True,False,False,False,True,False,False,False,True,False,False,0,0,0,0,0,0,0,0,0,0,0,0,1
"BOFURI: I Don't Want to Get Hurt, so I'll Max Out My Defense. Season 2",0.508313539192399,0.023832221163012424,0.022044088176352703,0.3679245283018868,0.05128205128205128,1,0,1,0,0,0,0,0,0,0,1,0,0,0,0,0,0,0,1,0,0,0,0,0,0,0,0,0,0,0,0,0,0,0,0,0,0,0,0,0,0,0,0,0,0,0,0,0,0,0,0,0,0,0,0,0,0,0,0,0,0,0,0,0,0,0,0,0,0,0,0,0,1,0,0,0,False,False,False,False,True,False,True,False,False,False,True,False,False,False,False,False,False,True,0,0,0,0,0,1,1,0,0,0,0,0,0
Junjo Romantica,0.5605700712589075,0.02287893231649185,0.022044088176352703,0.679245283018868,0.4358974358974359,0,1,0,0,0,0,1,0,0,0,1,0,0,0,1,0,0,0,0,0,0,0,0,0,0,0,0,0,0,0,0,0,0,0,0,0,0,0,0,0,0,0,0,0,0,0,0,0,0,0,0,0,0,0,0,0,0,0,0,0,0,0,0,0,0,0,0,0,0,0,0,0,0,0,0,0,False,False,False,False,True,False,True,False,False,False,True,False,False,False,False,True,False,False,1,0,0,1,0,0,1,0,0,0,0,0,1
The Great Jahy Will Not Be Defeated!,0.4584323040380047,0.02192564346997139,0.038076152304609215,0.4088050314465409,0.10256410256410256,0,0,0,0,0,0,0,0,0,0,1,0,0,0,0,0,0,0,0,0,0,0,0,0,0,0,0,0,0,0,0,0,0,0,0,0,0,0,0,0,0,0,0,0,0,0,0,0,0,0,0,0,0,0,0,0,0,0,1,0,0,0,0,0,0,1,0,0,0,0,0,0,0,0,0,0,False,False,False,False,True,False,True,False,False,False,False,True,False,False,False,False,False,True,0,0,0,0,0,0,0,0,0,0,0,0,0
K: Missing Kings,0.6033254156769596,0.02097235462345093,0.0,0.5,,1,0,0,0,0,0,0,0,0,0,0,0,0,0,0,0,0,0,0,0,0,0,0,0,0,0,0,0,0,0,0,0,0,0,0,0,0,0,0,0,0,0,0,0,0,0,0,0,0,0,0,0,0,0,0,0,0,0,0,0,0,0,0,0,1,0,0,0,0,0,0,0,0,0,0,0,False,False,False,False,True,False,False,True,False,True,False,False,False,False,False,False,False,False,0,0,1,0,0,0,0,0,0,1,0,0,0
Sirius the Jaeger,0.4441805225653208,0.020019065776930356,0.022044088176352703,0.5,0.1794871794871795,1,0,0,0,0,0,0,0,0,0,0,0,0,0,0,0,0,0,0,0,0,0,0,0,0,1,0,0,0,0,0,0,0,0,0,0,0,0,0,0,0,0,0,0,0,0,0,0,0,0,0,0,0,0,0,0,0,0,0,0,0,0,0,0,0,1,0,0,0,0,0,1,0,0,0,0,False,False,False,False,True,False,True,False,False,False,True,False,False,False,False,False,True,False,0,0,1,0,1,0,0,1,0,0,0,0,0
Magical Warfare,0.20665083135391926,0.019065776930409895,0.022044088176352703,0.7358490566037736,0.28205128205128205,1,0,0,0,0,0,0,0,0,0,0,0,0,0,0,0,0,0,1,0,0,0,0,0,0,0,0,0,0,0,0,0,0,0,0,0,0,0,0,0,0,0,0,0,0,0,0,0,0,0,0,0,0,0,1,0,0,0,0,0,0,0,0,0,0,0,0,0,0,0,0,0,0,0,0,0,False,False,False,False,True,True,False,False,False,False,True,False,False,False,False,False,True,False,1,1,0,0,1,1,0,0,0,0,0,0,0
Hetalia Axis Powers,0.5130641330166272,0.018112488083889433,0.10220440881763526,0.46855345911949686,,0,0,0,1,0,0,0,0,0,0,1,0,0,0,0,0,0,0,0,1,0,0,0,0,0,1,0,0,0,0,0,0,0,0,0,0,0,0,0,0,0,0,0,0,0,1,0,0,0,0,0,0,0,0,0,0,0,0,0,0,0,0,0,0,0,0,0,0,0,0,0,0,0,0,0,0,False,False,False,False,True,False,True,False,False,False,False,False,True,False,False,False,False,False,0,0,1,0,0,1,0,0,0,0,0,0,0
The Reincarnation of the Strongest Exorcist in Another World,0.48218527315914494,0.01715919923736897,0.02404809619238477,0.44654088050314467,0.05128205128205128,1,0,1,0,0,0,0,0,0,0,0,0,0,0,0,0,0,0,1,0,0,0,0,0,0,0,0,0,1,0,0,0,0,0,0,0,0,0,0,0,0,0,0,0,0,0,0,0,0,0,1,0,0,0,0,0,0,0,0,0,0,0,0,0,0,0,0,0,0,0,0,0,0,0,0,0,False,False,False,False,True,False,True,False,False,False,True,False,False,False,False,False,False,True,0,1,1,0,0,0,0,0,0,0,0,0,0
My Deer Friend Nokotan,0.44893111638954863,0.0162059103908484,0.022044088176352703,0.42452830188679247,0.02564102564102564,0,0,0,0,0,0,0,0,0,0,1,0,0,0,0,0,0,0,0,1,0,0,0,0,0,0,0,0,0,0,0,0,0,0,0,0,0,0,0,0,0,0,0,0,0,0,0,0,0,0,0,0,0,0,1,0,0,0,1,0,0,0,0,0,0,0,0,0,0,0,0,0,0,0,0,0,False,False,False,False,True,False,True,False,False,False,True,False,False,False,False,False,False,True,1,0,1,0,0,0,0,0,0,0,1,0,0
Ragna Crimson,0.5866983372921615,0.015252621544327938,0.046092184368737465,0.550314465408805,0.05128205128205128,1,0,0,0,0,0,0,0,0,0,0,0,0,0,0,0,0,0,1,0,0,0,0,0,0,0,0,0,0,0,0,0,0,0,0,0,0,0,0,0,0,0,0,0,0,0,0,0,0,0,0,0,0,0,0,0,0,0,1,0,0,0,0,0,0,0,0,0,0,0,0,0,0,0,0,0,False,False,False,False,True,False,False,True,False,False,False,True,False,False,False,False,False,True,0,0,0,0,0,1,1,0,0,0,1,0,0
"Love, Election and Chocolate",0.4465558194774346,0.014299332697807476,0.022044088176352703,0.3616352201257862,0.3333333333333333,0,0,0,0,0,0,0,0,0,0,0,0,0,0,1,0,0,0,0,0,0,0,0,1,0,0,0,0,0,0,0,0,0,0,0,0,0,0,0,0,0,0,0,0,0,0,0,0,0,0,0,0,1,0,1,0,0,0,0,0,0,0,0,0,0,0,0,0,0,0,0,0,0,0,0,0,False,False,False,False,True,False,True,False,False,False,True,False,False,False,False,False,True,False,1,0,0,0,0,0,0,0,0,0,0,0,0
Yu☆Gi☆Oh!,0.5154394299287413,0.013346043851286904,0.052104208416833664,0.5471698113207547,0.6923076923076923,1,0,0,0,0,0,0,0,0,0,1,0,0,0,0,0,0,0,1,0,0,0,0,0,0,0,0,0,0,0,0,0,0,0,0,0,0,0,0,0,0,0,0,0,0,0,0,0,0,0,0,0,0,0,0,0,0,0,1,0,0,0,0,1,0,0,0,0,0,0,0,0,0,0,0,0,False,False,False,False,True,False,True,False,False,False,False,False,True,False,True,False,False,False,0,0,1,0,0,0,0,0,0,0,0,0,0
King's Game,0.0,0.012392755004766443,0.022044088176352703,0.4591194968553459,0.20512820512820512,0,0,0,0,0,0,0,0,0,0,0,0,0,0,1,0,0,0,0,0,0,1,0,0,1,0,1,0,0,0,0,0,0,0,0,0,0,0,0,0,0,1,0,0,0,0,0,0,0,0,0,0,0,0,1,0,0,0,0,0,0,0,0,0,0,0,1,1,0,0,0,0,0,0,0,0,False,False,False,False,True,True,False,False,False,False,True,False,False,False,False,False,True,False,1,0,1,0,0,0,0,0,0,1,0,0,0
Log Horizon: Destruction of the Round Table,0.47268408551068886,0.011439466158245981,0.022044088176352703,0.2169811320754717,0.10256410256410256,1,1,1,0,0,0,0,0,0,0,0,0,0,0,0,0,0,0,1,0,0,0,0,0,0,0,0,0,0,0,0,0,0,0,0,0,0,0,0,0,0,0,0,0,0,0,0,0,0,0,0,0,0,0,0,0,0,0,0,0,0,0,0,0,0,0,0,0,0,0,0,0,1,0,0,0,False,False,False,False,True,False,True,False,False,False,True,False,False,False,False,False,False,True,0,0,0,0,0,0,0,0,0,0,0,0,0
Natsume's Book of Friends Season 2,0.819477434679335,0.010486177311725409,0.02404809619238477,0.29245283018867924,0.41025641025641024,0,0,0,0,0,0,0,0,0,0,0,0,0,0,0,0,0,0,0,0,0,0,0,0,0,0,0,0,0,1,0,0,0,0,0,0,0,0,0,0,0,0,1,0,0,0,0,0,0,0,0,0,0,0,0,0,0,1,0,0,1,0,0,0,0,1,0,0,0,0,0,0,0,0,0,0,False,False,False,False,True,False,False,False,True,False,True,False,False,False,False,True,False,False,0,0,0,0,0,0,0,0,0,0,0,0,0
Bleach: Thousand-Year Blood War - The Conflict,0.8527315914489313,0.009532888465204947,0.026052104208416832,0.5251572327044025,0.02564102564102564,1,0,1,0,0,0,0,0,0,0,0,0,0,0,0,0,0,0,0,0,0,0,0,0,0,0,0,0,0,0,0,0,0,0,0,0,0,0,0,0,0,0,0,0,0,0,0,0,0,0,0,0,0,0,0,0,0,0,1,0,0,0,0,0,0,1,0,0,0,0,0,0,0,0,0,0,False,False,False,False,True,False,False,False,True,False,False,True,False,False,False,False,False,True,0,1,0,0,0,0,0,0,0,0,0,0,0
Natsume's Book of Friends Season 4,0.8432304038004752,0.008579599618684486,0.02404809619238477,0.5691823899371069,0.3333333333333333,0,0,0,0,0,0,0,0,0,0,0,0,0,0,0,0,0,0,0,0,0,0,0,0,0,0,0,0,0,1,0,0,0,0,0,0,0,0,0,0,0,0,1,0,0,0,0,0,0,0,0,0,0,0,0,0,0,1,0,0,1,0,0,0,0,1,0,0,0,0,0,0,0,0,0,0,False,False,False,False,True,False,False,False,True,False,True,False,False,False,False,False,True,False,0,0,1,0,1,0,0,0,0,0,0,0,0
Bleach the Movie: The DiamondDust Rebellion,0.5558194774346794,0.007626310772163913,0.0,0.5283018867924528,,1,0,1,0,0,0,0,0,0,0,0,0,0,0,0,0,0,0,0,0,0,0,0,0,0,0,0,0,0,0,0,0,0,0,0,0,0,0,0,0,0,0,0,0,0,0,0,0,0,0,0,0,0,0,0,0,0,0,1,0,0,0,0,0,0,1,0,0,0,0,0,0,0,0,0,0,False,False,False,False,True,False,True,False,False,True,False,False,False,False,False,False,False,False,0,0,0,0,1,0,0,0,0,0,0,0,0
Life Lessons with Uramichi-Oniisan,0.6223277909738718,0.006673021925643452,0.02404809619238477,0.42452830188679247,0.10256410256410256,0,1,0,0,0,0,0,0,0,0,1,0,0,0,0,0,0,0,0,1,0,0,0,0,0,0,0,0,0,0,0,0,0,0,0,0,0,0,0,0,0,0,0,0,0,0,0,0,0,0,0,0,0,0,0,0,0,0,0,1,0,0,0,0,0,0,0,0,0,0,0,0,0,0,0,1,False,False,False,False,True,False,False,True,False,False,True,False,False,False,False,False,False,True,1,0,0,0,0,0,0,0,0,0,0,1,0
Kanokon: The Girl Who Cried Fox,0.3016627078384797,0.0057197330791229906,0.022044088176352703,0.3207547169811321,0.4358974358974359,0,0,0,0,0,0,0,0,0,0,1,0,0,0,0,1,0,0,0,0,0,0,0,0,0,0,0,0,0,0,0,0,1,0,0,0,0,0,0,0,0,0,0,0,0,0,0,0,0,0,0,0,1,0,1,0,0,0,0,0,0,0,0,0,0,1,0,0,0,0,0,0,0,0,0,0,False,False,False,False,True,True,False,False,False,False,True,False,False,False,False,True,False,False,1,1,0,1,1,0,0,0,0,0,0,0,0
Insomniacs After School,0.7102137767220904,0.004766444232602529,0.02404809619238477,0.41509433962264153,0.05128205128205128,0,0,0,0,0,0,0,0,0,0,0,0,0,0,0,0,0,0,0,0,0,0,0,0,0,0,0,0,0,0,0,0,0,0,0,0,0,0,0,0,0,0,0,0,0,0,0,0,0,0,0,0,1,0,1,0,1,0,0,0,0,0,0,0,0,0,0,0,0,0,0,0,0,0,0,0,False,False,False,False,True,False,False,True,False,False,True,False,False,False,False,False,False,True,1,0,1,0,1,0,0,0,0,0,0,0,0
A Certain Scientific Railgun T,0.7268408551068886,0.0038131553860819567,0.04809619238476953,0.44339622641509435,0.1282051282051282,1,0,0,0,0,0,0,0,0,0,0,0,0,0,0,0,0,0,1,0,0,0,0,0,0,0,0,0,0,0,0,0,0,0,0,0,0,0,0,0,0,0,0,0,0,0,0,0,0,0,0,0,0,0,0,1,0,0,0,0,0,0,0,0,1,0,0,0,0,0,1,0,0,0,0,0,False,False,False,False,True,False,False,True,False,False,False,True,False,False,False,False,True,False,1,0,0,0,0,0,0,0,0,0,1,0,0
Ace of Diamond,0.7197149643705463,0.0028598665395614953,0.14829659318637273,0.5628930817610063,0.3076923076923077,0,0,0,0,0,0,0,0,0,0,0,0,0,0,0,0,0,0,0,0,0,0,0,0,0,0,0,0,0,0,0,0,0,0,0,0,0,0,0,0,0,0,0,0,0,0,0,0,0,0,0,0,0,0,1,0,0,0,1,0,0,0,1,0,0,0,0,0,1,0,0,0,0,0,0,0,False,False,False,False,True,False,False,True,False,False,False,False,False,True,False,False,True,False,1,0,0,0,0,0,0,1,0,0,0,0,0
Wagnaria!!3,0.6817102137767221,0.0019065776930410339,0.02404809619238477,0.2861635220125786,0.2564102564102564,0,0,0,0,0,0,0,0,0,0,1,0,0,0,0,0,0,0,0,0,0,0,0,0,0,0,0,0,0,0,0,0,0,1,0,0,0,0,0,0,0,0,0,0,0,0,0,0,0,0,0,0,1,0,0,0,1,0,0,0,0,0,0,0,0,0,0,0,0,0,0,0,0,0,0,1,False,False,False,False,True,False,False,True,False,False,True,False,False,False,False,False,True,False,0,0,1,1,0,0,0,0,0,0,0,0,0
White Album 2,0.5961995249406176,0.0009532888465204614,0.02404809619238477,0.30188679245283023,0.3076923076923077,0,0,0,0,0,0,0,0,0,0,0,0,0,0,1,0,0,0,0,0,0,0,0,0,0,0,0,0,0,0,0,0,1,0,0,0,0,0,0,0,1,0,0,0,0,0,0,0,0,0,0,0,1,0,0,0,0,0,0,0,0,0,0,0,0,0,0,0,0,0,0,0,0,0,0,0,False,False,False,False,True,False,False,True,False,False,True,False,False,False,False,False,True,False,1,0,0,1,0,0,0,0,0,0,0,0,0
Parallel World Pharmacy,0.517814726840855,0.0,0.022044088176352703,0.6037735849056605,0.07692307692307693,0,0,0,0,0,0,0,0,0,0,0,0,0,0,0,0,0,0,1,0,0,0,0,0,0,0,0,0,1,0,0,0,0,0,0,0,0,0,1,0,0,0,0,0,0,0,0,0,0,0,1,0,0,0,0,0,0,0,0,0,0,0,0,0,0,0,0,0,0,0,0,0,0,0,0,0,False,False,False,False,True,False,True,False,False,False,True,False,False,False,False,False,False,True,0,0,0,0,0,0,0,0,0,0,0,0,0
