score_normalized,popularity_normalized,episodes_normalized,synopsis_length_normalized,years_since_release_normalized,Action,Adult Cast,Adventure,Anthropomorphic,Avant Garde,Award Winning,Boys Love,CGDCT,Childcare,Combat Sports,Comedy,Crossdressing,Delinquents,Detective,Drama,Ecchi,Educational,Erotica,Fantasy,Gag Humor,Girls Love,Gore,Gourmet,Harem,High Stakes Game,Historical,Horror,Idols (Female),Isekai,Iyashikei,Josei,Kids,Love Polygon,Love Status Quo,Mahou Shoujo,Martial Arts,Mecha,Medical,Military,Music,Mystery,Mythology,Organized Crime,Otaku Culture,Parody,Performing Arts,Psychological,Racing,Reincarnation,Reverse Harem,Romance,Samurai,School,Sci-Fi,Seinen,Shoujo,Shounen,Showbiz,Slice of Life,Space,Sports,Strategy Game,Super Power,Supernatural,Survival,Suspense,Team Sports,Time Travel,Urban Fantasy,Vampire,Video Game,Visual Arts,Workplace,tier_S-Tier,tier_A-Tier,tier_B-Tier,tier_C-Tier,score_cat_Below Average,score_cat_Average,score_cat_Good,score_cat_Excellent,length_Movie,length_Short,length_Season,length_Long,length_Very Long,era_Classic,era_Golden Age,era_Modern,era_Current,has_school,has_magic,has_war,has_romance,has_supernatural,has_sci_fi,has_fantasy,has_sports,has_slice_of_life,has_mystery,has_horror,has_comedy,has_psychological
0.8193069306930696,1.0,0.04233870967741935,0.5743589743589743,0.3076923076923077,1,0,0,0,0,1,0,0,0,0,0,0,0,0,1,0,0,0,0,0,0,1,0,0,0,0,0,0,0,0,0,0,0,0,0,0,0,0,1,0,0,0,0,0,0,0,0,0,0,0,0,0,0,0,0,0,1,0,0,0,0,0,0,0,1,1,0,0,0,0,0,0,0,True,False,False,False,False,False,False,True,False,False,True,False,False,False,False,True,False,0,0,1,0,0,0,0,0,0,0,0,0,0
0.834158415841584,0.9979959919839679,0.06653225806451613,0.5282051282051282,0.48717948717948717,0,0,0,0,0,0,0,0,0,0,0,0,0,0,0,0,0,0,0,0,0,0,0,0,0,0,0,0,0,0,0,0,0,0,0,0,0,0,0,0,0,0,0,0,0,0,1,0,0,0,0,0,0,0,0,0,1,0,0,0,0,0,0,1,0,1,0,0,0,0,0,0,0,True,False,False,False,False,False,False,True,False,False,False,True,False,False,True,False,False,1,0,1,0,0,0,0,0,0,1,0,0,1
0.9529702970297029,0.9959919839679359,0.12096774193548387,0.5692307692307692,0.41025641025641024,1,0,1,0,0,0,0,0,0,0,0,0,0,0,1,0,0,0,1,0,0,0,0,0,0,0,0,0,0,0,0,0,0,0,0,0,0,0,1,0,0,0,0,0,0,0,0,0,0,0,0,0,0,0,0,0,1,0,0,0,0,0,0,0,0,0,0,0,0,0,0,0,0,True,False,False,False,False,False,False,True,False,False,False,False,True,False,True,False,False,0,0,1,0,0,1,1,1,0,0,0,0,0
0.7995049504950498,0.9939879759519038,0.016129032258064516,0.5128205128205128,0.2564102564102564,1,1,0,0,0,0,0,0,0,0,1,0,0,0,0,0,0,0,0,0,0,0,0,0,0,0,0,0,0,0,0,0,0,0,0,0,0,0,0,0,0,0,0,0,1,0,0,0,0,0,0,0,0,0,1,0,0,0,0,0,0,0,1,0,0,0,0,0,0,0,0,0,0,True,False,False,False,False,False,True,False,False,True,False,False,False,False,False,True,False,0,0,0,0,0,1,0,1,0,0,0,0,0
0.7846534653465349,0.9919839679358717,0.044354838709677415,0.5641025641025641,0.15384615384615385,1,0,0,0,0,1,0,0,0,0,0,0,0,0,0,0,0,0,0,0,0,0,0,0,0,1,0,0,0,0,0,0,0,0,0,0,0,0,0,0,0,0,0,0,0,0,0,0,0,0,0,0,0,0,0,0,1,0,0,0,0,0,0,1,0,0,0,0,0,0,0,0,0,True,False,False,False,False,False,True,False,False,False,True,False,False,False,False,True,False,0,0,1,0,1,0,0,0,0,0,0,0,0
0.4876237623762376,0.9899799599198397,0.04233870967741935,0.6974358974358975,0.3333333333333333,1,0,1,0,0,0,0,0,0,0,0,0,0,0,0,0,0,0,1,0,0,0,0,0,0,0,0,0,0,0,0,0,0,0,0,0,0,0,0,0,0,0,0,0,0,0,0,0,0,0,1,0,0,0,0,0,0,0,0,0,0,0,0,0,0,0,0,0,0,0,1,0,0,True,False,False,False,False,True,False,False,False,False,True,False,False,False,False,True,False,0,0,0,0,0,0,1,1,0,0,1,0,0
0.6386138613861387,0.9879759519038076,0.01814516129032258,0.558974358974359,0.23076923076923075,1,0,0,0,0,0,0,0,0,0,0,0,0,0,0,0,0,0,0,0,0,0,0,0,0,0,0,0,0,0,0,0,0,0,0,0,0,0,0,0,0,0,0,0,0,0,0,0,0,0,0,0,1,0,0,0,1,0,0,0,0,0,1,0,0,0,0,0,0,0,0,0,0,True,False,False,False,False,False,True,False,False,True,False,False,False,False,False,True,False,1,0,0,0,0,0,0,1,0,0,0,0,0
0.9356435643564358,0.9859719438877755,0.2903225806451613,0.32820512820512815,0.358974358974359,1,0,1,0,0,0,0,0,0,0,0,0,0,0,0,0,0,0,1,0,0,0,0,0,0,0,0,0,0,0,0,0,0,0,0,0,0,0,0,0,0,0,0,0,0,0,0,0,0,0,0,0,0,0,0,0,1,0,0,0,0,0,0,0,0,0,0,0,0,0,0,0,0,True,False,False,False,False,False,False,True,False,False,False,False,True,False,False,True,False,1,0,0,0,0,0,1,0,0,0,0,0,0
0.6831683168316833,0.9839679358717435,0.43548387096774194,0.558974358974359,0.5897435897435898,1,0,1,0,0,0,0,0,0,0,0,0,0,0,0,0,0,0,1,0,0,0,0,0,0,0,0,0,0,0,0,0,0,0,0,1,0,0,0,0,0,0,0,0,0,0,0,0,0,0,0,0,0,0,0,0,1,0,0,0,0,0,0,0,0,0,0,0,0,0,0,0,0,True,False,False,False,False,False,True,False,False,False,False,False,True,False,True,False,False,0,0,0,1,1,0,0,1,0,0,1,0,0
0.6287128712871288,0.9819639278557114,0.016129032258064516,0.4358974358974359,0.28205128205128205,1,0,0,0,0,0,0,0,0,0,0,0,0,0,0,0,0,0,1,0,0,1,0,0,0,0,1,0,0,0,0,0,0,0,0,0,0,0,0,0,0,0,0,0,0,0,1,0,0,0,0,0,0,0,1,0,0,0,0,0,0,0,0,0,0,1,0,0,1,0,0,0,0,True,False,False,False,False,False,True,False,False,True,False,False,False,False,False,True,False,1,0,1,0,0,0,0,0,0,0,0,0,0
0.8118811881188119,0.9779559118236473,0.016129032258064516,0.45641025641025634,0.20512820512820512,1,0,0,0,0,0,0,0,0,0,0,0,0,0,1,0,0,0,0,0,0,1,0,0,0,0,0,0,0,0,0,0,0,0,0,0,0,0,1,0,0,0,0,0,0,0,0,0,0,0,0,0,0,0,0,0,1,0,0,0,0,0,0,0,1,1,0,0,0,0,0,0,0,False,True,False,False,False,False,False,True,False,True,False,False,False,False,False,True,False,0,0,1,0,0,0,0,1,0,0,0,0,0
0.8118811881188119,0.9759519038076152,0.04032258064516129,0.3384615384615385,0.1282051282051282,1,0,0,0,0,1,0,0,0,0,0,0,0,0,0,0,0,0,0,0,0,0,0,0,0,0,0,0,0,0,0,0,0,0,0,0,0,0,0,0,0,0,0,0,0,0,0,0,0,0,0,0,1,0,0,0,1,0,0,0,0,0,0,1,0,0,0,0,0,0,0,0,0,False,True,False,False,False,False,False,True,False,False,True,False,False,False,False,True,False,1,1,0,0,1,0,0,0,0,0,1,0,0
0.9455445544554457,0.9739478957915831,0.04032258064516129,0.5794871794871794,0.358974358974359,0,0,0,0,0,0,0,0,0,0,0,0,0,0,1,0,0,0,0,0,0,0,0,0,0,0,0,0,0,0,0,0,0,0,0,0,0,0,0,0,0,0,0,0,0,0,1,0,0,0,0,0,0,1,0,0,0,0,0,0,0,0,0,0,0,1,0,1,0,0,0,0,0,False,True,False,False,False,False,False,True,False,False,True,False,False,False,False,True,False,0,1,0,0,0,1,0,0,0,0,0,0,0
0.7500000000000002,0.9719438877755511,1.0,0.33333333333333326,0.4615384615384615,1,0,1,0,0,0,0,0,0,0,0,0,0,0,0,0,0,0,1,0,0,0,0,0,0,0,0,0,0,0,0,0,0,0,0,1,0,0,0,0,0,0,0,0,0,0,0,0,0,0,0,0,0,0,0,0,1,0,0,0,0,0,0,0,0,0,0,0,0,0,0,0,0,False,True,False,False,False,False,True,False,False,False,False,False,True,False,True,False,False,0,0,0,0,0,0,0,1,0,0,0,0,0
0.6930693069306935,0.969939879759519,0.04233870967741935,0.15384615384615385,0.20512820512820512,1,0,0,0,0,0,0,0,0,0,0,0,0,0,0,0,0,0,0,0,0,0,0,0,0,0,0,0,0,0,0,0,0,0,0,0,0,0,0,0,0,0,0,0,0,0,0,0,0,0,0,0,1,0,0,0,1,0,0,0,0,0,1,0,0,0,0,0,0,0,0,0,0,False,True,False,False,False,False,True,False,False,False,True,False,False,False,False,True,False,1,0,0,0,0,0,0,0,0,0,0,0,0
0.8391089108910894,0.9659318637274549,0.016129032258064516,0.6,0.1794871794871795,1,0,0,0,0,0,0,0,0,0,0,0,0,0,1,0,0,0,0,0,0,1,0,0,0,0,0,0,0,0,0,0,0,0,0,0,0,0,1,0,0,0,0,0,0,0,0,0,0,0,0,0,0,0,0,0,1,0,0,0,0,0,0,0,1,1,0,0,0,0,0,0,0,False,True,False,False,False,False,False,True,False,True,False,False,False,False,False,True,False,0,0,1,0,0,0,0,0,0,0,1,0,0
0.6905940594059405,0.9619238476953907,0.016129032258064516,0.7282051282051282,0.28205128205128205,0,0,0,0,0,0,0,0,0,0,1,0,0,0,0,1,0,0,1,0,0,0,0,0,0,0,0,0,1,0,0,0,0,0,0,0,0,0,0,0,0,0,0,0,0,0,0,0,0,0,0,0,0,0,0,0,0,0,0,0,0,1,0,0,0,0,0,0,0,0,0,0,0,False,True,False,False,False,False,True,False,False,True,False,False,False,False,False,True,False,0,1,0,0,0,0,1,0,0,0,0,0,0
0.9405940594059412,0.9599198396793587,0.012096774193548387,0.32820512820512815,0.15384615384615385,1,0,0,0,0,0,0,0,0,0,0,0,0,0,1,0,0,0,0,0,0,1,0,0,0,0,0,0,0,0,0,0,0,0,0,0,0,0,1,0,0,0,0,0,0,0,0,0,0,0,0,0,0,0,0,0,1,0,0,0,0,0,0,0,1,1,0,0,0,0,0,0,0,False,True,False,False,False,False,False,True,False,True,False,False,False,False,False,True,False,0,0,1,0,0,0,0,0,0,0,0,0,0
0.856435643564357,0.9579158316633266,0.04233870967741935,0.3384615384615385,0.48717948717948717,0,0,0,0,0,1,0,0,0,0,0,0,0,0,1,0,0,0,0,0,0,0,0,0,0,0,0,0,0,0,0,0,0,0,0,0,1,0,1,0,0,0,0,0,0,0,0,0,0,0,0,0,1,1,0,0,0,0,0,0,0,0,1,0,0,0,0,0,0,0,0,0,0,False,True,False,False,False,False,False,True,False,False,True,False,False,False,True,False,False,1,0,1,0,0,0,1,0,0,0,0,0,0
0.7400990099009903,0.9559118236472945,0.04233870967741935,0.5435897435897435,0.23076923076923075,0,0,0,0,0,0,0,0,0,0,0,0,0,0,1,0,0,0,1,0,0,0,0,0,0,0,0,0,1,0,0,0,0,0,0,0,0,0,0,0,0,0,0,0,0,0,1,0,0,0,0,0,0,0,0,0,0,0,0,0,0,0,0,0,0,1,0,1,0,0,0,0,0,False,True,False,False,False,False,True,False,False,False,True,False,False,False,False,True,False,0,0,0,0,0,0,0,0,1,1,0,0,0
0.8391089108910894,0.9539078156312626,0.036290322580645164,0.4358974358974359,0.28205128205128205,0,0,0,0,0,0,0,0,0,0,0,0,0,0,1,0,0,0,0,0,0,0,0,0,0,0,0,0,0,0,0,0,1,0,0,0,0,0,0,1,0,0,0,0,0,1,0,0,0,0,1,0,1,0,0,0,1,0,0,0,0,0,0,0,0,0,0,0,0,0,0,0,0,False,True,False,False,False,False,False,True,False,False,True,False,False,False,False,True,False,1,0,0,0,0,0,0,1,0,0,0,0,1
0.6757425742574259,0.9519038076152304,0.04233870967741935,0.36923076923076925,0.1794871794871795,1,0,0,0,0,0,0,0,0,0,0,0,0,0,0,0,0,0,0,0,0,0,0,0,0,0,0,0,0,0,0,0,0,0,0,0,0,0,0,0,0,0,0,0,0,0,0,0,0,0,0,0,1,0,0,0,1,0,0,0,0,0,1,0,0,0,0,0,0,0,0,0,0,False,True,False,False,False,False,True,False,False,False,True,False,False,False,False,True,False,1,0,0,0,0,0,0,1,0,0,0,0,0
0.6905940594059405,0.9498997995991985,0.04233870967741935,0.4769230769230769,0.4358974358974359,0,0,0,0,0,0,0,0,0,0,0,0,0,0,1,0,0,0,0,0,0,0,0,0,0,0,0,0,0,0,0,0,1,0,0,0,0,0,0,0,0,0,0,0,0,0,0,0,0,0,1,0,1,0,0,0,0,0,0,0,0,0,0,0,0,0,0,0,0,0,0,0,0,False,True,False,False,False,False,True,False,False,False,True,False,False,False,True,False,False,1,0,0,1,0,0,1,0,0,0,0,1,0
0.665841584158416,0.9478957915831663,0.016129032258064516,0.6256410256410256,0.28205128205128205,1,0,0,0,0,0,0,0,0,0,0,0,0,0,0,0,0,0,0,0,0,0,0,0,0,0,0,0,0,0,0,0,0,0,0,0,0,0,0,0,0,1,0,0,0,0,0,0,0,0,0,0,0,0,0,0,1,0,0,0,0,0,0,1,0,0,0,0,0,0,0,0,0,False,True,False,False,False,False,True,False,False,True,False,False,False,False,False,True,False,1,0,0,0,0,0,0,0,0,0,0,0,0
0.801980198019802,0.9458917835671343,0.016129032258064516,0.4666666666666667,0.23076923076923075,1,0,0,0,0,0,0,0,0,0,1,0,0,0,0,0,0,0,0,0,0,0,0,0,0,0,0,0,0,0,0,0,0,0,0,0,0,0,0,0,0,0,0,0,0,0,0,0,0,0,0,0,0,0,0,0,0,0,0,0,0,0,0,1,0,0,0,0,0,0,0,0,0,False,True,False,False,False,False,True,False,False,True,False,False,False,False,False,True,False,0,0,1,0,1,0,0,0,0,0,0,0,0
0.7549504950495052,0.9438877755511023,0.016129032258064516,0.41025641025641024,0.23076923076923075,0,0,0,0,0,0,0,0,0,0,0,0,0,0,0,0,0,0,0,0,0,0,0,0,0,0,0,0,0,0,0,0,0,0,0,0,0,0,0,0,1,0,0,0,0,0,1,0,0,0,0,0,0,0,1,0,0,0,0,0,0,0,0,0,0,1,0,1,0,0,0,0,0,False,True,False,False,False,False,True,False,False,True,False,False,False,False,False,True,False,0,0,0,0,0,0,0,0,0,1,0,0,0
0.5519801980198022,0.9418837675350702,0.04032258064516129,0.5384615384615384,0.28205128205128205,1,0,0,0,0,0,0,0,0,0,0,0,0,0,0,0,0,0,1,0,0,1,0,0,0,0,0,0,0,0,0,0,0,0,0,0,0,0,0,0,0,0,0,0,0,0,0,0,0,0,0,0,0,0,0,0,1,0,0,0,0,0,0,0,0,0,0,0,0,0,0,0,0,False,True,False,False,False,True,False,False,False,False,True,False,False,False,False,True,False,0,0,1,0,0,0,0,0,0,0,1,0,0
0.8737623762376237,0.9398797595190381,0.024193548387096774,0.36410256410256403,0.10256410256410256,1,0,0,0,0,0,0,0,0,0,0,0,0,0,1,0,0,0,0,0,0,1,0,0,0,0,0,0,0,0,0,0,0,0,0,0,0,0,1,0,0,0,0,0,0,0,0,0,0,0,0,0,0,0,0,0,1,0,0,0,0,0,0,0,1,1,0,0,0,0,0,0,0,False,True,False,False,False,False,False,True,False,False,True,False,False,False,False,False,True,0,0,0,0,0,0,0,1,0,0,0,0,0
0.5841584158415845,0.9378757515030061,0.04032258064516129,0.49743589743589745,0.28205128205128205,1,0,1,0,0,0,0,0,0,0,0,0,0,0,0,0,0,0,1,0,0,0,0,0,0,0,0,0,0,0,0,0,0,0,0,0,0,0,0,0,0,0,0,0,0,0,0,0,0,0,0,0,0,0,0,0,1,0,0,0,0,0,0,0,0,0,0,0,0,0,0,0,0,False,True,False,False,False,False,True,False,False,False,True,False,False,False,False,True,False,0,1,0,0,0,0,1,0,0,0,0,0,0
0.6930693069306935,0.935871743486974,0.01814516129032258,0.45128205128205123,0.3846153846153846,0,0,0,0,0,0,0,0,0,0,0,0,0,0,1,0,0,0,1,0,0,0,0,0,0,0,0,0,0,0,0,0,0,0,0,0,0,0,0,0,0,0,0,0,0,0,0,0,0,0,0,0,1,0,0,0,0,0,0,0,0,0,0,0,0,0,0,0,0,0,0,0,0,False,True,False,False,False,False,True,False,False,True,False,False,False,False,True,False,False,1,0,0,0,0,0,1,0,0,0,0,0,0
0.6980198019801982,0.9338677354709419,0.036290322580645164,0.6974358974358975,0.2564102564102564,1,0,0,0,0,0,0,0,0,0,1,0,0,0,0,0,0,0,0,0,0,0,0,0,0,0,0,0,0,0,0,0,0,0,0,0,0,0,0,0,0,0,0,0,0,0,0,0,0,0,0,0,1,0,0,0,1,0,0,0,0,0,0,0,0,0,0,0,0,0,0,0,0,False,True,False,False,False,False,True,False,False,False,True,False,False,False,False,True,False,1,0,0,0,0,0,0,1,0,0,0,0,0
0.6757425742574259,0.9318637274549099,0.7298387096774194,0.4666666666666667,0.5384615384615384,1,0,1,0,0,0,0,0,0,0,0,0,0,0,0,0,0,0,0,0,0,0,0,0,0,0,0,0,0,0,0,0,0,0,0,0,0,0,0,0,0,0,0,0,0,0,0,0,0,0,0,0,0,0,0,0,1,0,0,0,0,0,0,1,0,0,0,0,0,0,0,0,0,False,True,False,False,False,False,True,False,False,False,False,False,True,False,True,False,False,1,0,1,0,1,0,0,0,0,0,0,0,0
0.7871287128712872,0.9298597194388778,0.04233870967741935,0.6512820512820513,0.28205128205128205,0,0,0,0,0,0,0,0,0,0,0,0,0,0,0,0,0,0,0,0,0,0,0,0,0,0,0,0,0,0,0,0,0,0,0,0,0,0,0,0,0,0,0,0,0,0,0,0,0,0,0,0,1,0,0,0,1,0,0,0,1,0,0,0,0,0,1,0,0,0,0,0,0,False,True,False,False,False,False,True,False,False,False,True,False,False,False,False,True,False,1,1,0,0,0,0,0,1,0,0,0,0,0
0.7995049504950498,0.9278557114228457,0.016129032258064516,0.40512820512820513,0.15384615384615385,0,0,0,0,0,0,0,0,0,0,0,0,0,0,0,0,0,0,0,0,0,0,0,0,0,0,0,0,0,0,0,0,0,0,0,0,0,0,0,0,1,0,0,0,0,0,1,0,0,0,0,0,0,0,0,0,1,0,0,0,0,0,0,0,1,1,0,0,0,0,0,0,0,False,True,False,False,False,False,True,False,False,True,False,False,False,False,False,True,False,0,0,0,0,0,0,0,0,0,0,0,0,0
0.5272277227722773,0.9258517034068137,0.044354838709677415,0.5948717948717949,0.358974358974359,1,0,0,0,0,0,0,0,0,0,0,0,0,0,0,0,0,0,0,0,0,1,0,0,1,0,0,0,0,0,0,0,0,0,0,0,0,0,0,0,0,0,0,0,0,0,1,0,0,0,0,0,0,0,0,0,1,0,0,0,0,0,0,1,1,1,0,0,0,0,0,0,0,False,True,False,False,False,True,False,False,False,False,True,False,False,False,False,True,False,1,0,0,0,0,1,0,1,1,0,0,0,0
0.7029702970297029,0.9238476953907816,0.012096774193548387,0.4666666666666667,0.23076923076923075,0,0,1,0,0,0,0,0,0,0,1,0,0,0,0,0,0,0,1,0,0,0,0,0,0,0,0,0,1,0,0,0,0,0,0,0,0,0,0,0,0,0,0,0,1,0,0,0,0,0,0,0,0,0,0,0,0,0,0,0,0,0,0,0,0,0,0,0,0,0,0,0,0,False,True,False,False,False,False,True,False,False,True,False,False,False,False,False,True,False,1,0,0,0,1,1,1,0,0,0,1,0,0
0.3613861386138615,0.9218436873747495,0.04032258064516129,0.6205128205128205,0.28205128205128205,1,0,1,0,0,0,0,0,0,0,0,0,0,0,0,0,0,0,1,0,0,0,0,0,0,0,0,0,0,0,0,0,0,0,0,0,0,0,0,0,0,0,0,0,0,0,0,0,0,0,1,0,0,0,0,0,0,0,0,0,0,0,0,0,0,0,0,0,0,0,1,0,0,False,True,False,False,False,True,False,False,False,False,True,False,False,False,False,True,False,0,0,0,0,0,0,1,1,0,1,1,0,1
0.5495049504950495,0.9198396793587175,0.04233870967741935,0.5384615384615384,0.358974358974359,1,0,0,0,0,0,0,0,0,0,0,0,0,0,0,0,0,0,0,0,0,0,0,0,0,0,0,0,0,0,0,0,0,0,0,0,0,0,0,0,0,1,0,0,0,0,0,0,0,0,0,0,1,0,0,0,1,0,0,0,0,0,0,1,0,0,0,0,0,0,0,0,0,False,True,False,False,False,True,False,False,False,False,True,False,False,False,False,True,False,0,0,0,0,1,0,0,1,0,0,0,0,0
0.8663366336633664,0.9178356713426854,0.044354838709677415,0.5230769230769231,0.6923076923076923,1,1,0,0,0,1,0,0,0,0,0,0,0,0,0,0,0,0,0,0,0,0,0,0,0,0,0,0,0,0,0,0,0,0,0,0,0,0,0,0,0,0,0,0,0,0,0,0,0,0,0,0,0,1,0,0,0,0,0,1,0,0,0,0,0,0,0,0,0,0,0,0,0,False,True,False,False,False,False,False,True,False,False,True,False,False,True,False,False,False,0,0,1,0,1,1,0,0,0,1,1,0,0
0.7599009900990101,0.9158316633266533,0.04032258064516129,0.3025641025641026,0.28205128205128205,1,0,0,0,0,0,0,0,0,0,0,0,0,0,0,0,0,0,0,0,0,1,0,0,0,0,1,0,0,0,0,0,0,0,0,0,0,0,0,0,0,0,0,0,0,0,1,0,0,0,0,0,0,1,1,0,0,0,0,0,0,0,0,0,0,1,0,0,0,0,0,0,0,False,True,False,False,False,False,True,False,False,False,True,False,False,False,False,True,False,1,0,0,0,0,1,0,0,0,0,0,0,0
0.76980198019802,0.9118236472945892,0.044354838709677415,0.841025641025641,0.7692307692307692,0,0,0,0,1,1,0,0,0,0,0,0,0,0,1,0,0,0,0,0,0,0,0,0,0,0,0,0,0,0,0,0,0,0,0,0,1,0,0,0,0,0,0,0,0,0,1,0,0,0,0,0,0,1,0,0,0,0,0,0,0,0,0,0,0,1,0,0,0,0,0,0,0,False,True,False,False,False,False,True,False,False,False,True,False,False,True,False,False,False,0,0,1,0,1,1,0,0,0,0,1,0,1
0.8514851485148516,0.9098196392785571,0.01814516129032258,0.4871794871794871,0.1794871794871795,0,0,0,0,0,0,0,0,0,0,0,0,0,0,1,0,0,0,0,0,0,0,0,0,0,0,0,0,0,0,0,0,0,0,0,0,0,0,0,0,0,0,0,0,0,0,0,0,0,0,0,0,0,0,0,0,0,0,0,0,0,0,0,0,0,0,0,0,0,0,0,0,0,False,True,False,False,False,False,False,True,False,True,False,False,False,False,False,True,False,0,0,1,0,0,0,0,0,0,0,0,0,0
0.9059405940594061,0.9078156312625251,0.04233870967741935,0.3076923076923077,0.4358974358974359,0,0,0,0,0,1,0,0,0,0,0,0,0,0,1,0,0,0,0,0,0,0,0,0,0,0,0,0,0,0,0,0,0,0,0,0,1,0,1,0,0,0,0,0,0,0,0,0,0,0,0,0,0,1,0,0,0,0,0,0,0,0,1,0,0,0,0,0,0,0,0,0,0,False,True,False,False,False,False,False,True,False,False,True,False,False,False,True,False,False,1,0,0,0,0,1,1,0,0,0,0,0,1
0.7376237623762381,0.905811623246493,0.01814516129032258,0.5230769230769231,0.1794871794871795,0,0,0,0,0,0,0,0,0,0,0,0,0,0,1,0,0,0,0,0,0,0,0,0,0,0,0,0,0,0,0,0,0,0,0,0,0,0,0,0,0,0,0,0,0,0,0,0,0,0,1,0,1,0,0,0,0,0,0,0,0,0,0,1,0,0,0,0,0,0,0,0,0,False,True,False,False,False,False,True,False,False,True,False,False,False,False,False,True,False,1,0,0,0,1,0,0,0,0,0,0,0,0
0.7450495049504953,0.9038076152304609,0.04032258064516129,0.45128205128205123,0.15384615384615385,0,0,1,0,0,0,0,0,0,0,1,0,0,0,0,0,0,0,0,0,0,0,0,0,0,0,0,0,0,0,0,0,0,0,0,0,0,0,0,0,0,0,0,0,0,0,0,0,0,0,0,0,0,1,0,0,1,0,0,0,0,0,0,0,0,0,0,0,0,0,0,0,0,False,True,False,False,False,False,True,False,False,False,True,False,False,False,False,True,False,1,0,0,0,0,0,0,0,0,0,0,0,0
0.77970297029703,0.9018036072144289,0.016129032258064516,0.3025641025641026,0.15384615384615385,0,0,0,0,0,0,0,0,0,0,1,0,0,0,0,0,0,0,0,0,0,0,0,0,0,0,0,0,0,0,0,0,0,0,0,0,0,0,0,0,0,0,0,0,0,0,0,0,0,0,1,0,1,0,1,0,0,0,0,0,0,0,0,0,0,0,0,0,0,0,0,0,0,False,True,False,False,False,False,True,False,False,True,False,False,False,False,False,True,False,1,0,1,1,0,0,0,0,0,0,0,0,0
0.7128712871287133,0.8997995991983968,0.016129032258064516,0.33333333333333326,0.2564102564102564,0,1,0,0,0,0,0,0,0,0,0,0,0,0,1,0,0,0,1,0,0,0,0,0,1,0,0,0,0,0,0,0,0,0,0,0,0,0,0,0,0,0,0,0,0,0,1,0,0,0,0,0,0,0,0,0,0,0,0,0,0,0,0,0,0,1,0,0,0,0,0,0,0,False,False,True,False,False,False,True,False,False,True,False,False,False,False,False,True,False,0,0,0,0,0,0,0,0,0,0,0,0,0
0.44059405940594076,0.8977955911823647,0.016129032258064516,0.2512820512820513,0.2564102564102564,1,0,0,0,0,0,0,0,0,0,0,0,0,0,0,0,0,0,1,0,0,1,0,0,0,0,1,0,0,0,0,0,0,0,0,0,0,0,0,0,0,0,0,0,0,0,1,0,0,0,0,0,0,0,1,0,0,0,0,0,0,0,0,0,0,1,0,0,1,0,0,0,0,False,False,True,False,False,True,False,False,False,True,False,False,False,False,False,True,False,0,0,1,0,0,0,1,0,0,0,0,0,0
0.6460396039603962,0.8957915831663327,0.04233870967741935,0.36410256410256403,0.15384615384615385,1,0,0,0,0,0,0,0,0,0,0,0,0,0,0,0,0,0,0,0,0,0,0,0,0,0,0,0,0,0,0,0,0,0,0,0,0,0,0,0,0,0,0,0,0,0,0,0,0,0,0,0,1,0,0,0,1,0,0,0,0,0,1,0,0,0,0,0,0,0,0,0,0,False,False,True,False,False,False,True,False,False,False,True,False,False,False,False,True,False,0,0,0,0,0,0,0,0,0,1,1,0,0
0.7153465346534655,0.8937875751503006,0.3346774193548387,0.7025641025641026,0.20512820512820512,1,0,0,0,0,0,0,0,0,0,0,0,0,0,0,0,0,0,1,0,0,0,0,0,0,0,0,0,0,0,0,0,0,0,0,0,0,0,0,0,0,0,0,0,0,0,0,0,0,0,0,0,0,0,0,0,1,0,0,0,0,0,0,0,0,0,0,0,0,0,0,0,0,False,False,True,False,False,False,True,False,False,False,False,False,True,False,False,True,False,0,1,0,0,0,0,1,1,0,0,0,0,0
0.5668316831683169,0.8917835671342685,0.016129032258064516,0.6461538461538462,0.15384615384615385,1,1,0,0,0,0,0,0,0,0,1,0,0,0,0,0,0,0,0,0,0,0,0,0,0,0,0,0,0,0,0,0,0,0,0,0,0,0,0,0,0,0,0,0,1,0,0,0,0,0,0,0,0,0,1,0,0,0,0,0,0,0,1,0,0,0,0,0,0,0,0,0,0,False,False,True,False,False,False,True,False,False,True,False,False,False,False,False,True,False,0,0,1,0,0,0,0,1,1,0,0,0,0
0.7896039603960399,0.8897795591182365,0.016129032258064516,0.5692307692307692,0.07692307692307693,1,0,0,0,0,0,0,0,0,0,0,0,0,0,0,0,0,0,1,0,0,1,0,0,0,0,0,0,0,0,0,0,0,0,0,0,0,0,0,0,0,0,0,0,0,0,0,0,0,0,0,0,0,0,0,0,1,0,0,0,0,0,0,0,0,0,0,0,1,0,0,0,0,False,False,True,False,False,False,True,False,False,True,False,False,False,False,False,False,True,0,0,0,0,0,0,0,0,0,0,0,0,0
0.5742574257425745,0.8877755511022044,0.344758064516129,0.4307692307692308,0.41025641025641024,1,0,1,0,0,0,0,0,0,0,0,0,0,0,0,0,0,0,1,0,0,0,0,0,0,0,0,0,0,0,0,0,0,0,0,0,0,0,0,0,0,0,0,0,0,0,0,0,0,0,0,0,0,0,0,0,1,0,0,0,0,0,0,0,0,0,0,0,0,0,0,0,0,False,False,True,False,False,False,True,False,False,False,False,False,True,False,True,False,False,0,1,0,0,0,0,1,1,0,0,0,0,0
0.6881188118811881,0.8857715430861723,0.04032258064516129,0.5282051282051282,0.3076923076923077,1,0,0,0,0,0,0,0,0,0,1,0,0,0,0,1,0,0,1,0,0,0,0,0,0,0,0,0,0,0,0,0,0,0,0,0,0,0,0,0,0,0,0,0,0,0,0,0,0,0,0,0,1,0,0,0,0,0,0,0,0,0,0,0,0,0,0,0,1,0,0,0,0,False,False,True,False,False,False,True,False,False,False,True,False,False,False,False,True,False,1,0,0,0,0,0,0,0,0,1,1,0,0
0.7896039603960399,0.8837675350701403,0.016129032258064516,0.8358974358974359,0.07692307692307693,1,0,0,0,0,1,0,0,1,0,1,0,0,0,0,0,0,0,0,0,0,0,0,0,0,0,0,0,0,0,0,0,0,0,0,0,0,0,0,0,0,0,0,0,0,0,0,0,0,0,0,0,0,0,0,0,1,0,0,0,0,0,1,0,0,0,0,0,0,0,0,0,0,False,False,True,False,False,False,True,False,False,True,False,False,False,False,False,False,True,1,0,1,0,0,0,0,0,0,0,1,0,1
0.6485148514851486,0.8817635270541082,0.044354838709677415,0.4871794871794871,0.3333333333333333,1,0,1,0,0,0,0,0,0,0,0,0,0,0,0,0,0,0,0,0,0,0,0,0,0,1,0,0,0,0,0,0,0,0,0,0,0,0,0,0,0,0,0,0,0,0,0,0,0,0,0,0,0,0,0,0,1,0,0,0,0,0,0,1,0,0,0,0,0,1,0,0,0,False,False,True,False,False,False,True,False,False,False,True,False,False,False,False,True,False,0,0,0,0,0,0,0,0,0,0,0,0,0
0.4826732673267329,0.8797595190380761,0.04032258064516129,0.841025641025641,0.1794871794871795,0,0,0,0,0,0,0,0,0,0,0,0,0,0,1,0,0,0,0,0,0,0,0,0,0,0,0,0,0,0,0,0,0,0,0,0,1,0,0,0,0,0,0,0,0,0,0,0,0,0,1,0,0,1,0,0,0,0,0,0,0,0,0,0,0,0,0,0,0,0,0,0,0,False,False,True,False,False,True,False,False,False,False,True,False,False,False,False,True,False,0,1,0,0,0,1,0,0,0,0,1,1,0
0.5470297029702971,0.8777555110220441,0.016129032258064516,0.5076923076923077,0.3333333333333333,0,0,0,0,0,0,0,0,0,0,0,0,0,0,0,0,0,0,0,0,0,1,0,0,0,0,1,0,0,0,0,0,0,0,0,0,0,0,0,0,1,0,0,0,0,0,0,0,0,0,0,0,1,0,0,0,0,0,0,0,0,0,0,0,0,0,0,0,0,0,0,0,0,False,False,True,False,False,True,False,False,False,True,False,False,False,False,False,True,False,1,0,1,0,0,0,0,0,0,1,1,0,0
0.8712871287128714,0.875751503006012,0.04032258064516129,0.6564102564102564,0.15384615384615385,1,0,1,0,0,0,0,0,0,0,0,0,0,0,1,0,0,0,0,0,0,1,0,0,0,1,0,0,0,0,0,0,0,0,0,0,0,0,0,0,0,0,0,0,0,0,0,0,0,0,0,0,0,0,1,0,0,0,0,0,0,0,0,0,0,0,0,0,0,0,0,0,0,False,False,True,False,False,False,False,True,False,False,True,False,False,False,False,True,False,0,0,1,0,0,0,0,0,0,1,0,0,0
0.6435643564356437,0.87374749498998,0.09475806451612903,0.6051282051282051,0.4358974358974359,1,0,0,0,0,0,0,0,0,0,1,0,0,0,0,0,0,0,1,0,0,0,0,0,0,0,0,0,0,0,0,0,0,0,0,0,0,0,0,0,0,0,0,0,0,0,0,0,0,0,0,0,1,0,0,0,1,0,0,0,0,0,0,0,0,0,0,0,0,0,0,0,0,False,False,True,False,False,False,True,False,False,False,False,True,False,False,True,False,False,1,1,0,0,1,0,0,0,0,0,0,0,1
0.6188118811881189,0.8717434869739479,0.01814516129032258,0.4769230769230769,0.2564102564102564,0,0,0,0,0,0,0,0,0,0,0,0,0,0,1,0,0,0,0,0,0,0,0,0,0,0,0,0,0,0,0,0,0,0,0,0,0,0,0,0,0,0,0,0,0,0,0,0,0,0,0,0,1,0,0,0,0,0,0,0,0,0,1,0,0,0,0,0,0,0,0,0,0,False,False,True,False,False,False,True,False,False,True,False,False,False,False,False,True,False,1,0,0,0,1,0,0,0,0,0,0,0,1
0.8391089108910894,0.8697394789579158,0.046370967741935484,0.6102564102564102,0.4615384615384615,0,0,1,0,0,1,0,0,0,0,0,0,0,0,0,0,0,0,0,0,0,0,0,0,0,0,0,0,0,0,0,0,0,0,0,0,1,0,0,0,0,0,0,0,0,0,0,0,0,0,0,0,0,1,0,0,0,0,0,0,0,0,0,0,0,0,0,0,0,0,0,0,0,False,False,True,False,False,False,False,True,False,False,False,True,False,False,True,False,False,0,0,1,0,1,1,0,0,0,1,1,0,0
0.660891089108911,0.8677354709418837,0.04233870967741935,0.9128205128205128,0.15384615384615385,1,0,1,0,0,0,0,0,0,0,0,0,0,0,1,0,0,0,1,0,0,0,0,0,0,0,0,0,1,0,0,0,0,0,0,0,0,0,0,0,0,0,0,0,0,0,0,0,0,0,0,0,0,0,0,0,0,0,0,0,0,0,0,0,0,0,0,0,0,0,0,0,0,False,False,True,False,False,False,True,False,False,False,True,False,False,False,False,True,False,0,0,0,0,0,1,1,0,0,0,1,0,0
0.7103960396039606,0.8657314629258517,0.04032258064516129,0.5897435897435898,0.2564102564102564,0,0,0,0,0,0,0,0,0,0,0,0,0,0,0,1,0,0,0,0,0,0,1,0,0,0,0,0,0,0,0,0,0,0,0,0,0,0,0,0,0,0,0,0,0,0,0,0,0,0,0,0,1,0,0,0,1,0,0,0,0,0,0,0,0,0,0,0,0,0,0,0,0,False,False,True,False,False,False,True,False,False,False,True,False,False,False,False,True,False,1,0,0,0,0,0,0,0,0,0,0,0,0
0.7623762376237624,0.8637274549098196,0.036290322580645164,0.4717948717948718,0.3333333333333333,1,1,0,0,0,0,0,0,0,0,0,0,0,1,0,0,0,0,0,0,0,0,0,0,0,0,0,0,0,0,0,0,0,0,0,0,0,0,0,0,1,0,0,0,0,0,1,0,0,0,0,0,0,1,0,0,0,0,0,0,0,0,0,0,0,1,0,0,0,0,0,0,0,False,False,True,False,False,False,True,False,False,False,True,False,False,False,False,True,False,0,0,0,0,0,0,1,0,0,0,0,0,1
0.6559405940594061,0.8617234468937875,0.01814516129032258,0.2512820512820513,0.2564102564102564,1,0,1,0,0,0,0,0,0,0,0,0,0,0,0,0,0,0,1,0,0,0,0,0,0,0,0,0,1,0,0,0,0,0,0,0,0,0,0,0,0,0,0,0,0,0,0,0,0,0,0,0,0,0,0,0,0,0,0,0,0,0,0,0,0,0,0,0,0,0,0,0,0,False,False,True,False,False,False,True,False,False,True,False,False,False,False,False,True,False,0,1,0,0,0,0,0,0,0,0,0,0,0
0.7524752475247525,0.8577154308617234,0.014112903225806453,0.3897435897435897,0.358974358974359,0,0,0,0,0,0,0,0,0,0,0,0,0,0,1,0,0,0,0,0,0,0,0,0,0,0,0,0,0,0,0,0,0,0,0,0,0,0,0,0,0,0,0,0,0,0,0,0,0,0,0,0,0,0,0,0,0,0,0,0,0,0,0,1,0,0,0,0,0,0,0,0,0,False,False,True,False,False,False,True,False,False,True,False,False,False,False,False,True,False,1,0,0,0,1,0,0,0,0,0,0,0,1
0.8737623762376237,0.8557114228456915,0.01814516129032258,0.2205128205128205,0.15384615384615385,1,0,0,0,0,0,0,0,0,0,1,0,0,0,0,0,0,0,0,0,0,0,0,0,0,0,0,0,0,0,0,0,0,0,0,0,0,0,0,0,0,0,0,0,0,0,0,0,0,0,0,0,0,0,0,0,0,0,0,0,0,0,0,1,0,0,0,0,0,0,0,0,0,False,False,True,False,False,False,False,True,False,True,False,False,False,False,False,True,False,0,0,0,0,1,0,1,0,0,0,0,0,0
0.856435643564357,0.8537074148296593,0.014112903225806453,0.16410256410256407,0.07692307692307693,1,0,0,0,0,0,0,0,0,0,0,0,0,0,0,0,0,0,0,0,0,0,0,0,0,1,0,0,0,0,0,0,0,0,0,0,0,0,0,0,0,0,0,0,0,0,0,0,0,0,0,0,0,0,0,0,1,0,0,0,0,0,0,1,0,0,0,0,0,0,0,0,0,False,False,True,False,False,False,False,True,False,True,False,False,False,False,False,False,True,0,0,1,0,1,0,0,0,0,0,1,0,0
0.608910891089109,0.8517034068136273,0.01814516129032258,0.6615384615384615,0.3076923076923077,0,0,0,0,0,0,0,0,0,0,1,0,0,0,0,0,0,0,0,0,0,0,0,0,0,0,0,0,0,0,0,0,0,0,0,0,0,0,0,0,0,0,0,0,0,0,0,0,0,0,0,0,0,0,0,0,0,0,0,0,0,0,0,1,0,0,0,0,0,0,0,0,0,False,False,True,False,False,False,True,False,False,True,False,False,False,False,False,True,False,0,1,0,0,1,0,1,0,1,0,0,0,0
0.5643564356435646,0.8496993987975952,0.01814516129032258,0.4,0.2564102564102564,1,0,1,0,0,0,0,0,0,0,0,0,0,0,0,0,0,0,1,0,0,0,0,0,0,0,0,0,0,0,0,0,0,0,0,0,0,0,0,0,0,0,0,0,0,0,0,0,0,0,0,0,0,0,0,0,0,0,0,0,0,0,0,0,0,0,0,0,0,0,0,0,0,False,False,True,False,False,False,True,False,False,True,False,False,False,False,False,True,False,0,0,0,0,0,0,1,0,0,0,0,0,0
0.7400990099009903,0.8476953907815632,0.012096774193548387,0.6615384615384615,0.20512820512820512,0,0,1,0,0,0,0,0,0,0,1,0,0,0,0,0,0,0,1,0,0,0,0,0,0,0,0,0,1,0,0,0,0,0,0,0,0,0,0,0,0,0,0,0,1,0,0,0,0,0,0,0,0,0,0,0,0,0,0,0,0,0,0,0,0,0,0,0,0,0,0,0,0,False,False,True,False,False,False,True,False,False,True,False,False,False,False,False,True,False,0,1,1,0,1,0,0,0,0,0,0,0,0
0.7128712871287133,0.845691382765531,0.04032258064516129,0.758974358974359,0.1794871794871795,1,0,0,0,0,0,0,0,0,0,1,0,0,0,0,0,0,0,1,0,0,0,0,0,0,0,0,0,1,0,0,0,0,0,0,0,0,0,0,0,0,0,0,0,0,0,0,0,1,0,0,0,0,0,0,0,1,0,0,0,0,0,0,0,0,0,0,0,0,0,0,0,0,False,False,True,False,False,False,True,False,False,False,True,False,False,False,False,True,False,0,0,0,0,0,0,1,0,0,0,0,0,1
0.4876237623762376,0.8436873747494991,0.016129032258064516,0.4307692307692308,0.20512820512820512,0,0,0,0,0,0,0,0,0,0,0,0,0,0,1,0,0,0,0,0,0,0,0,0,1,0,0,0,0,0,0,0,0,0,0,0,0,0,0,0,1,0,0,0,0,0,1,0,0,0,0,0,1,0,0,0,1,0,0,0,0,1,0,0,0,1,0,0,0,0,0,0,0,False,False,True,False,False,True,False,False,False,True,False,False,False,False,False,True,False,1,0,0,0,0,0,0,0,0,0,0,0,0
0.5470297029702971,0.8416833667334669,0.01814516129032258,0.3897435897435897,0.5384615384615384,1,0,0,0,0,0,0,0,0,0,0,0,0,0,1,0,0,0,0,0,0,1,0,0,0,0,1,0,0,0,0,0,0,0,0,0,0,0,0,0,0,0,0,0,0,0,1,0,0,0,1,0,0,0,1,0,0,0,0,0,0,0,1,0,0,1,0,0,0,0,0,0,0,False,False,True,False,False,True,False,False,False,True,False,False,False,False,True,False,False,1,0,1,0,0,0,0,0,0,1,0,0,1
0.448019801980198,0.8396793587174349,0.016129032258064516,0.441025641025641,0.3846153846153846,1,0,0,0,0,0,0,0,0,0,0,0,0,0,0,1,0,0,0,0,0,1,0,0,0,0,1,0,0,0,0,0,0,0,0,0,0,0,0,0,0,0,0,0,0,0,0,0,0,0,0,0,0,0,0,0,1,0,0,0,0,0,0,0,1,1,0,0,0,0,0,0,0,False,False,True,False,False,True,False,False,False,True,False,False,False,False,True,False,False,1,0,0,0,0,0,0,0,0,0,1,0,0
0.7475247524752475,0.8376753507014028,0.01814516129032258,0.5897435897435898,0.358974358974359,1,0,0,0,0,0,0,0,0,0,0,0,0,0,0,0,0,0,1,0,0,0,0,0,0,0,0,0,0,0,0,0,0,0,0,0,0,0,0,0,0,0,0,0,0,0,0,0,0,0,0,0,0,0,0,0,0,0,0,0,0,0,0,0,0,0,0,0,1,0,0,0,0,False,False,True,False,False,False,True,False,False,True,False,False,False,False,False,True,False,0,0,1,0,0,0,0,0,0,0,1,0,0
0.7277227722772277,0.8356713426853708,0.01814516129032258,0.3948717948717948,0.10256410256410256,0,0,0,0,0,0,0,0,0,0,0,0,0,0,0,0,0,0,0,0,0,0,0,0,0,0,0,0,0,0,0,0,0,0,0,0,0,0,0,0,0,0,0,0,0,0,0,0,0,0,1,0,1,0,0,0,1,0,0,0,0,0,0,0,0,0,0,0,0,0,0,0,0,False,False,True,False,False,False,True,False,False,True,False,False,False,False,False,False,True,1,0,0,0,0,0,0,0,0,0,0,0,1
0.7079207920792079,0.8336673346693387,0.09475806451612903,0.5846153846153846,0.5641025641025641,1,0,1,0,0,1,0,0,0,0,0,0,0,0,1,0,0,0,1,0,0,0,0,0,0,0,0,0,0,0,0,0,0,0,0,0,0,0,1,0,0,0,0,0,0,0,0,0,0,0,0,0,0,0,0,0,1,0,0,0,0,0,0,0,0,0,0,0,0,0,0,0,0,False,False,True,False,False,False,True,False,False,False,False,True,False,False,True,False,False,0,0,1,0,0,0,0,0,0,0,0,0,1
0.7153465346534655,0.8316633266533067,0.01814516129032258,0.3025641025641026,0.2564102564102564,1,0,0,0,0,0,0,0,0,0,0,0,0,0,0,0,0,0,0,0,0,0,0,0,0,0,0,0,0,0,0,0,0,0,0,0,0,0,0,0,0,1,0,0,0,0,0,0,0,0,0,0,0,0,0,0,1,0,0,0,0,0,0,1,0,0,0,0,0,0,0,0,0,False,False,True,False,False,False,True,False,False,True,False,False,False,False,False,True,False,1,0,1,0,0,0,0,0,0,0,0,0,0
0.7970297029702975,0.8296593186372746,0.04233870967741935,0.5025641025641026,0.23076923076923075,1,0,0,0,0,0,0,0,0,0,1,0,0,0,0,0,0,0,0,0,0,0,0,0,0,0,0,0,0,0,0,0,0,0,0,0,0,0,0,0,0,0,0,0,0,0,0,0,0,0,0,0,1,0,0,0,1,0,0,0,0,0,0,0,0,0,0,0,0,0,0,0,0,False,False,True,False,False,False,True,False,False,False,True,False,False,False,False,True,False,1,0,0,0,0,0,0,0,0,0,1,0,0
0.834158415841584,0.8276553106212425,0.04233870967741935,0.4666666666666667,0.2564102564102564,0,0,0,0,0,0,0,0,0,0,0,0,0,0,0,0,0,0,0,0,0,0,0,0,0,0,0,0,0,0,0,0,0,0,0,0,0,0,0,0,0,0,0,0,0,0,0,0,0,0,0,0,1,0,0,0,1,0,0,0,1,0,0,0,0,0,1,0,0,0,0,0,0,False,False,True,False,False,False,False,True,False,False,True,False,False,False,False,True,False,1,0,0,0,0,0,0,1,0,0,0,0,0
0.6806930693069309,0.8256513026052105,0.01814516129032258,0.37435897435897436,0.3076923076923077,0,0,0,0,0,0,0,0,0,0,1,0,0,0,0,0,0,0,0,0,0,0,0,0,0,0,0,0,0,0,0,0,1,0,0,0,0,0,0,0,0,0,0,0,0,0,0,0,0,0,1,0,1,0,0,0,0,0,0,0,0,0,0,0,0,0,0,0,0,0,0,0,0,False,False,True,False,False,False,True,False,False,True,False,False,False,False,False,True,False,1,0,0,0,0,0,0,0,0,0,0,0,0
0.6311881188118813,0.8236472945891784,0.016129032258064516,0.31794871794871793,0.23076923076923075,1,1,0,0,0,0,0,0,0,0,0,0,0,1,0,0,0,0,0,0,0,0,0,0,0,0,0,0,0,0,0,0,0,0,0,0,0,0,0,0,1,0,1,0,0,0,0,0,0,0,0,0,0,0,1,0,0,0,0,0,0,0,1,0,0,0,0,0,0,0,0,0,0,False,False,True,False,False,False,True,False,False,True,False,False,False,False,False,True,False,0,0,1,0,1,0,0,0,0,1,1,0,0
0.7648514851485151,0.8216432865731463,0.014112903225806453,0.4769230769230769,0.10256410256410256,0,0,1,0,0,0,0,0,0,0,0,0,0,0,1,1,0,0,1,0,0,0,0,0,0,0,0,0,1,0,0,0,0,0,0,0,0,0,0,0,0,0,0,0,0,0,0,0,1,0,0,0,0,0,0,0,0,0,0,0,0,0,0,0,0,0,0,0,0,0,0,0,0,False,False,True,False,False,False,True,False,False,True,False,False,False,False,False,False,True,0,1,0,0,0,0,1,0,0,0,0,0,1
0.8366336633663372,0.8196392785571143,0.01814516129032258,0.7282051282051282,0.20512820512820512,0,0,1,0,0,0,0,0,0,0,0,0,0,0,1,0,0,0,1,0,0,1,0,0,0,0,0,0,0,0,0,0,0,0,0,0,0,0,0,0,1,0,0,0,0,0,0,0,0,0,0,0,0,1,0,0,0,0,0,0,0,0,0,0,0,0,0,0,0,0,0,0,0,False,False,True,False,False,False,False,True,False,True,False,False,False,False,False,True,False,0,0,0,0,0,1,0,0,0,0,0,0,0
0.5123762376237626,0.8176352705410822,0.016129032258064516,0.42564102564102557,0.3333333333333333,1,0,0,0,0,0,0,0,0,0,1,0,0,0,0,1,0,0,0,0,0,0,0,1,0,0,0,0,0,0,0,0,0,0,0,0,0,0,0,0,0,1,0,0,0,0,0,0,0,0,1,0,1,0,0,0,0,0,0,0,0,0,0,1,0,0,0,0,0,0,0,0,0,False,False,True,False,False,True,False,False,False,True,False,False,False,False,False,True,False,1,0,0,0,0,0,0,0,0,0,0,0,0
0.6113861386138615,0.8156312625250501,0.04032258064516129,0.8153846153846153,0.15384615384615385,1,0,0,0,0,0,0,0,0,0,0,0,0,0,0,0,0,0,1,0,0,0,0,0,0,0,0,0,0,0,0,0,0,0,0,0,0,0,0,0,0,0,0,0,0,0,0,0,0,0,0,0,0,1,0,0,1,0,0,0,0,0,0,0,0,0,0,0,1,0,0,0,0,False,False,True,False,False,False,True,False,False,False,True,False,False,False,False,True,False,0,0,0,0,0,0,0,0,0,0,1,0,0
0.8712871287128714,0.8136272545090181,0.016129032258064516,0.4769230769230769,0.07692307692307693,1,0,0,0,0,0,0,0,0,0,0,0,0,0,1,0,0,0,0,0,0,1,0,0,0,0,0,0,0,0,0,0,0,0,0,0,0,0,1,0,0,0,0,0,0,0,0,0,0,0,0,0,0,0,0,0,1,0,0,0,0,0,0,0,1,1,0,0,0,0,0,0,0,False,False,True,False,False,False,False,True,False,True,False,False,False,False,False,False,True,0,0,1,0,0,0,0,0,0,1,0,0,0
0.6782178217821784,0.811623246492986,0.038306451612903226,0.7076923076923077,0.4615384615384615,0,0,0,0,0,0,0,0,0,0,0,0,0,0,1,0,0,0,0,0,0,0,0,0,0,0,0,0,0,0,0,0,0,0,0,0,0,0,0,0,0,0,0,0,0,0,0,0,0,0,1,0,1,0,0,0,0,0,0,0,0,0,0,0,0,0,0,0,0,0,0,0,0,False,False,True,False,False,False,True,False,False,False,True,False,False,False,True,False,False,1,0,1,0,0,0,0,0,0,0,0,0,0
0.7029702970297029,0.8096192384769539,0.04032258064516129,0.2666666666666666,0.3846153846153846,1,0,0,0,0,0,0,0,0,0,0,0,0,0,0,0,0,0,0,0,0,0,0,0,0,0,0,0,0,0,0,0,0,0,0,0,0,0,0,0,1,0,0,0,0,0,0,0,0,0,0,0,0,0,0,0,0,0,0,0,0,0,0,1,0,0,0,0,0,0,0,0,0,False,False,True,False,False,False,True,False,False,False,True,False,False,False,True,False,False,0,0,1,0,1,0,0,0,0,0,0,0,0
0.7599009900990101,0.8076152304609219,0.02217741935483871,0.4,0.41025641025641024,0,0,0,0,0,0,0,0,0,0,0,0,0,0,0,0,0,0,0,0,0,0,0,0,0,0,0,0,0,0,0,0,0,0,0,0,0,0,0,0,1,0,0,0,0,0,0,0,0,0,1,0,0,0,0,0,0,0,0,0,0,0,0,1,0,0,0,0,0,1,0,0,0,False,False,True,False,False,False,True,False,False,False,True,False,False,False,True,False,False,1,0,0,0,1,0,0,0,0,0,0,0,0
0.834158415841584,0.8056112224448898,0.016129032258064516,0.23076923076923073,0.1282051282051282,0,0,0,0,0,0,0,0,0,0,1,0,0,0,0,0,0,0,0,0,0,0,0,0,0,0,0,0,0,0,0,0,0,0,0,0,0,0,0,0,0,0,0,0,0,0,0,0,0,0,1,0,1,0,1,0,0,0,0,0,0,0,0,0,0,0,0,0,0,0,0,0,0,False,False,True,False,False,False,False,True,False,True,False,False,False,False,False,True,False,1,0,0,0,0,0,0,0,0,0,0,0,0
0.6930693069306935,0.8036072144288577,0.036290322580645164,0.3487179487179487,0.3333333333333333,0,0,0,0,0,0,0,0,0,0,0,0,0,0,0,0,0,0,0,0,0,0,0,0,0,0,0,0,0,0,0,0,0,0,0,0,0,0,0,0,1,0,0,0,0,0,0,0,0,0,0,0,1,0,0,0,0,0,1,0,0,0,0,0,0,0,0,0,0,0,0,0,0,False,False,True,False,False,False,True,False,False,False,True,False,False,False,False,True,False,1,0,0,0,0,0,0,0,0,0,0,0,0
0.6064356435643565,0.7995991983967936,0.016129032258064516,0.7230769230769231,0.3333333333333333,0,0,0,0,0,0,0,0,0,0,1,0,0,0,0,0,0,0,0,0,0,0,0,0,0,0,0,0,0,0,0,0,0,0,0,0,0,0,0,0,0,0,0,0,0,0,0,0,0,0,1,0,1,0,0,0,0,0,0,0,0,0,0,0,0,0,0,0,0,0,0,0,0,False,False,False,True,False,False,True,False,False,True,False,False,False,False,False,True,False,1,0,1,0,0,0,0,0,1,0,0,0,0
0.5544554455445547,0.7975951903807615,0.016129032258064516,0.5897435897435898,0.2564102564102564,1,0,0,0,0,0,0,0,0,0,0,0,0,0,1,0,0,0,1,0,0,0,0,0,0,0,0,0,0,0,0,0,0,0,0,0,0,0,1,0,0,0,0,0,0,0,0,0,0,0,0,0,0,0,0,0,1,0,0,0,0,0,0,0,0,0,0,0,0,1,0,0,0,False,False,False,True,False,True,False,False,False,True,False,False,False,False,False,True,False,0,0,1,0,1,0,0,0,0,0,0,0,0
0.6410891089108912,0.7955911823647295,0.016129032258064516,0.5333333333333333,0.20512820512820512,0,0,0,0,0,0,0,0,0,0,0,0,0,0,1,0,0,0,0,0,0,0,0,0,0,0,0,0,0,0,0,0,0,0,0,0,0,0,0,0,0,0,0,0,0,0,1,0,0,0,0,0,1,0,0,0,0,0,0,0,0,0,0,0,0,1,0,0,0,0,0,0,0,False,False,False,True,False,False,True,False,False,True,False,False,False,False,False,True,False,1,0,0,0,0,0,0,0,0,0,0,0,0
0.774752475247525,0.7935871743486974,0.016129032258064516,0.2564102564102564,0.358974358974359,0,0,0,0,0,1,0,0,0,0,0,0,0,0,1,0,0,0,0,0,0,0,0,0,0,0,0,0,0,0,0,0,0,0,1,0,0,0,0,0,0,0,0,0,0,0,1,0,0,0,0,0,0,0,0,0,0,0,0,0,0,0,0,0,0,1,0,0,0,0,0,0,0,False,False,False,True,False,False,True,False,False,True,False,False,False,False,False,True,False,1,1,0,0,0,0,0,0,0,0,0,0,0
0.6410891089108912,0.7915831663326653,0.04032258064516129,0.7333333333333333,0.10256410256410256,1,0,0,0,0,0,0,0,0,0,0,0,1,0,1,0,0,0,0,0,0,0,0,0,0,0,0,0,0,0,0,0,0,0,0,0,0,0,0,0,0,0,0,0,0,0,0,0,0,0,0,0,0,0,0,0,1,0,0,0,0,0,0,0,0,0,0,1,0,0,0,0,0,False,False,False,True,False,False,True,False,False,False,True,False,False,False,False,False,True,1,0,1,0,0,1,0,0,0,1,0,0,0
0.7450495049504953,0.7875751503006012,0.04032258064516129,0.5948717948717949,0.15384615384615385,1,0,1,0,0,0,0,0,0,0,0,0,0,0,0,0,0,0,1,0,0,0,0,0,0,1,0,0,0,0,0,0,0,0,0,0,0,0,0,0,0,1,0,0,0,0,0,0,0,0,0,1,0,0,0,0,1,0,0,0,0,0,0,0,0,0,0,0,0,0,0,0,0,False,False,False,True,False,False,True,False,False,False,True,False,False,False,False,True,False,0,0,0,0,1,0,0,0,0,0,0,0,0
0.7079207920792079,0.7855711422845691,0.04032258064516129,0.6564102564102564,0.28205128205128205,1,0,1,0,0,0,0,0,0,0,0,0,0,0,0,0,0,0,0,0,0,0,0,0,0,0,0,0,0,0,0,0,0,0,0,0,0,0,0,0,0,0,0,0,0,0,0,0,0,0,0,0,0,0,0,0,1,0,0,0,0,0,1,0,0,0,0,0,0,0,0,0,0,False,False,False,True,False,False,True,False,False,False,True,False,False,False,False,True,False,0,0,1,0,1,0,0,0,0,1,0,0,0
0.8094059405940597,0.7835671342685371,0.044354838709677415,0.9999999999999999,0.5384615384615384,1,0,1,0,0,0,0,0,0,0,1,0,0,0,0,0,0,0,0,0,0,0,0,0,0,1,0,0,0,0,0,0,0,0,0,0,0,0,0,0,0,0,0,0,0,0,0,0,0,0,0,1,0,0,0,0,0,0,0,0,0,0,0,0,0,0,0,0,0,0,0,0,0,False,False,False,True,False,False,False,True,False,False,True,False,False,False,True,False,False,0,0,1,0,0,0,1,0,0,1,0,1,0
0.6782178217821784,0.781563126252505,0.044354838709677415,0.6153846153846154,0.3846153846153846,0,0,0,0,0,0,0,0,0,0,1,0,0,0,0,0,0,0,0,0,0,0,0,0,0,0,0,0,0,0,0,0,0,0,0,0,0,0,0,0,0,0,0,0,0,0,0,0,0,0,1,0,1,0,0,1,0,0,0,0,0,0,0,0,0,0,0,0,0,0,0,0,0,False,False,False,True,False,False,True,False,False,False,True,False,False,False,True,False,False,1,0,0,0,1,0,0,0,1,0,0,0,0
0.5198019801980198,0.779559118236473,0.04233870967741935,0.6564102564102564,0.10256410256410256,1,0,0,0,0,0,0,0,0,0,0,0,0,0,0,0,0,0,0,0,0,0,0,0,0,0,0,0,0,0,0,0,0,0,0,0,0,0,0,0,0,0,0,0,0,0,0,0,0,0,0,0,1,0,0,0,1,0,0,0,0,0,1,0,0,0,0,0,0,0,0,0,0,False,False,False,True,False,True,False,False,False,False,True,False,False,False,False,False,True,1,0,1,0,0,0,0,1,0,0,0,0,0
0.6584158415841586,0.7775551102204409,0.01814516129032258,0.9897435897435897,0.20512820512820512,0,0,0,0,0,0,0,0,0,0,0,0,0,0,0,0,0,0,0,0,0,0,0,0,0,0,0,0,0,0,0,0,0,0,0,0,0,0,0,0,0,0,0,0,0,0,0,0,0,0,0,0,0,0,0,0,0,0,1,0,0,0,0,1,0,0,0,0,0,0,0,0,0,False,False,False,True,False,False,True,False,False,True,False,False,False,False,False,True,False,0,0,0,0,0,0,1,0,0,0,0,0,0
0.6930693069306935,0.7755511022044088,0.04032258064516129,0.8256410256410257,0.3333333333333333,0,0,0,0,0,0,0,0,0,0,0,0,0,0,1,0,0,0,0,0,0,0,0,0,0,0,0,0,0,0,0,0,0,0,0,0,0,0,0,0,0,0,0,0,0,0,0,0,0,0,1,0,1,0,0,0,0,0,0,0,0,0,0,0,0,0,0,0,0,0,0,0,0,False,False,False,True,False,False,True,False,False,False,True,False,False,False,False,True,False,1,0,1,0,0,0,0,0,0,0,0,0,0
0.7301980198019804,0.7735470941883767,0.5786290322580645,0.5384615384615384,0.923076923076923,1,0,1,0,0,0,0,0,0,0,1,0,0,0,0,0,0,0,1,0,0,0,0,0,0,0,0,0,0,0,0,0,0,0,0,1,0,0,0,0,0,0,0,0,0,0,0,0,0,0,0,0,0,0,0,0,1,0,0,0,0,0,0,0,0,0,0,0,0,0,0,0,0,False,False,False,True,False,False,True,False,False,False,False,False,True,True,False,False,False,0,1,1,0,0,0,1,1,0,0,0,0,0
0.46534653465346554,0.7715430861723447,0.016129032258064516,0.5076923076923077,0.358974358974359,1,0,0,0,0,0,0,0,0,0,0,0,0,0,0,0,0,0,0,0,0,1,0,0,1,0,0,0,0,0,0,0,0,0,0,0,0,0,0,0,0,0,0,0,0,0,0,0,0,0,0,0,0,1,0,0,1,0,0,0,0,0,0,1,1,1,0,0,0,0,0,0,0,False,False,False,True,False,True,False,False,False,True,False,False,False,False,False,True,False,0,0,0,0,0,0,0,0,0,0,1,0,0
0.8712871287128714,0.7695390781563126,0.012096774193548387,0.33333333333333326,0.23076923076923075,0,0,0,0,0,0,0,0,0,0,0,0,0,0,0,0,0,0,0,0,0,0,0,0,0,0,0,0,0,0,0,0,0,0,0,0,0,0,0,0,0,0,0,0,0,0,0,0,0,0,0,0,1,0,0,0,1,0,0,0,1,0,0,0,0,0,1,0,0,0,0,0,0,False,False,False,True,False,False,False,True,False,True,False,False,False,False,False,True,False,1,0,0,0,0,0,0,1,0,0,0,0,0
0.6930693069306935,0.7675350701402806,0.04233870967741935,0.7025641025641026,0.3333333333333333,0,0,0,0,0,0,0,0,0,0,0,0,0,0,0,0,0,0,0,0,0,0,0,0,0,0,0,0,0,0,0,0,0,0,0,0,0,0,0,0,0,0,0,0,0,0,0,0,0,0,0,0,1,0,0,0,1,0,0,0,1,0,0,0,0,0,1,0,0,0,0,0,0,False,False,False,True,False,False,True,False,False,False,True,False,False,False,False,True,False,1,0,0,0,0,0,0,1,0,0,0,0,0
0.27722772277227725,0.7655310621242485,0.016129032258064516,0.45128205128205123,0.1794871794871795,1,0,0,0,0,0,0,0,0,0,0,0,0,0,0,0,0,0,1,0,0,1,0,0,0,0,1,0,0,0,0,0,0,0,0,0,0,0,0,0,0,0,0,0,0,0,1,0,0,0,0,0,0,0,1,0,0,0,0,0,0,0,0,0,0,1,0,0,1,0,0,0,0,False,False,False,True,True,False,False,False,False,True,False,False,False,False,False,True,False,0,0,0,0,0,0,0,1,0,0,1,0,1
0.9009900990099011,0.7635270541082164,0.14112903225806453,0.841025641025641,0.5384615384615384,0,1,0,0,0,0,0,0,0,0,0,0,0,0,1,0,0,0,0,0,0,0,0,0,0,0,0,0,0,0,0,0,0,0,0,0,0,0,0,0,1,0,0,0,0,0,1,0,0,0,0,0,0,0,1,0,0,0,0,0,0,0,0,0,0,1,0,0,0,0,0,0,0,False,False,False,True,False,False,False,True,False,False,False,False,True,False,True,False,False,0,1,0,0,0,0,1,0,0,0,0,1,0
0.8613861386138615,0.7615230460921844,0.038306451612903226,0.6769230769230768,0.05128205128205128,1,0,0,0,0,0,0,0,0,0,0,0,0,0,0,0,0,0,0,0,0,1,0,0,0,0,0,0,0,0,0,0,0,0,0,0,0,0,0,0,0,0,0,0,0,0,0,0,0,0,0,0,1,0,0,0,1,0,0,0,0,0,0,1,0,0,0,0,0,0,0,0,0,False,False,False,True,False,False,False,True,False,False,True,False,False,False,False,False,True,1,1,1,0,1,0,0,1,0,0,1,0,0
0.5297029702970297,0.7595190380761523,0.036290322580645164,0.7487179487179486,0.358974358974359,0,0,0,0,0,0,0,0,0,0,0,0,0,0,1,0,0,0,0,0,0,0,0,0,0,0,0,0,0,0,0,0,0,0,0,0,1,0,0,0,0,0,0,0,0,0,0,0,0,0,0,0,0,1,0,0,0,0,0,0,0,0,1,0,0,0,0,0,0,0,0,0,0,False,False,False,True,False,True,False,False,False,False,True,False,False,False,False,True,False,1,0,1,0,0,0,0,0,0,0,0,0,0
0.910891089108911,0.7575150300601203,0.04032258064516129,0.20512820512820507,0.4358974358974359,0,0,0,0,0,0,0,0,0,0,0,0,0,0,1,0,0,0,0,0,0,0,0,0,0,0,0,0,0,0,0,0,0,0,0,0,0,0,0,0,0,0,0,0,0,0,0,0,0,0,1,0,0,0,0,0,0,0,0,0,0,0,0,0,0,0,0,0,0,0,0,0,0,False,False,False,True,False,False,False,True,False,False,True,False,False,False,True,False,False,1,0,1,1,0,1,0,0,0,0,0,0,1
0.5940594059405944,0.7555110220440882,0.04032258064516129,0.4717948717948718,0.4358974358974359,1,0,0,0,0,0,0,0,0,0,0,0,0,0,0,0,0,0,0,0,0,0,0,0,0,1,0,0,0,0,0,0,0,0,0,0,0,0,0,0,1,1,0,0,0,0,0,0,0,0,0,0,0,0,0,0,1,0,0,0,0,0,0,1,0,0,0,0,0,0,0,0,0,False,False,False,True,False,False,True,False,False,False,True,False,False,False,True,False,False,0,0,0,0,1,0,0,0,0,1,0,0,0
0.7004950495049507,0.7535070140280562,0.014112903225806453,0.558974358974359,0.28205128205128205,0,0,0,0,0,0,0,0,0,0,0,0,0,1,0,0,0,0,0,0,0,0,0,0,0,0,0,0,0,0,0,0,0,0,0,0,0,0,0,0,1,0,0,0,0,0,1,0,0,0,0,0,0,0,0,0,0,0,0,0,0,0,0,0,0,1,0,0,0,0,0,0,0,False,False,False,True,False,False,True,False,False,True,False,False,False,False,False,True,False,0,0,0,0,0,0,0,0,0,1,1,0,0
0.7153465346534655,0.751503006012024,0.016129032258064516,0.5128205128205128,0.07692307692307693,0,0,0,0,0,0,0,0,0,0,0,0,0,0,0,0,0,0,0,0,0,0,0,0,0,0,0,0,0,0,0,0,0,0,0,0,0,0,0,0,0,0,0,1,0,0,0,0,0,0,1,0,1,0,1,0,0,0,0,0,0,0,0,0,0,0,0,0,0,0,0,0,0,False,False,False,True,False,False,True,False,False,True,False,False,False,False,False,False,True,1,0,0,0,0,0,0,0,0,0,0,0,0
1.0000000000000002,0.7474949899799599,0.04838709677419355,0.5333333333333333,0.05128205128205128,0,0,1,0,0,0,0,0,0,0,0,0,0,0,1,0,0,0,1,0,0,0,0,0,0,0,0,0,0,0,0,0,0,0,0,0,0,0,0,0,0,0,0,0,0,0,0,0,0,0,0,0,0,0,0,0,1,0,0,0,0,0,0,0,0,0,0,0,0,0,0,0,0,False,False,False,True,False,False,False,True,False,False,False,True,False,False,False,False,True,0,1,1,0,1,0,1,0,0,0,0,0,0
0.7623762376237624,0.7454909819639279,0.01814516129032258,0.4666666666666667,0.1282051282051282,0,0,0,0,0,0,0,0,0,0,0,0,0,0,1,0,0,0,1,0,0,0,0,0,0,0,0,0,1,0,0,0,0,0,0,0,0,0,0,0,0,0,0,0,0,0,1,0,0,0,0,0,0,0,0,0,0,0,0,0,0,0,0,0,0,1,0,1,0,0,0,0,0,False,False,False,True,False,False,True,False,False,True,False,False,False,False,False,True,False,0,1,0,0,0,1,0,0,0,0,0,0,0
0.5693069306930694,0.7434869739478958,0.03225806451612903,0.9743589743589743,0.28205128205128205,0,0,0,0,0,0,0,0,0,0,1,0,0,0,0,0,0,0,0,0,0,0,0,1,0,0,0,0,0,0,0,0,0,0,0,0,0,0,0,0,0,0,0,0,0,0,0,0,0,0,1,0,1,0,0,0,1,0,0,0,0,0,0,0,0,0,0,0,0,0,0,0,0,False,False,False,True,False,False,True,False,False,False,True,False,False,False,False,True,False,1,0,0,1,0,0,0,1,0,0,0,0,0
0.608910891089109,0.7414829659318638,0.016129032258064516,0.5743589743589743,0.3076923076923077,1,0,0,0,0,0,0,0,0,0,0,0,0,0,0,0,0,0,0,0,0,0,0,0,0,0,0,0,0,0,0,0,0,0,0,0,0,0,0,0,0,0,0,0,0,0,0,0,0,0,0,0,1,0,0,0,0,0,0,0,0,0,0,1,0,0,0,0,0,0,0,0,0,False,False,False,True,False,False,True,False,False,True,False,False,False,False,False,True,False,1,0,1,0,1,0,0,0,0,0,0,0,0
0.8044554455445547,0.7394789579158316,0.07056451612903225,0.31794871794871793,0.23076923076923075,1,0,1,0,0,0,0,0,0,0,0,0,0,0,0,0,0,0,0,0,0,0,0,0,0,0,0,0,0,0,0,0,0,0,0,0,0,0,0,0,0,0,0,0,0,0,0,0,0,0,0,0,0,0,0,0,1,0,0,0,0,0,1,0,0,0,0,0,0,0,0,0,0,False,False,False,True,False,False,True,False,False,False,False,True,False,False,False,True,False,0,0,0,0,0,0,0,0,0,0,0,0,0
0.7821782178217822,0.7374749498997997,0.2338709677419355,0.45128205128205123,0.23076923076923075,0,0,0,0,0,0,0,0,0,0,1,0,0,0,0,0,0,0,0,1,0,0,0,0,0,0,0,0,0,0,0,0,0,0,0,0,0,0,0,0,0,0,0,0,0,0,0,0,0,0,0,0,1,0,0,0,1,0,0,0,0,0,1,0,0,0,0,0,0,0,0,0,0,False,False,False,True,False,False,True,False,False,False,False,False,True,False,False,True,False,0,0,0,0,1,0,0,0,0,0,1,0,0
0.5371287128712872,0.7354709418837675,0.016129032258064516,0.6564102564102564,0.1794871794871795,1,0,1,0,0,0,0,0,0,0,0,0,0,0,0,0,0,0,1,0,0,1,0,0,0,0,0,0,0,0,0,0,0,0,0,0,0,0,0,0,0,0,0,0,0,0,0,0,0,0,0,0,0,0,0,0,0,0,0,0,0,0,0,0,0,0,0,0,0,0,0,0,0,False,False,False,True,False,True,False,False,False,True,False,False,False,False,False,True,False,0,0,1,0,0,0,0,0,0,0,0,0,0
0.7896039603960399,0.7334669338677355,0.04032258064516129,0.16410256410256407,0.2564102564102564,1,0,1,0,0,0,0,0,0,0,0,0,0,0,0,0,0,0,0,0,0,0,0,0,0,0,0,0,0,0,0,0,0,0,0,0,0,0,0,0,0,0,0,0,0,0,0,0,0,0,0,0,0,0,0,0,1,0,0,0,0,0,1,0,0,0,0,0,0,0,0,0,0,False,False,False,True,False,False,True,False,False,False,True,False,False,False,False,True,False,0,0,0,0,0,0,0,0,0,0,1,0,0
0.7202970297029705,0.7314629258517034,0.044354838709677415,0.3435897435897436,0.48717948717948717,0,0,0,0,0,0,0,0,0,0,1,1,0,0,0,0,0,0,0,0,0,0,0,0,0,0,0,0,0,0,0,0,0,0,0,0,0,0,0,0,0,0,0,0,0,0,0,0,0,1,1,0,1,0,0,1,0,0,0,0,0,0,0,0,0,0,0,0,0,0,0,0,0,False,False,False,True,False,False,True,False,False,False,True,False,False,False,True,False,False,1,0,0,0,0,0,0,0,0,0,0,0,0
0.6955445544554459,0.7294589178356714,0.01814516129032258,0.0,0.23076923076923075,0,0,0,0,0,0,0,0,0,0,0,0,0,0,0,1,0,0,0,0,0,0,1,0,0,0,0,0,0,0,0,0,0,0,0,0,0,0,0,0,0,0,0,0,0,0,0,0,0,0,0,0,1,0,0,0,1,0,0,0,0,0,0,0,0,0,0,0,0,0,0,0,0,False,False,False,True,False,False,True,False,False,True,False,False,False,False,False,True,False,1,0,1,0,0,0,0,0,0,0,0,0,0
0.5668316831683169,0.7274549098196392,0.04032258064516129,0.19999999999999996,0.1794871794871795,1,0,1,0,0,0,0,0,0,0,0,0,0,0,0,0,0,0,1,0,0,0,0,0,0,0,0,0,0,0,0,0,0,0,0,0,0,0,0,0,0,0,0,0,0,0,0,0,0,0,0,0,0,0,0,0,1,0,0,0,0,0,0,0,0,0,0,0,0,0,0,0,0,False,False,False,True,False,False,True,False,False,False,True,False,False,False,False,True,False,0,0,1,0,1,0,1,0,0,0,1,0,0
0.8143564356435642,0.7254509018036073,0.016129032258064516,0.3897435897435897,0.3333333333333333,1,0,0,0,0,0,0,0,0,0,0,0,0,0,0,0,0,0,1,0,0,0,0,0,0,0,0,0,0,0,0,0,0,0,0,0,0,0,0,0,0,0,0,0,0,0,0,0,0,0,0,0,0,0,0,0,0,0,0,0,0,0,0,0,0,0,0,0,1,0,0,0,0,False,False,False,True,False,False,False,True,False,True,False,False,False,False,False,True,False,0,0,1,0,1,0,0,0,0,0,0,0,0
0.6559405940594061,0.7234468937875751,0.04233870967741935,0.49743589743589745,0.3076923076923077,1,1,1,0,0,0,0,0,0,0,0,0,0,0,0,0,0,0,1,0,0,0,0,0,0,0,0,0,0,0,0,0,0,0,0,0,0,0,0,0,0,0,0,0,0,0,0,0,0,0,0,0,0,0,0,0,0,0,0,0,0,0,0,0,0,0,0,0,0,0,1,0,0,False,False,False,True,False,False,True,False,False,False,True,False,False,False,False,True,False,1,0,1,0,0,0,0,0,0,0,0,0,0
0.7178217821782182,0.7194388777555111,0.014112903225806453,0.5487179487179487,0.10256410256410256,0,0,1,0,0,0,0,0,0,0,1,0,0,0,0,0,0,0,0,0,0,0,0,0,0,0,0,0,0,0,0,0,0,0,0,0,0,0,0,0,0,0,0,0,0,0,0,0,0,0,0,0,0,1,0,0,1,0,0,0,0,0,0,0,0,0,0,0,0,0,0,0,0,False,False,False,True,False,False,True,False,False,True,False,False,False,False,False,False,True,0,0,1,0,0,0,1,0,0,0,0,0,0
0.7252475247524754,0.717434869739479,0.016129032258064516,0.32307692307692304,0.28205128205128205,1,0,0,0,0,0,0,0,0,0,0,0,0,0,0,0,0,0,1,0,0,0,0,0,0,0,0,0,0,0,0,0,0,0,0,0,0,0,0,0,0,0,0,0,0,0,0,0,0,0,0,0,0,0,0,0,0,0,0,0,0,0,0,0,0,0,0,0,1,0,0,0,0,False,False,False,True,False,False,True,False,False,True,False,False,False,False,False,True,False,0,1,1,0,1,0,0,0,0,0,0,0,0
0.5445544554455448,0.7154308617234469,0.01814516129032258,0.441025641025641,0.3333333333333333,0,0,0,0,0,0,0,0,0,0,1,0,0,0,0,0,0,0,0,0,0,0,0,0,0,0,0,0,0,0,0,0,0,0,0,0,0,0,0,0,0,0,0,0,0,0,0,0,0,0,1,0,1,0,0,1,0,0,0,0,0,0,0,0,0,0,0,0,0,0,0,0,0,False,False,False,True,False,True,False,False,False,True,False,False,False,False,False,True,False,1,0,1,0,0,0,0,0,0,0,0,0,0
0.7301980198019804,0.7114228456913828,0.01814516129032258,0.08717948717948715,0.2564102564102564,0,0,0,0,0,0,0,0,0,0,1,0,0,0,0,0,0,0,0,0,0,0,0,0,0,0,0,0,0,0,0,0,1,0,0,0,0,0,0,0,0,0,0,0,0,0,0,0,0,0,1,0,1,0,0,0,0,0,0,0,0,0,0,0,0,0,0,0,0,0,0,0,0,False,False,False,True,False,False,True,False,False,True,False,False,False,False,False,True,False,1,0,0,0,0,0,1,0,0,0,0,0,0
0.910891089108911,0.7094188376753507,0.3971774193548387,0.49230769230769234,0.48717948717948717,1,0,0,0,0,0,0,0,0,0,1,0,0,0,0,0,0,0,0,1,0,0,0,0,0,1,0,0,0,0,0,0,0,0,0,0,0,0,0,0,0,0,0,0,1,0,0,0,0,0,0,1,0,1,0,0,1,0,0,0,0,0,0,0,0,0,0,0,0,0,0,0,0,False,False,False,True,False,False,False,True,False,False,False,False,True,False,True,False,False,0,0,0,0,0,1,1,0,0,0,0,0,0
0.524752475247525,0.7074148296593187,0.044354838709677415,0.40512820512820513,0.28205128205128205,1,0,0,0,0,0,0,0,0,0,0,0,0,0,0,0,0,0,1,0,0,0,0,0,0,0,0,0,0,0,0,0,0,0,0,0,0,0,0,0,0,0,0,0,0,0,0,0,0,0,1,0,1,1,0,0,0,0,0,0,0,0,0,0,0,0,0,0,1,0,0,0,0,False,False,False,True,False,True,False,False,False,False,True,False,False,False,False,True,False,1,1,0,0,0,0,0,0,0,0,0,0,0
0.8242574257425745,0.7054108216432866,0.07056451612903225,0.5230769230769231,0.1794871794871795,1,0,1,0,0,0,0,0,0,0,0,0,0,0,0,0,0,0,0,0,0,0,0,0,0,0,0,0,0,0,0,0,0,0,0,0,0,0,0,0,0,0,1,0,0,0,0,0,0,0,0,0,0,0,0,0,1,0,0,0,0,0,1,0,0,0,0,0,0,0,0,0,0,False,False,False,True,False,False,False,True,False,False,False,True,False,False,False,True,False,0,0,0,0,0,0,0,1,0,0,0,0,0
0.5742574257425745,0.7034068136272545,0.04032258064516129,0.5794871794871794,0.1794871794871795,1,0,1,0,0,0,0,0,0,0,0,0,0,0,0,0,0,0,1,0,0,0,0,0,0,0,0,0,0,0,0,0,0,0,0,0,0,0,0,0,0,0,0,0,0,0,0,0,0,0,0,0,0,0,0,0,0,0,0,0,0,0,0,0,0,0,0,0,0,0,1,0,0,False,False,False,True,False,False,True,False,False,False,True,False,False,False,False,True,False,0,0,0,0,0,0,1,0,0,0,0,0,1
0.6757425742574259,0.7014028056112225,0.3004032258064516,0.7641025641025642,1.0,1,0,1,0,0,0,0,0,0,0,1,0,0,0,0,0,0,0,1,0,0,0,0,0,0,0,0,0,0,0,0,0,0,0,0,1,0,0,0,0,0,0,0,0,0,0,0,0,0,0,0,0,0,0,0,0,1,0,0,0,0,0,0,0,0,0,0,0,0,0,0,0,0,False,False,False,True,False,False,True,False,False,False,False,False,True,True,False,False,False,0,1,0,0,0,0,1,1,0,0,0,0,0
0.6707920792079209,0.6993987975951904,0.01814516129032258,0.6871794871794871,0.23076923076923075,0,0,0,0,0,0,0,0,0,0,0,0,0,0,1,0,0,0,0,0,0,0,0,0,0,0,0,0,0,0,0,0,0,0,0,0,0,0,0,0,0,0,0,0,0,0,0,0,0,0,1,0,1,0,0,0,0,0,0,0,0,0,0,0,0,0,0,0,0,0,0,0,0,False,False,False,True,False,False,True,False,False,True,False,False,False,False,False,True,False,1,0,0,0,0,0,0,0,0,0,0,0,0
0.6163366336633664,0.6973947895791583,0.04032258064516129,0.3538461538461538,0.3076923076923077,0,1,0,0,0,0,0,0,0,0,0,0,0,0,1,0,0,0,0,0,0,0,0,0,0,0,0,0,0,0,0,0,1,0,0,0,0,0,0,0,0,0,0,0,0,0,0,0,0,0,1,0,0,0,0,0,0,0,0,0,0,0,0,0,0,0,0,0,0,0,0,0,0,False,False,False,True,False,False,True,False,False,False,True,False,False,False,False,True,False,1,0,1,0,0,0,0,0,0,0,0,0,0
0.6460396039603962,0.6953907815631263,0.01814516129032258,0.5282051282051282,0.41025641025641024,0,0,0,0,0,0,0,1,0,0,1,0,0,0,0,0,0,0,0,0,0,0,0,0,0,0,0,0,0,0,0,0,0,0,0,0,0,0,0,1,0,0,0,0,0,0,0,0,0,0,0,0,1,0,0,0,0,0,0,0,0,0,0,0,0,0,0,0,0,0,0,0,0,False,False,False,True,False,False,True,False,False,True,False,False,False,False,True,False,False,1,0,1,0,0,0,0,0,0,0,0,0,0
0.6188118811881189,0.6933867735470942,0.01814516129032258,0.37948717948717947,0.1794871794871795,1,0,1,0,0,0,0,0,0,0,0,0,0,0,0,0,0,0,1,0,0,0,0,0,0,0,0,0,1,0,0,0,0,0,0,0,0,0,0,0,0,0,0,0,0,0,0,0,0,0,0,0,0,0,0,0,0,0,0,0,0,0,0,0,0,0,0,0,0,0,0,0,0,False,False,False,True,False,False,True,False,False,True,False,False,False,False,False,True,False,0,1,1,0,0,0,0,0,0,0,0,0,0
0.6831683168316833,0.6913827655310621,0.04233870967741935,0.42564102564102557,0.3333333333333333,1,0,1,0,0,0,0,0,0,0,0,0,0,0,0,0,0,0,1,0,0,0,0,0,0,0,0,0,0,0,0,0,0,0,0,0,0,0,0,0,0,0,0,0,0,0,0,0,0,0,0,0,0,0,0,0,1,0,0,0,0,0,0,0,0,0,0,0,0,0,0,0,0,False,False,False,True,False,False,True,False,False,False,True,False,False,False,False,True,False,0,1,1,0,0,0,0,0,0,0,0,0,0
0.4678217821782178,0.687374749498998,0.016129032258064516,0.6974358974358975,0.3076923076923077,1,0,0,0,0,0,0,0,0,0,0,0,0,0,0,0,0,0,1,0,0,0,0,1,0,0,0,0,0,0,0,0,0,0,0,0,0,0,0,0,0,0,0,0,0,0,0,0,0,0,1,0,1,1,0,0,0,0,0,0,0,0,0,0,0,0,0,0,1,0,0,0,0,False,False,False,True,False,True,False,False,False,True,False,False,False,False,False,True,False,1,0,0,0,1,1,0,1,0,0,0,0,0
0.6881188118811881,0.685370741482966,0.016129032258064516,0.558974358974359,0.48717948717948717,1,1,0,0,0,0,0,0,0,0,0,0,0,0,0,0,0,0,0,0,0,0,0,0,0,0,0,0,0,0,0,0,0,0,0,0,0,0,0,0,0,0,1,0,0,0,0,0,0,0,0,0,0,0,1,0,0,0,0,0,0,0,0,0,0,0,0,0,0,0,0,0,0,False,False,False,True,False,False,True,False,False,True,False,False,False,False,True,False,False,0,0,0,0,0,0,0,0,0,1,0,0,0
0.7326732673267331,0.6833667334669339,0.01814516129032258,0.441025641025641,0.07692307692307693,1,0,0,0,0,0,0,0,1,0,1,0,0,0,0,0,0,0,0,0,0,0,0,0,0,0,0,0,0,0,0,0,0,0,0,0,0,0,0,0,0,0,0,0,0,0,0,0,0,0,0,0,0,0,0,0,1,0,0,0,0,0,1,0,0,0,0,0,0,0,0,0,0,False,False,False,True,False,False,True,False,False,True,False,False,False,False,False,False,True,1,0,0,0,0,0,0,0,0,0,1,0,0
0.5792079207920793,0.6813627254509018,0.016129032258064516,0.6769230769230768,0.2564102564102564,0,0,0,0,0,0,0,0,0,0,1,0,0,0,0,1,0,0,0,1,0,0,0,0,0,0,0,0,0,0,0,0,0,0,0,0,0,0,0,0,0,0,0,0,0,0,0,0,0,0,0,0,1,0,1,0,0,0,0,0,0,0,0,0,0,0,0,0,0,0,0,0,0,False,False,False,True,False,False,True,False,False,True,False,False,False,False,False,True,False,1,0,0,0,0,0,0,0,0,0,0,0,0
0.7673267326732673,0.6773547094188377,0.016129032258064516,0.37948717948717947,0.10256410256410256,1,0,0,0,0,0,0,0,0,0,1,0,0,0,0,0,0,0,1,0,0,0,0,0,0,0,0,0,1,0,0,0,0,0,0,0,0,0,0,0,0,0,0,0,0,0,0,0,1,0,0,0,0,0,0,0,1,0,0,0,0,0,0,0,0,0,0,0,0,0,0,0,0,False,False,False,True,False,False,True,False,False,True,False,False,False,False,False,False,True,1,1,0,0,0,0,1,0,0,0,0,0,0
0.660891089108911,0.6753507014028056,0.014112903225806453,0.7846153846153846,0.1794871794871795,0,1,0,0,0,0,0,0,0,0,1,0,0,0,0,0,0,0,0,0,0,0,0,0,0,0,0,0,0,0,0,0,0,0,0,0,0,0,0,0,0,0,0,1,0,0,0,0,0,0,1,0,0,0,0,0,0,0,0,0,0,0,0,0,0,0,0,0,0,0,0,0,1,False,False,False,True,False,False,True,False,False,True,False,False,False,False,False,True,False,1,0,1,1,0,0,0,0,0,0,0,0,0
0.834158415841584,0.6733466933867736,0.016129032258064516,0.3076923076923077,0.10256410256410256,0,0,1,0,0,0,0,0,0,0,0,0,0,0,1,1,0,0,1,0,0,0,0,0,0,0,0,0,1,0,0,0,0,0,0,0,0,0,0,0,0,0,0,0,0,0,0,0,1,0,0,0,0,0,0,0,0,0,0,0,0,0,0,0,0,0,0,0,0,0,0,0,0,False,False,False,True,False,False,False,True,False,True,False,False,False,False,False,False,True,1,0,1,0,1,0,0,1,0,0,0,0,0
0.4034653465346536,0.6713426853707415,0.016129032258064516,0.6769230769230768,0.1282051282051282,0,1,0,0,0,0,0,0,0,0,1,0,0,0,0,0,0,0,0,0,0,0,0,1,0,0,0,0,0,0,0,0,0,0,0,0,0,0,0,0,0,0,0,0,0,0,0,0,0,0,1,0,0,0,0,0,1,0,0,0,0,0,0,0,0,0,0,0,0,0,0,0,0,False,False,False,True,False,True,False,False,False,True,False,False,False,False,False,True,False,1,0,1,1,0,0,0,0,0,0,0,0,0
0.9207920792079209,0.6693386773547094,0.01814516129032258,0.3487179487179487,0.07692307692307693,0,0,0,0,0,0,0,0,0,0,1,0,0,0,0,0,0,0,0,0,0,0,0,0,0,0,0,0,0,0,0,0,0,0,0,0,0,0,0,0,0,0,0,0,0,0,0,0,0,0,1,0,1,0,1,0,0,0,0,0,0,0,0,0,0,0,0,0,0,0,0,0,0,False,False,False,True,False,False,False,True,False,True,False,False,False,False,False,False,True,1,0,1,1,0,0,0,0,0,0,0,0,0
0.5965346534653466,0.6673346693386775,0.1975806451612903,0.22564102564102562,0.28205128205128205,1,0,1,0,0,0,0,0,0,0,0,0,0,0,0,0,0,0,1,0,0,0,0,0,0,0,0,0,0,0,0,0,0,0,0,0,0,0,0,0,0,0,0,0,0,0,0,0,0,0,0,0,0,0,0,0,1,0,0,0,0,0,0,0,0,0,0,0,0,0,0,0,0,False,False,False,True,False,False,True,False,False,False,False,False,True,False,False,True,False,0,1,0,0,0,0,1,0,0,1,0,0,0
0.7227722772277227,0.6653306613226453,0.014112903225806453,0.2666666666666666,0.05128205128205128,1,0,0,0,0,0,0,0,0,0,0,0,0,0,0,0,0,0,0,0,0,0,0,0,0,1,0,0,0,0,0,0,0,0,0,0,0,0,0,0,0,0,0,0,0,0,0,0,0,0,0,0,0,0,0,0,1,0,0,0,0,0,0,1,0,0,0,0,0,0,0,0,0,False,False,False,True,False,False,True,False,False,True,False,False,False,False,False,False,True,0,0,0,0,1,0,1,0,0,0,0,0,0
0.5717821782178218,0.6633266533066133,0.01814516129032258,0.5333333333333333,0.1282051282051282,1,0,1,0,0,0,0,0,0,0,0,0,0,0,1,0,0,0,1,0,0,0,0,0,0,0,0,0,0,0,0,0,0,0,0,0,0,0,0,0,1,0,0,0,0,0,0,0,0,0,0,0,0,0,0,0,0,0,0,0,0,0,0,0,0,0,0,0,0,0,0,0,0,False,False,False,True,False,False,True,False,False,True,False,False,False,False,False,True,False,0,0,0,0,0,0,0,0,0,0,0,0,0
0.7351485148514854,0.6613226452905812,0.016129032258064516,0.441025641025641,0.02564102564102564,1,1,1,0,0,0,0,0,0,0,0,0,0,0,0,0,0,0,1,0,0,0,0,0,0,0,0,0,0,0,0,0,0,0,0,0,0,0,0,0,0,0,0,0,0,0,0,0,0,0,0,0,0,0,0,0,0,0,0,0,0,0,0,0,0,0,0,0,1,0,0,0,0,False,False,False,True,False,False,True,False,False,True,False,False,False,False,False,False,True,0,0,1,0,0,0,0,0,0,0,1,0,0
0.6831683168316833,0.6593186372745492,0.04233870967741935,0.42564102564102557,0.41025641025641024,0,0,0,0,0,0,0,0,0,0,0,0,0,0,1,0,0,0,0,0,0,0,0,0,0,0,0,0,0,0,0,0,0,0,0,0,0,0,0,0,0,0,0,0,0,0,0,0,0,0,1,0,1,0,0,1,0,0,0,0,0,0,0,0,0,0,0,0,0,0,0,0,0,False,False,False,True,False,False,True,False,False,False,True,False,False,False,True,False,False,0,0,0,0,0,0,0,0,0,0,0,0,0
0.5891089108910892,0.657314629258517,0.016129032258064516,0.6769230769230768,0.15384615384615385,0,0,0,0,0,0,0,0,0,0,1,0,0,0,0,0,0,0,0,0,0,0,0,1,0,0,0,0,0,0,0,0,0,0,0,0,0,0,0,0,0,0,0,0,0,0,0,0,0,0,1,0,1,0,0,0,1,0,0,0,0,0,0,0,0,0,0,0,0,0,0,0,0,False,False,False,True,False,False,True,False,False,True,False,False,False,False,False,True,False,1,0,0,0,0,0,0,0,0,0,0,0,0
0.6732673267326734,0.6553106212424851,0.016129032258064516,0.1076923076923077,0.20512820512820512,0,0,0,0,0,0,0,0,0,0,0,0,0,0,0,1,0,0,0,0,0,0,1,0,0,0,0,0,0,0,0,0,0,0,0,0,0,0,0,0,0,0,0,0,0,0,0,0,0,0,0,0,1,0,0,0,1,0,0,0,0,0,0,0,0,0,0,0,0,0,0,0,0,False,False,False,True,False,False,True,False,False,True,False,False,False,False,False,True,False,1,0,1,0,0,0,0,0,0,0,0,0,0
0.7722772277227723,0.6533066132264529,0.01814516129032258,0.558974358974359,0.1282051282051282,0,0,0,0,0,0,0,0,0,0,0,0,0,0,0,0,0,0,0,0,0,0,0,0,0,0,0,0,0,0,0,0,0,0,0,0,0,0,0,0,0,0,0,0,0,0,0,0,0,0,0,0,1,0,0,0,1,0,0,0,1,0,0,0,0,0,1,0,0,0,0,0,0,False,False,False,True,False,False,True,False,False,True,False,False,False,False,False,True,False,1,0,0,0,0,0,0,1,0,0,0,0,0
0.7846534653465349,0.6513026052104209,0.016129032258064516,0.22564102564102562,0.10256410256410256,0,0,0,0,0,0,0,0,0,0,0,0,0,0,1,0,0,0,1,0,0,0,0,0,0,0,0,0,1,0,0,0,0,0,0,0,0,0,0,0,0,0,0,0,0,0,1,0,0,0,0,0,0,0,0,0,0,0,0,0,0,0,0,0,0,1,0,1,0,0,0,0,0,False,False,False,True,False,False,True,False,False,True,False,False,False,False,False,False,True,0,0,1,0,0,0,1,0,0,0,0,0,0
0.5346534653465349,0.6492985971943888,0.016129032258064516,0.2564102564102564,0.2564102564102564,1,0,0,0,0,0,0,0,0,0,0,0,0,0,0,1,0,0,1,0,0,0,0,0,0,0,0,0,0,0,0,0,0,0,0,0,0,0,0,0,0,0,0,0,0,0,0,0,0,0,1,0,1,0,0,0,0,0,0,0,0,0,0,0,0,0,0,0,1,0,0,0,0,False,False,False,True,False,True,False,False,False,True,False,False,False,False,False,True,False,1,1,0,0,0,0,1,0,0,0,0,0,0
0.6707920792079209,0.6472945891783568,0.016129032258064516,0.31794871794871793,0.20512820512820512,1,0,0,0,0,0,0,0,0,0,0,0,0,0,0,0,0,0,1,0,0,0,0,0,0,0,0,0,1,0,0,0,0,0,0,0,0,0,1,0,0,0,0,0,0,0,0,0,1,0,0,0,0,0,0,0,0,0,0,0,0,0,0,0,0,0,0,0,0,0,0,0,0,False,False,False,True,False,False,True,False,False,True,False,False,False,False,False,True,False,0,1,1,0,0,0,0,0,0,0,0,0,0
0.6584158415841586,0.6432865731462927,0.01814516129032258,0.46153846153846156,0.2564102564102564,0,0,0,0,0,0,0,0,0,0,0,0,0,0,1,0,0,0,0,0,0,0,0,0,0,0,0,0,0,0,0,0,0,0,0,0,0,0,0,0,0,0,0,0,0,0,0,0,0,0,1,0,0,1,0,0,0,0,0,0,0,0,0,0,0,0,0,0,0,0,0,0,0,False,False,False,True,False,False,True,False,False,True,False,False,False,False,False,True,False,0,0,0,0,0,0,0,0,0,0,0,0,0
0.6930693069306935,0.6412825651302605,0.04032258064516129,0.4871794871794871,0.20512820512820512,0,0,0,0,0,0,0,0,0,0,0,0,0,0,1,0,0,0,1,0,0,0,0,0,0,0,0,0,0,0,0,0,0,0,0,0,0,0,0,0,0,1,0,0,0,0,0,0,0,0,1,0,0,0,0,0,1,0,0,0,0,0,0,0,0,0,0,0,1,0,0,0,0,False,False,False,True,False,False,True,False,False,False,True,False,False,False,False,True,False,0,1,0,0,0,0,0,0,0,0,0,0,0
0.5891089108910892,0.6352705410821644,0.016129032258064516,0.6358974358974359,0.28205128205128205,0,0,0,0,0,0,0,0,0,0,0,0,0,0,0,0,0,0,0,0,0,0,0,0,0,0,0,0,0,0,0,0,1,0,0,0,0,0,0,0,0,0,0,0,0,0,0,0,0,0,1,0,1,0,0,1,0,0,0,0,0,0,0,0,0,0,0,0,0,0,0,0,0,False,False,False,True,False,False,True,False,False,True,False,False,False,False,False,True,False,1,1,1,0,0,0,0,0,0,0,0,0,0
0.6905940594059405,0.6332665330661322,0.04233870967741935,0.46153846153846156,0.4615384615384615,1,0,0,0,0,0,0,0,0,0,0,0,0,0,0,0,0,0,0,0,0,0,0,0,0,0,0,0,0,0,0,0,0,0,0,0,0,0,0,0,1,0,0,0,0,0,0,0,0,0,0,0,0,0,0,0,0,0,0,0,0,0,1,0,0,0,0,0,0,0,0,0,0,False,False,False,True,False,False,True,False,False,False,True,False,False,False,True,False,False,0,0,1,0,1,1,0,0,0,0,0,0,1
0.8193069306930696,0.6312625250501003,0.014112903225806453,0.3948717948717948,0.05128205128205128,0,0,0,0,0,1,0,0,0,0,0,0,0,0,1,0,0,0,0,0,0,0,0,0,0,0,0,0,0,0,0,0,0,0,0,0,0,0,0,0,0,0,0,0,0,0,0,0,1,0,0,0,0,0,1,0,0,1,0,0,0,0,0,0,0,0,0,0,0,0,0,0,0,False,False,False,True,False,False,False,True,False,True,False,False,False,False,False,False,True,0,0,0,0,0,0,0,0,0,0,0,0,1
0.4801980198019804,0.6292585170340681,0.01814516129032258,0.5743589743589743,0.3076923076923077,0,0,0,0,0,0,0,0,0,0,0,0,0,0,0,0,0,0,0,0,0,0,0,0,1,0,1,0,0,0,0,0,0,0,0,0,0,0,0,0,1,0,0,0,0,0,1,0,0,0,0,0,1,0,0,0,0,0,0,0,0,0,0,0,1,1,0,0,0,0,0,0,0,False,False,False,True,False,True,False,False,False,True,False,False,False,False,False,True,False,1,0,0,0,0,1,0,0,0,0,0,0,0
0.6584158415841586,0.6272545090180361,0.01814516129032258,0.2615384615384615,0.1794871794871795,1,0,1,0,0,0,0,0,0,0,0,0,0,0,0,0,0,0,1,0,0,0,0,0,0,0,0,0,1,0,0,0,0,0,0,0,0,0,0,0,0,0,0,0,0,0,0,0,0,0,0,0,0,0,0,0,0,0,0,0,0,0,0,0,0,0,0,0,0,0,0,0,0,False,False,False,True,False,False,True,False,False,True,False,False,False,False,False,True,False,0,0,1,0,0,0,0,0,0,0,0,0,0
0.5,0.625250501002004,0.04032258064516129,0.5538461538461539,0.48717948717948717,1,0,0,0,0,0,0,0,0,0,0,0,0,0,0,0,0,0,1,0,0,0,0,0,0,0,0,0,0,0,0,0,0,0,0,0,0,0,0,0,0,0,0,0,0,0,0,0,0,0,1,0,0,0,0,0,0,0,0,0,0,0,0,0,0,0,0,0,1,0,0,0,0,False,False,False,True,False,True,False,False,False,False,True,False,False,False,True,False,False,1,1,1,0,0,0,1,0,0,0,1,0,0
0.6336633663366338,0.623246492985972,0.016129032258064516,0.29230769230769227,0.28205128205128205,0,0,0,0,0,0,0,0,0,0,1,0,0,0,0,0,0,0,0,0,0,0,0,0,0,0,0,0,0,0,0,0,0,0,0,0,0,0,0,0,0,0,0,1,0,0,0,0,0,0,1,0,1,0,0,0,0,0,0,0,0,0,0,0,0,0,0,0,0,0,0,0,0,False,False,False,True,False,False,True,False,False,True,False,False,False,False,False,True,False,1,0,0,0,0,0,0,0,0,0,0,0,0
0.0,0.6212424849699398,0.014112903225806453,0.27179487179487183,0.10256410256410256,0,0,0,0,0,0,0,0,0,0,0,0,0,0,0,0,0,0,0,0,0,0,0,0,0,0,0,0,0,0,0,0,0,0,0,0,0,0,0,0,1,0,0,0,0,0,1,0,0,0,0,0,0,0,0,0,1,0,0,0,0,0,0,0,1,1,0,0,0,0,0,0,0,False,False,False,True,True,False,False,False,False,True,False,False,False,False,False,False,True,0,0,0,0,1,0,0,0,0,0,0,0,0
0.6336633663366338,0.6192384769539079,0.016129032258064516,0.6358974358974359,0.10256410256410256,0,0,0,0,0,0,0,0,0,0,1,0,0,0,0,0,0,0,0,0,0,0,0,0,0,0,0,0,0,0,0,0,0,0,0,0,0,0,0,0,0,0,0,0,0,0,0,0,0,0,0,0,1,0,0,0,1,0,0,0,0,0,0,0,0,0,0,0,0,0,0,0,0,False,False,False,True,False,False,True,False,False,True,False,False,False,False,False,False,True,1,0,0,0,0,0,0,0,0,0,0,0,0
0.4504950495049507,0.6172344689378758,0.01814516129032258,0.4769230769230769,0.1282051282051282,1,0,0,0,0,0,0,0,0,0,0,0,0,0,0,0,0,0,1,0,0,0,0,0,0,0,0,0,0,0,0,0,0,0,0,1,0,0,0,0,0,0,0,0,0,0,0,0,0,0,0,0,0,0,0,0,0,0,0,0,0,0,0,0,0,0,0,0,1,0,0,0,0,False,False,False,True,False,True,False,False,False,True,False,False,False,False,False,True,False,1,0,0,0,0,0,1,1,0,0,0,0,0
0.6361386138613863,0.6132264529058117,0.020161290322580645,0.6871794871794871,0.48717948717948717,0,0,0,0,0,1,0,0,0,0,1,0,0,0,0,0,0,0,0,0,0,0,0,0,0,0,0,0,0,0,0,0,0,0,0,0,0,0,0,0,1,0,0,0,0,0,0,0,0,0,0,0,1,1,0,0,0,0,0,0,0,0,0,0,0,0,0,0,0,0,0,0,0,False,False,False,True,False,False,True,False,False,False,True,False,False,False,True,False,False,1,0,0,0,1,1,0,0,0,1,0,0,0
0.7970297029702975,0.6112224448897796,0.044354838709677415,0.2102564102564103,0.358974358974359,0,0,0,0,0,0,0,0,0,0,1,0,0,0,0,0,0,0,0,1,0,0,0,0,0,0,0,0,0,0,0,0,0,0,0,0,0,0,0,0,0,0,0,0,0,0,0,0,0,0,0,0,1,0,0,0,1,0,0,0,0,0,0,0,0,0,0,0,0,0,0,0,0,False,False,False,True,False,False,True,False,False,False,True,False,False,False,False,True,False,1,0,0,0,0,1,0,0,0,0,0,0,1
0.7673267326732673,0.6092184368737475,0.03225806451612903,0.682051282051282,0.10256410256410256,0,0,1,0,0,0,0,0,0,0,0,0,0,0,1,0,0,0,0,0,0,0,0,0,0,0,0,0,0,0,0,0,0,0,0,0,0,0,0,0,0,0,0,0,0,0,0,0,0,0,0,0,0,0,0,0,1,0,0,0,0,0,0,1,0,0,0,0,0,0,0,0,0,False,False,False,True,False,False,True,False,False,False,True,False,False,False,False,False,True,0,0,1,0,0,0,0,0,0,0,0,0,1
0.301980198019802,0.6072144288577155,0.016129032258064516,0.5230769230769231,0.1794871794871795,1,0,0,0,0,0,0,0,0,0,0,0,0,0,0,0,0,0,1,0,0,1,0,0,0,0,1,0,0,0,0,0,0,0,0,0,0,0,0,0,0,0,0,0,0,0,1,0,0,0,0,0,0,0,1,0,0,0,0,0,0,0,0,0,0,1,0,0,1,0,0,0,0,False,False,False,True,True,False,False,False,False,True,False,False,False,False,False,True,False,0,0,0,0,0,0,0,0,0,0,0,0,0
0.4504950495049507,0.6052104208416834,0.01814516129032258,0.3948717948717948,0.28205128205128205,1,0,0,0,0,0,0,0,0,0,0,0,0,0,0,0,0,0,0,0,0,0,0,0,0,0,0,0,0,0,0,0,0,0,0,0,0,0,0,0,1,0,0,0,0,0,0,0,0,0,0,0,0,1,0,0,0,0,0,0,0,0,0,0,0,0,0,0,0,0,0,0,0,False,False,False,True,False,True,False,False,False,True,False,False,False,False,False,True,False,0,0,0,0,0,0,0,1,0,0,1,0,0
0.5470297029702971,0.6032064128256514,0.016129032258064516,0.27179487179487183,0.3076923076923077,1,0,0,0,0,0,0,0,0,0,1,0,0,0,0,1,0,0,0,0,0,0,0,1,0,0,0,0,0,0,0,0,0,0,0,0,0,0,0,0,0,1,0,0,0,0,0,0,0,0,1,0,1,0,0,0,0,0,0,0,0,0,0,1,0,0,0,0,0,0,0,0,0,False,False,False,True,False,True,False,False,False,True,False,False,False,False,False,True,False,1,0,0,0,0,0,1,0,0,0,0,0,0
0.3712871287128714,0.6012024048096193,0.016129032258064516,0.37948717948717947,0.20512820512820512,0,0,0,0,0,0,0,0,0,0,1,0,0,0,0,0,0,0,0,0,0,0,0,1,0,0,0,0,0,0,0,0,0,0,0,0,0,0,0,0,0,0,0,0,0,0,0,0,0,0,1,0,1,0,0,0,1,0,0,0,0,0,0,0,0,0,0,0,0,0,0,0,0,False,False,False,True,False,True,False,False,False,True,False,False,False,False,False,True,False,1,0,1,0,0,0,0,0,0,0,0,0,0
0.7673267326732673,0.5991983967935872,0.01814516129032258,0.42564102564102557,0.4615384615384615,1,1,0,0,0,0,0,0,0,0,0,0,0,0,0,0,0,0,0,0,0,0,0,0,0,1,0,0,0,0,0,0,0,0,0,0,0,0,0,0,1,0,1,0,0,0,0,0,0,0,0,0,0,0,0,0,0,0,0,0,0,0,0,1,0,0,0,0,0,0,0,0,0,False,False,False,True,False,False,True,False,False,True,False,False,False,False,True,False,False,0,0,1,0,0,0,0,0,0,0,0,0,0
0.7920792079207921,0.5971943887775552,0.04032258064516129,0.5282051282051282,0.1794871794871795,1,0,1,0,0,0,0,0,0,0,0,0,1,0,1,0,0,0,0,0,0,0,0,0,0,0,0,0,0,0,0,0,0,0,0,0,0,0,0,0,0,0,1,0,0,0,1,0,0,0,0,0,0,0,0,1,0,0,0,0,0,0,0,0,0,1,0,0,0,0,0,0,0,False,False,False,True,False,False,True,False,False,False,True,False,False,False,False,True,False,0,0,1,0,0,0,0,0,0,1,0,0,0
0.6287128712871288,0.5951903807615231,0.016129032258064516,0.5333333333333333,0.15384615384615385,0,0,0,1,0,0,0,0,0,0,0,0,0,0,1,0,0,0,0,0,0,0,0,0,0,0,0,0,0,0,0,0,0,0,0,0,0,0,0,0,0,0,0,0,0,0,1,0,0,0,0,0,1,0,0,0,1,0,0,0,0,0,0,0,0,1,0,0,0,0,0,0,0,False,False,False,True,False,False,True,False,False,True,False,False,False,False,False,True,False,1,0,1,0,0,0,0,0,0,0,0,0,0
0.6559405940594061,0.593186372745491,0.016129032258064516,0.3948717948717948,0.23076923076923075,0,0,0,0,0,1,0,0,0,0,0,0,0,0,0,0,0,0,0,0,0,0,0,0,0,0,0,0,0,0,0,0,0,0,0,0,0,0,0,0,0,0,0,0,0,1,0,0,0,0,0,0,0,0,0,0,0,0,0,0,1,0,0,0,0,0,0,0,0,0,0,0,0,False,False,False,True,False,False,True,False,False,True,False,False,False,False,False,True,False,0,0,0,0,0,1,0,0,0,0,0,0,0
0.7227722772277227,0.591182364729459,0.016129032258064516,0.2974358974358974,0.23076923076923075,1,1,0,0,0,0,0,0,0,0,0,0,0,1,0,0,0,0,0,0,0,0,0,0,0,0,0,0,0,0,0,0,0,0,0,0,0,0,0,0,1,0,1,0,0,0,0,0,0,0,0,0,0,0,1,0,0,0,0,0,0,0,1,0,0,0,0,0,0,0,0,0,0,False,False,False,True,False,False,True,False,False,True,False,False,False,False,False,True,False,0,0,1,0,0,0,0,0,0,1,0,0,0
0.8168316831683173,0.5891783567134269,0.038306451612903226,0.7384615384615384,0.1794871794871795,0,0,0,0,0,0,0,0,0,0,0,0,0,0,1,0,0,0,0,0,0,0,0,0,0,0,0,0,0,0,0,0,0,0,0,0,0,0,0,0,0,0,0,0,0,0,0,0,0,0,0,0,0,1,0,0,0,0,0,0,0,0,0,0,0,1,0,1,0,0,0,0,0,False,False,False,True,False,False,False,True,False,False,True,False,False,False,False,True,False,1,0,0,0,0,1,0,0,0,0,1,0,1
0.5792079207920793,0.5831663326653307,0.016129032258064516,0.682051282051282,0.2564102564102564,1,0,0,0,0,0,0,0,0,0,0,0,0,0,0,0,0,0,1,0,0,0,0,0,0,0,0,0,0,0,0,0,0,0,0,0,0,0,0,0,0,0,0,0,0,0,0,0,0,0,0,0,0,0,0,0,1,0,0,0,0,0,1,0,0,0,0,0,1,1,0,0,0,False,False,False,True,False,False,True,False,False,True,False,False,False,False,False,True,False,0,0,0,0,1,0,0,0,1,0,0,0,0
0.7673267326732673,0.5811623246492986,0.006048387096774193,0.3589743589743589,0.10256410256410256,1,0,0,0,0,0,0,0,0,0,0,0,0,0,0,0,0,0,0,0,0,0,0,0,0,1,0,0,0,0,0,0,0,0,0,0,0,0,0,0,0,0,0,0,0,0,0,0,0,0,0,0,0,0,0,0,1,0,0,0,0,0,0,1,0,0,0,0,0,0,0,0,0,False,False,False,True,False,False,True,False,False,True,False,False,False,False,False,False,True,0,0,0,0,1,1,0,0,0,0,1,0,0
0.7648514851485151,0.5791583166332666,0.014112903225806453,0.5179487179487179,0.10256410256410256,0,0,0,0,0,0,0,0,0,0,0,0,0,0,1,0,0,0,0,0,0,0,0,0,0,0,0,0,0,0,0,0,0,0,0,0,1,0,1,0,0,0,0,0,0,0,0,0,0,0,0,0,0,1,0,0,0,0,0,0,0,0,0,0,0,0,0,0,0,0,0,0,0,False,False,False,True,False,False,True,False,False,True,False,False,False,False,False,False,True,0,0,1,0,0,0,0,0,0,0,0,0,0
0.7326732673267331,0.5771543086172345,0.04233870967741935,0.7333333333333333,0.15384615384615385,0,0,0,0,0,0,0,0,0,0,0,0,0,0,1,0,0,0,0,0,0,0,0,0,0,0,0,0,0,0,0,0,1,0,0,0,0,0,0,0,0,0,0,0,0,0,0,0,0,0,1,0,1,0,0,1,0,0,0,0,0,0,0,1,0,0,0,0,0,0,0,0,0,False,False,False,True,False,False,True,False,False,False,True,False,False,False,False,True,False,1,0,0,1,0,0,0,0,0,0,0,0,0
0.6881188118811881,0.5751503006012024,0.04032258064516129,0.5897435897435898,0.28205128205128205,0,0,1,0,0,0,0,0,0,0,0,0,0,0,0,0,0,0,1,0,0,0,0,0,0,0,0,0,0,0,0,0,0,0,0,0,0,0,0,0,0,0,0,0,0,0,0,0,0,0,1,0,0,0,0,1,0,0,0,0,0,0,0,0,0,0,0,0,0,0,0,0,0,False,False,False,True,False,False,True,False,False,False,True,False,False,False,False,True,False,0,0,0,0,0,0,1,0,0,0,0,0,0
0.18316831683168333,0.5711422845691383,0.5826612903225806,0.5487179487179487,0.20512820512820512,1,0,1,0,0,0,0,0,0,0,0,0,0,0,0,0,0,0,1,0,0,0,0,0,0,0,0,0,0,0,0,0,0,0,0,1,0,0,0,0,0,0,0,0,0,0,0,0,0,0,0,0,0,0,0,0,1,0,0,0,0,0,0,0,0,0,0,0,0,0,0,0,0,False,False,False,True,True,False,False,False,False,False,False,False,True,False,False,True,False,0,0,1,0,0,0,0,0,0,0,0,0,0
0.7301980198019804,0.5691382765531062,0.04233870967741935,0.4717948717948718,0.3076923076923077,0,0,0,0,0,0,0,0,0,0,0,0,0,0,0,0,0,0,0,0,0,0,0,0,0,0,0,0,0,0,0,0,0,0,0,0,0,0,0,0,0,0,0,0,0,0,0,0,0,0,0,0,1,0,0,0,1,0,0,0,1,0,0,0,0,0,1,0,0,0,0,0,0,False,False,False,True,False,False,True,False,False,False,True,False,False,False,False,True,False,1,0,0,0,0,0,0,1,0,0,0,0,0
0.7599009900990101,0.5671342685370742,0.01814516129032258,0.41538461538461535,0.2564102564102564,1,0,0,0,0,0,0,0,0,0,0,0,0,0,0,0,0,0,1,0,0,0,0,0,0,0,0,0,0,0,0,0,0,0,0,0,0,0,0,0,0,0,0,0,0,0,0,0,0,0,0,0,0,0,0,0,0,0,0,0,0,0,0,0,0,0,0,0,1,0,0,0,0,False,False,False,True,False,False,True,False,False,True,False,False,False,False,False,True,False,0,1,1,0,0,0,0,0,0,0,0,0,0
0.8193069306930696,0.5651302605210422,0.016129032258064516,0.4769230769230769,0.1282051282051282,0,0,0,0,0,0,0,0,0,0,0,0,0,0,0,0,0,0,0,0,0,0,0,0,0,0,0,0,0,0,0,0,0,0,0,0,0,0,0,0,0,0,0,0,0,0,0,0,0,0,0,0,1,0,0,0,1,0,0,0,1,0,0,0,0,0,1,0,0,0,0,0,0,False,False,False,True,False,False,False,True,False,True,False,False,False,False,False,True,False,1,0,0,0,0,0,0,1,0,0,0,0,0
0.8490099009900993,0.56312625250501,0.0786290322580645,0.7641025641025642,0.6666666666666666,0,0,0,0,0,0,0,0,0,0,1,0,1,0,0,0,0,0,0,0,0,0,0,0,0,0,0,0,0,0,0,0,0,0,0,0,0,0,0,0,0,0,0,0,0,0,0,0,0,0,0,0,1,0,0,0,1,0,0,0,0,0,0,0,0,0,0,0,0,0,0,0,1,False,False,False,True,False,False,False,True,False,False,False,True,False,True,False,False,False,1,0,1,0,0,0,0,0,0,0,0,0,1
0.4975247524752475,0.5611222444889781,0.016129032258064516,0.5846153846153846,0.3333333333333333,1,0,0,0,0,0,0,0,0,0,0,0,0,0,0,0,0,0,0,0,0,1,0,0,1,0,0,0,0,0,0,0,0,0,0,0,0,0,0,0,0,0,0,0,0,0,1,0,0,0,0,0,0,1,1,0,0,0,0,0,0,0,0,0,1,1,0,0,0,0,0,0,0,False,False,False,True,False,True,False,False,False,True,False,False,False,False,False,True,False,0,0,0,0,0,0,0,1,0,0,0,0,0
0.5495049504950495,0.5591182364729459,0.2560483870967742,0.1333333333333333,0.2564102564102564,1,0,1,0,0,0,0,0,0,0,1,0,0,0,0,0,0,0,1,0,0,0,0,0,0,0,0,0,0,0,0,0,0,0,0,1,0,0,0,0,0,0,0,0,0,0,0,0,0,0,0,0,0,0,0,0,1,0,0,0,0,0,0,0,0,0,0,0,0,0,0,0,0,False,False,False,True,False,True,False,False,False,False,False,False,True,False,False,True,False,0,0,1,0,0,0,0,0,0,0,0,0,0
0.44059405940594076,0.5571142284569139,0.016129032258064516,0.45128205128205123,0.28205128205128205,1,0,0,0,0,0,0,0,0,0,1,0,0,0,0,1,0,0,1,0,0,0,0,1,0,0,0,0,0,0,0,0,0,0,0,0,0,0,0,0,0,0,0,0,0,0,0,0,0,0,1,0,1,0,0,0,1,0,0,0,0,0,0,0,0,0,0,0,0,0,0,0,0,False,False,False,True,False,True,False,False,False,True,False,False,False,False,False,True,False,1,1,0,0,0,0,0,0,0,0,0,0,0
0.4925742574257428,0.5551102204408818,0.016129032258064516,0.31794871794871793,0.15384615384615385,1,0,1,0,0,0,0,0,0,0,0,0,0,0,0,0,0,0,1,0,0,0,0,0,0,0,0,0,0,0,0,0,0,0,0,0,0,0,0,0,0,0,0,0,0,0,0,0,0,0,0,0,0,0,0,0,0,0,0,0,0,0,0,0,0,0,0,0,0,0,0,0,0,False,False,False,True,False,True,False,False,False,True,False,False,False,False,False,True,False,0,0,0,0,0,0,0,0,0,0,0,0,0
0.8415841584158417,0.5531062124248498,0.044354838709677415,0.5333333333333333,0.5128205128205128,0,1,1,0,0,0,0,0,0,0,0,0,0,0,0,0,0,0,0,0,0,0,0,0,0,1,0,0,0,1,0,0,0,0,0,0,0,0,0,0,1,0,0,0,0,0,0,0,0,0,0,0,0,0,1,0,0,0,1,0,0,0,0,1,0,0,0,0,0,0,0,0,0,False,False,False,True,False,False,False,True,False,False,True,False,False,False,True,False,False,0,0,1,0,0,0,1,0,0,0,0,0,0
0.7301980198019804,0.5511022044088176,0.04233870967741935,0.37948717948717947,0.3076923076923077,1,0,1,0,0,0,0,0,0,0,0,0,0,0,0,0,0,0,1,0,0,0,0,0,0,0,0,0,0,0,0,0,0,0,0,0,0,0,0,0,0,0,0,0,0,0,0,0,0,0,0,0,0,0,0,0,1,0,0,0,0,0,0,0,0,0,0,0,0,0,0,0,0,False,False,False,True,False,False,True,False,False,False,True,False,False,False,False,True,False,0,1,1,0,0,0,1,1,0,0,0,0,0
0.6386138613861387,0.5490981963927857,0.04032258064516129,0.5743589743589743,0.1282051282051282,1,0,0,0,0,0,0,0,0,0,0,0,0,0,0,0,0,0,1,0,0,0,0,0,0,0,0,0,0,0,0,0,0,0,0,0,0,0,0,0,0,0,0,0,0,0,0,0,0,0,0,0,0,1,0,0,1,0,0,0,0,0,0,0,0,0,0,0,1,0,0,0,0,False,False,False,True,False,False,True,False,False,False,True,False,False,False,False,True,False,0,0,0,0,0,0,0,0,0,1,1,0,1
0.5891089108910892,0.5470941883767535,0.01814516129032258,0.4358974358974359,0.23076923076923075,0,0,0,0,0,0,0,0,0,0,0,0,0,0,1,0,0,0,0,0,0,0,0,0,0,0,0,0,0,0,0,0,1,0,0,0,0,0,0,0,0,0,0,0,0,0,0,0,0,0,1,0,1,1,0,1,0,0,0,0,0,0,0,0,0,0,0,1,0,0,0,0,0,False,False,False,True,False,False,True,False,False,True,False,False,False,False,False,True,False,1,0,1,0,0,1,0,0,0,0,0,0,0
0.5123762376237626,0.5450901803607215,0.01814516129032258,0.5743589743589743,0.1282051282051282,1,0,0,0,0,0,0,0,0,0,0,0,0,0,0,0,0,0,1,0,0,0,0,0,0,0,0,0,0,0,0,0,0,0,0,0,0,0,0,0,0,0,0,0,0,0,0,0,1,0,0,0,1,0,0,0,0,0,0,0,0,0,0,0,0,0,0,0,0,0,0,0,0,False,False,False,True,False,True,False,False,False,True,False,False,False,False,False,True,False,1,1,1,0,1,1,0,0,0,0,0,0,0
0.6113861386138615,0.5410821643286574,0.01814516129032258,0.3538461538461538,0.3333333333333333,0,0,0,0,0,0,0,0,0,0,0,0,0,0,1,0,0,0,0,0,0,0,0,0,0,0,0,0,0,0,0,0,1,0,0,0,0,0,0,0,0,0,0,0,0,0,0,0,0,0,1,0,1,0,0,0,0,0,0,0,0,0,0,1,0,0,0,0,0,0,0,0,0,False,False,False,True,False,False,True,False,False,True,False,False,False,False,False,True,False,1,1,1,0,1,0,0,0,0,0,0,0,0
0.7920792079207921,0.5390781563126252,0.016129032258064516,0.33333333333333326,0.1794871794871795,0,1,0,0,0,0,0,0,0,0,1,0,0,0,0,0,0,0,0,1,0,0,0,0,0,0,0,0,0,0,0,0,0,0,0,0,0,0,0,0,0,0,0,0,0,0,0,0,0,0,0,0,0,0,1,0,0,0,0,0,0,0,0,0,0,0,0,0,0,0,0,0,0,False,False,False,True,False,False,True,False,False,True,False,False,False,False,False,True,False,0,0,0,0,0,0,0,0,0,0,0,1,0
0.7549504950495052,0.5370741482965933,0.016129032258064516,0.29230769230769227,0.10256410256410256,1,0,0,0,0,0,0,0,0,0,1,0,0,0,0,0,0,0,1,0,0,0,0,0,0,0,0,0,1,0,0,0,0,0,0,0,0,0,0,0,0,0,0,0,0,0,0,0,1,0,0,0,0,0,0,0,1,0,0,0,0,0,0,0,0,0,0,0,0,0,0,0,0,False,False,False,True,False,False,True,False,False,True,False,False,False,False,False,False,True,0,0,1,0,1,1,1,0,0,0,0,0,0
0.7376237623762381,0.5350701402805611,0.016129032258064516,0.20512820512820507,0.3333333333333333,0,0,0,0,0,0,0,0,0,0,1,0,0,0,0,0,0,0,0,1,0,0,0,0,0,0,0,0,0,0,0,0,0,0,0,0,0,0,0,0,0,0,0,0,0,0,0,0,0,0,0,0,1,0,0,0,0,0,0,0,0,0,0,0,0,0,0,0,0,0,0,0,0,False,False,False,True,False,False,True,False,False,True,False,False,False,False,False,True,False,1,0,0,1,0,1,0,0,1,0,0,0,0
0.5024752475247527,0.5330661322645291,0.016129032258064516,0.5897435897435898,0.23076923076923075,1,0,0,0,0,0,0,0,0,0,0,0,0,0,0,0,0,0,1,0,0,1,0,0,0,1,1,0,0,0,0,0,0,0,0,0,0,0,0,0,0,0,0,0,0,0,0,0,0,0,0,0,0,0,0,0,0,0,0,0,0,0,0,0,1,1,0,0,0,0,0,0,0,False,False,False,True,False,True,False,False,False,True,False,False,False,False,False,True,False,0,0,0,0,0,0,0,0,0,0,0,0,0
0.6014851485148516,0.531062124248497,0.016129032258064516,0.5692307692307692,0.2564102564102564,1,0,1,0,0,0,0,0,0,0,0,0,0,0,0,0,0,0,1,0,0,0,0,0,0,0,0,0,1,0,0,0,0,0,0,0,0,0,1,0,0,0,0,0,0,0,0,0,0,0,0,0,0,0,0,0,0,0,0,0,0,0,0,0,0,0,0,0,0,0,0,0,0,False,False,False,True,False,False,True,False,False,True,False,False,False,False,False,True,False,0,0,1,0,1,0,0,1,0,0,0,0,0
0.7054455445544556,0.529058116232465,0.01814516129032258,0.6871794871794871,0.6923076923076923,0,0,0,0,1,1,0,0,0,0,0,0,0,0,1,0,0,0,0,0,0,0,0,0,0,0,0,0,0,0,0,0,0,0,0,0,0,0,0,0,1,0,0,0,0,0,1,0,0,0,0,0,0,1,0,0,0,0,0,0,0,0,0,1,0,1,0,0,0,0,0,0,0,False,False,False,True,False,False,True,False,False,True,False,False,False,True,False,False,False,1,0,1,0,0,1,1,0,0,1,0,0,1
0.4826732673267329,0.5270541082164328,0.016129032258064516,0.2666666666666666,0.10256410256410256,0,0,0,0,0,0,0,0,0,0,1,0,0,0,0,0,0,0,0,0,0,0,0,0,0,0,0,0,0,0,0,0,0,1,0,0,0,0,0,0,0,0,0,0,0,0,0,0,0,0,1,0,1,0,0,0,0,0,0,0,0,0,0,0,0,0,0,0,0,0,0,0,0,False,False,False,True,False,True,False,False,False,True,False,False,False,False,False,False,True,1,0,1,0,0,0,0,0,0,0,0,0,0
0.7029702970297029,0.5250501002004009,0.01814516129032258,0.5333333333333333,0.05128205128205128,1,0,1,0,0,0,0,0,0,0,0,0,0,0,0,0,0,0,0,0,0,1,0,0,0,1,0,0,0,0,0,0,0,0,0,0,0,0,0,0,0,0,0,0,0,0,0,0,0,0,0,1,0,0,0,0,1,0,0,0,0,0,0,1,0,0,0,0,0,0,0,0,0,False,False,False,True,False,False,True,False,False,True,False,False,False,False,False,False,True,0,0,1,0,0,0,1,0,0,1,0,0,1
0.48514851485148536,0.5210420841683367,0.016129032258064516,0.5897435897435898,0.2564102564102564,0,0,0,0,0,0,0,0,0,0,1,0,0,0,0,1,0,0,0,1,0,0,0,0,0,0,0,0,0,0,0,0,0,0,0,0,0,0,0,0,0,0,0,0,0,0,0,0,0,0,0,0,1,0,0,0,0,0,0,0,0,0,0,0,0,0,0,0,0,0,0,0,0,False,False,False,True,False,True,False,False,False,True,False,False,False,False,False,True,False,1,0,0,0,0,0,0,0,0,0,1,0,0
0.7326732673267331,0.5170340681362726,0.01814516129032258,0.3435897435897436,0.4358974358974359,0,1,1,0,0,0,0,0,0,0,0,0,0,0,1,0,0,0,0,0,0,0,0,0,0,0,0,0,0,0,0,0,0,0,0,0,0,0,0,0,0,0,0,0,0,0,0,0,0,0,1,0,0,0,0,0,0,0,0,0,0,0,0,1,0,0,0,0,0,0,0,0,0,False,False,False,True,False,False,True,False,False,True,False,False,False,False,True,False,False,0,0,0,0,0,0,0,0,0,0,0,0,0
0.4826732673267329,0.5150300601202404,0.01814516129032258,0.5333333333333333,0.48717948717948717,1,0,1,0,0,0,0,0,0,0,1,0,0,0,0,1,0,0,1,0,0,0,0,1,0,0,0,0,1,0,0,0,0,0,0,0,0,0,0,0,0,0,0,0,0,0,0,0,0,0,1,0,1,0,0,0,0,0,0,0,0,0,0,0,0,0,0,0,0,0,0,0,0,False,False,False,True,False,True,False,False,False,True,False,False,False,False,True,False,False,1,1,0,0,0,0,0,0,0,0,0,0,0
0.7945544554455448,0.5130260521042085,0.016129032258064516,0.36923076923076925,0.02564102564102564,1,0,0,0,0,0,0,0,0,0,1,0,0,0,0,0,0,0,0,0,0,0,0,0,0,0,0,0,0,0,0,0,0,0,0,0,0,0,0,0,0,0,0,0,0,0,0,0,0,0,0,0,0,0,0,0,1,0,0,0,0,0,0,1,0,0,0,0,0,0,0,0,0,False,False,False,True,False,False,True,False,False,True,False,False,False,False,False,False,True,1,0,1,0,1,1,0,0,0,0,0,0,0
0.5173267326732673,0.5110220440881764,0.04032258064516129,0.4307692307692308,0.4358974358974359,1,0,0,0,0,0,0,0,0,0,0,0,0,0,0,0,0,0,1,0,0,0,0,0,0,0,0,0,0,0,0,0,0,0,0,0,0,0,0,0,0,0,0,0,0,0,0,0,0,0,0,0,0,1,0,0,0,0,0,0,0,0,1,0,0,0,0,0,1,0,0,0,0,False,False,False,True,False,True,False,False,False,False,True,False,False,False,True,False,False,1,1,0,0,1,0,0,0,0,0,0,0,0
0.7178217821782182,0.5070140280561123,0.04032258064516129,0.5487179487179487,0.07692307692307693,0,0,0,0,0,0,0,0,0,0,0,0,0,0,0,0,0,0,0,0,0,0,0,0,0,0,0,0,0,0,0,0,0,0,0,0,0,0,0,0,0,0,0,0,0,0,0,0,0,0,0,0,0,0,0,0,1,0,0,0,1,0,0,0,0,0,1,0,0,0,0,0,0,False,False,False,True,False,False,True,False,False,False,True,False,False,False,False,False,True,1,0,0,0,0,0,0,1,0,0,0,0,0
0.6485148514851486,0.5050100200400802,0.3286290322580645,0.5179487179487179,0.641025641025641,1,0,1,0,0,0,0,0,0,0,0,0,0,0,0,0,0,0,1,0,0,0,0,0,0,1,0,0,0,0,0,0,1,0,0,0,0,0,0,0,0,1,0,0,0,0,0,0,0,0,1,0,0,0,0,0,1,0,0,0,0,0,0,0,0,0,0,1,0,0,0,0,0,False,False,False,True,False,False,True,False,False,False,False,False,True,True,False,False,False,0,0,0,0,1,0,1,0,0,0,0,0,0
0.6485148514851486,0.5030060120240482,0.044354838709677415,0.5897435897435898,0.48717948717948717,0,0,0,0,0,0,0,0,0,0,0,0,0,0,0,0,0,0,0,0,0,1,0,0,0,0,1,0,0,0,0,0,0,0,0,0,0,0,0,0,1,0,0,0,0,0,1,0,0,0,0,0,0,0,0,0,0,0,0,0,0,0,0,0,0,1,0,0,0,0,0,0,0,False,False,False,True,False,False,True,False,False,False,True,False,False,False,True,False,False,1,0,0,0,0,0,0,0,0,1,1,0,0
0.3168316831683169,0.5010020040080161,0.01814516129032258,0.16410256410256407,0.07692307692307693,1,0,1,0,0,0,0,0,0,0,0,0,0,0,1,0,0,0,1,0,0,0,0,0,0,0,0,0,1,0,0,0,0,0,0,0,0,0,0,0,0,0,0,0,0,0,0,0,0,0,0,0,0,0,0,0,0,0,0,0,0,0,0,0,0,0,0,0,0,0,0,0,0,False,False,False,True,False,True,False,False,False,True,False,False,False,False,False,False,True,0,0,0,0,1,0,0,0,0,0,1,0,0
0.46534653465346554,0.498997995991984,0.016129032258064516,0.5282051282051282,0.358974358974359,0,0,0,0,0,0,0,0,0,0,1,0,0,0,0,1,0,0,0,0,0,0,0,1,0,0,0,0,0,0,0,0,0,0,0,0,0,0,0,0,0,0,0,0,0,0,0,0,0,0,1,0,1,0,0,0,0,0,0,0,0,0,0,0,0,0,0,0,0,0,0,0,0,False,False,False,True,False,True,False,False,False,True,False,False,False,False,False,True,False,1,0,0,0,0,0,0,0,1,0,0,0,0
0.5841584158415845,0.49699398797595196,0.016129032258064516,0.4666666666666667,0.2564102564102564,1,0,0,0,0,0,0,0,0,0,0,0,0,0,1,0,0,0,1,0,0,0,0,0,0,0,0,0,0,0,0,0,0,0,0,0,0,0,1,0,0,0,0,0,0,0,0,0,0,0,0,0,0,0,0,0,1,0,0,0,0,0,0,0,0,0,0,0,0,1,0,0,0,False,False,False,True,False,False,True,False,False,True,False,False,False,False,False,True,False,0,0,1,0,1,0,0,1,0,0,1,0,0
0.5346534653465349,0.4949899799599199,0.016129032258064516,0.37435897435897436,0.2564102564102564,1,0,0,0,0,0,0,0,0,0,1,0,0,0,0,1,0,0,0,0,0,0,0,1,0,0,0,0,0,0,0,0,0,0,0,0,0,0,0,0,0,1,0,0,0,0,0,0,0,0,1,0,1,0,0,0,0,0,0,0,0,0,0,1,0,0,0,0,0,0,0,0,0,False,False,False,True,False,True,False,False,False,True,False,False,False,False,False,True,False,1,0,0,0,0,0,1,1,0,0,0,0,0
0.5123762376237626,0.49098196392785576,0.016129032258064516,0.5487179487179487,0.3076923076923077,0,0,0,0,0,0,0,0,0,0,0,0,0,0,0,0,0,0,0,0,0,0,0,0,0,0,0,0,0,0,0,0,0,0,0,0,0,0,0,0,0,0,0,0,0,0,0,0,0,0,0,0,1,0,0,0,0,0,0,0,1,0,0,0,0,0,0,0,0,0,0,0,0,False,False,False,True,False,True,False,False,False,True,False,False,False,False,False,True,False,1,0,0,0,0,0,0,1,0,0,0,0,0
0.5767326732673268,0.4869739478957916,0.016129032258064516,0.40512820512820513,0.15384615384615385,1,0,1,0,0,0,0,0,0,0,0,0,0,0,0,0,0,0,1,0,0,0,0,0,0,0,0,0,0,0,0,0,0,0,0,0,0,0,0,0,0,0,0,0,0,0,0,0,0,0,0,0,0,0,0,0,0,0,0,0,0,0,0,0,0,0,0,0,0,0,1,0,0,False,False,False,True,False,False,True,False,False,True,False,False,False,False,False,True,False,0,1,0,0,0,0,0,0,0,1,0,0,0
0.4777227722772277,0.48496993987975956,0.016129032258064516,0.28717948717948716,0.15384615384615385,0,0,0,0,0,0,0,0,0,0,0,0,0,0,1,0,0,0,0,0,0,0,0,0,1,0,0,0,0,0,0,0,0,0,0,0,0,0,0,0,1,0,0,0,0,0,1,0,0,0,0,0,1,0,0,0,1,0,0,0,0,1,0,0,0,1,0,0,0,0,0,0,0,False,False,False,True,False,True,False,False,False,True,False,False,False,False,False,True,False,1,0,0,0,0,0,0,0,0,0,0,0,0
0.5668316831683169,0.4829659318637275,0.016129032258064516,0.1333333333333333,0.23076923076923075,0,0,0,0,0,0,0,0,0,0,1,0,0,0,0,0,0,0,0,1,0,0,0,0,0,0,0,0,0,0,0,0,0,0,0,0,0,0,0,0,0,0,0,0,0,0,0,0,0,0,0,0,1,0,1,0,0,0,0,0,0,0,0,0,0,0,0,0,0,0,0,0,0,False,False,False,True,False,False,True,False,False,True,False,False,False,False,False,True,False,1,0,0,0,0,0,0,0,0,0,0,0,0
0.5693069306930694,0.4809619238476954,0.016129032258064516,0.4358974358974359,0.10256410256410256,0,0,0,0,0,0,0,0,0,0,0,0,0,0,1,0,0,0,0,0,0,0,0,0,0,0,0,0,0,0,0,0,0,0,0,0,0,0,0,0,0,0,0,0,0,0,1,0,0,0,0,0,0,0,0,0,0,0,0,0,0,0,0,1,0,1,0,0,0,0,0,0,0,False,False,False,True,False,False,True,False,False,True,False,False,False,False,False,False,True,0,0,0,0,1,0,0,0,0,0,0,0,1
0.856435643564357,0.47895791583166336,0.016129032258064516,0.3076923076923077,0.07692307692307693,1,0,0,0,0,0,0,0,0,0,1,0,0,0,0,0,0,0,0,0,0,0,0,0,0,0,0,0,0,0,0,0,0,0,0,0,0,0,0,0,0,0,0,0,0,0,0,0,0,0,0,0,0,0,0,0,0,0,0,0,0,0,0,1,0,0,0,0,0,0,0,0,0,False,False,False,True,False,False,False,True,False,True,False,False,False,False,False,False,True,1,0,1,0,1,0,0,0,0,0,0,0,0
0.7524752475247525,0.4769539078156313,0.04233870967741935,0.32820512820512815,0.2564102564102564,0,0,0,0,0,0,0,0,0,0,0,0,0,0,0,0,0,0,0,0,0,0,0,0,0,0,0,0,0,0,0,0,0,0,0,0,0,0,0,0,0,0,0,0,0,0,0,0,0,0,0,0,1,0,0,0,1,0,0,0,1,0,0,0,0,0,1,0,0,0,0,0,0,False,False,False,True,False,False,True,False,False,False,True,False,False,False,False,True,False,1,0,0,0,0,0,0,1,0,0,0,0,0
0.7351485148514854,0.47494989979959923,0.044354838709677415,0.5333333333333333,0.6923076923076923,1,1,1,0,0,0,0,0,0,0,0,0,0,0,0,0,0,0,0,0,0,0,0,0,0,0,0,0,0,0,0,0,0,0,0,0,0,0,0,0,0,0,0,0,0,0,0,0,0,0,0,0,0,1,0,0,1,0,0,0,0,0,0,0,0,0,0,0,0,0,0,0,0,False,False,False,True,False,False,True,False,False,False,True,False,False,True,False,False,False,0,0,0,0,0,0,0,0,0,0,0,0,0
0.6435643564356437,0.47294589178356716,0.016129032258064516,0.4461538461538461,0.1282051282051282,0,0,0,0,0,0,0,0,0,0,1,0,0,0,0,0,0,0,0,0,0,0,0,0,0,0,0,0,0,0,0,0,0,0,0,0,0,0,0,0,0,0,0,0,0,0,0,0,0,0,1,0,0,0,0,0,1,0,0,0,0,0,0,0,0,0,0,0,0,0,0,0,0,False,False,False,True,False,False,True,False,False,True,False,False,False,False,False,True,False,1,1,0,0,0,0,0,0,0,0,0,0,0
0.7400990099009903,0.4709418837675351,0.03225806451612903,0.7384615384615384,0.07692307692307693,1,0,0,0,0,0,0,0,0,0,1,0,0,0,0,0,0,0,1,0,0,0,0,0,0,0,0,0,1,0,0,0,0,0,0,0,0,0,0,0,0,0,0,0,0,0,0,0,1,0,0,0,0,0,0,0,0,0,0,0,0,0,0,0,0,0,0,0,0,0,0,0,0,False,False,False,True,False,False,True,False,False,False,True,False,False,False,False,False,True,1,1,0,0,0,0,0,1,0,0,0,0,0
0.3391089108910892,0.46893787575150303,0.016129032258064516,0.7846153846153846,0.15384615384615385,0,0,0,0,0,0,0,0,0,0,0,0,0,0,1,0,0,0,0,0,0,0,0,0,0,0,0,0,0,0,0,0,1,0,0,0,0,0,0,0,0,0,0,0,0,0,0,0,0,0,1,0,1,0,0,0,1,0,0,0,0,0,0,0,0,0,0,0,0,0,0,0,0,False,False,False,True,False,True,False,False,False,True,False,False,False,False,False,True,False,1,0,1,0,0,0,0,0,0,1,0,1,1
0.7425742574257426,0.46693386773547096,0.04233870967741935,0.6307692307692307,0.3333333333333333,0,0,0,0,0,0,0,0,0,0,0,0,0,0,1,0,0,0,1,0,0,0,0,0,0,0,1,0,0,0,0,0,0,0,0,0,0,0,0,0,1,0,0,0,0,0,1,0,0,0,0,0,0,1,0,0,0,0,0,0,0,0,0,0,0,1,0,0,0,0,0,0,0,False,False,False,True,False,False,True,False,False,False,True,False,False,False,False,True,False,1,0,0,0,0,0,0,0,0,0,0,0,0
0.5173267326732673,0.4649298597194389,0.016129032258064516,0.5076923076923077,0.20512820512820512,1,0,0,0,0,0,0,0,0,0,0,0,0,0,0,0,0,0,0,0,0,0,0,0,0,0,0,0,0,0,0,0,0,0,0,0,0,0,0,0,0,1,0,0,0,0,0,0,0,0,0,0,1,0,0,0,1,0,0,0,0,0,0,1,0,0,0,0,0,0,0,0,0,False,False,False,True,False,True,False,False,False,True,False,False,False,False,False,True,False,1,0,0,0,1,0,0,1,0,1,0,0,0
0.7574257425742579,0.46292585170340683,0.04032258064516129,0.3948717948717948,0.48717948717948717,0,0,0,0,0,0,0,0,0,0,1,0,0,0,1,0,0,0,0,0,0,0,0,0,0,0,0,0,0,0,0,0,0,0,0,0,0,0,0,0,0,0,0,1,0,0,1,0,0,0,1,0,0,0,0,0,0,0,0,0,0,0,0,0,0,0,0,0,0,0,0,0,0,False,False,False,True,False,False,True,False,False,False,True,False,False,False,True,False,False,0,0,0,0,0,0,0,1,0,0,0,0,1
0.7673267326732673,0.4589178356713427,0.016129032258064516,0.41538461538461535,0.1282051282051282,0,0,0,0,0,0,0,0,0,0,1,0,0,0,0,0,0,0,0,0,0,0,0,0,0,0,0,0,0,0,0,0,1,0,0,0,0,0,0,0,0,0,0,0,0,0,0,0,0,0,1,0,1,0,0,0,0,0,0,0,0,0,0,0,0,0,0,0,0,0,0,0,0,False,False,False,True,False,False,True,False,False,True,False,False,False,False,False,True,False,1,0,1,0,1,0,1,0,1,0,0,1,0
0.5371287128712872,0.45490981963927857,0.01814516129032258,0.5333333333333333,0.3333333333333333,1,0,0,0,0,0,0,0,0,0,0,0,0,0,0,0,0,0,0,0,0,0,0,0,0,0,0,0,0,0,0,0,0,0,0,0,0,0,0,0,1,0,0,0,0,0,0,0,0,0,0,0,0,0,0,0,0,0,0,0,0,0,1,0,0,0,0,0,0,0,0,0,0,False,False,False,True,False,True,False,False,False,True,False,False,False,False,False,True,False,1,0,1,0,1,0,1,0,0,1,0,0,0
0.4603960396039606,0.4529058116232465,0.016129032258064516,0.5076923076923077,0.20512820512820512,1,0,0,0,0,0,0,0,0,0,0,0,0,0,0,0,0,0,1,0,0,0,0,0,0,0,0,0,0,0,0,0,0,0,0,0,0,0,0,0,0,0,0,0,0,0,0,0,0,0,0,0,1,0,0,0,0,0,0,0,0,0,0,0,0,0,0,0,0,0,0,0,0,False,False,False,True,False,True,False,False,False,True,False,False,False,False,False,True,False,1,1,1,0,1,0,0,1,0,0,1,0,0
0.36386138613861396,0.44889779559118237,0.01814516129032258,0.49230769230769234,0.15384615384615385,1,0,1,0,0,0,0,0,0,0,0,0,0,0,0,0,0,0,1,0,0,0,0,1,0,0,0,0,1,0,0,0,0,0,0,0,0,0,0,0,0,0,0,0,0,0,0,0,0,0,0,0,0,0,0,0,0,0,0,0,0,0,0,0,0,0,0,0,0,0,0,0,0,False,False,False,True,False,True,False,False,False,True,False,False,False,False,False,True,False,0,0,0,0,1,0,0,0,0,0,1,0,0
0.883663366336634,0.4468937875751503,0.04032258064516129,0.5025641025641026,0.05128205128205128,1,0,1,0,0,0,0,0,0,0,0,0,0,0,1,0,0,0,0,0,0,1,0,0,0,1,0,0,0,0,0,0,0,0,0,0,0,0,0,0,0,0,0,0,0,0,0,0,0,0,0,0,0,0,1,0,0,0,0,0,0,0,0,0,0,0,0,0,0,0,0,0,0,False,False,False,True,False,False,False,True,False,False,True,False,False,False,False,False,True,0,0,1,0,1,0,0,0,0,0,1,0,0
0.4133663366336635,0.44488977955911824,0.016129032258064516,0.4461538461538461,0.2564102564102564,0,0,0,1,0,0,0,0,0,0,1,0,0,0,0,1,0,0,1,0,0,0,0,1,0,0,0,0,0,0,0,0,0,0,0,0,0,0,0,0,0,0,0,0,0,0,0,0,0,0,1,0,0,0,1,0,0,0,0,0,0,0,0,0,0,0,0,0,1,0,0,0,0,False,False,False,True,False,True,False,False,False,True,False,False,False,False,False,True,False,0,0,0,1,0,0,0,0,0,0,0,0,1
0.5965346534653466,0.44288577154308617,0.016129032258064516,0.5025641025641026,0.23076923076923075,1,0,1,0,0,0,0,0,0,0,0,0,0,0,1,0,0,0,1,0,0,0,0,0,0,0,0,0,1,0,0,0,0,0,0,0,0,0,0,0,0,0,0,0,0,0,0,0,0,0,0,0,0,0,0,0,0,0,0,0,0,0,0,0,0,0,0,0,0,0,0,0,0,False,False,False,True,False,False,True,False,False,True,False,False,False,False,False,True,False,0,1,1,0,0,0,1,0,0,0,0,0,0
0.6831683168316833,0.43887775551102204,0.016129032258064516,0.2512820512820513,0.10256410256410256,0,0,0,0,0,0,0,0,0,0,1,0,0,0,0,0,0,0,0,0,0,0,0,1,0,0,0,0,0,0,0,0,0,0,0,0,0,0,0,0,0,0,0,0,0,0,0,0,0,0,1,0,1,0,0,0,1,0,0,0,0,0,0,0,0,0,0,0,0,0,0,0,0,False,False,False,True,False,False,True,False,False,True,False,False,False,False,False,False,True,1,0,0,0,0,0,0,0,0,0,0,0,0
0.5222772277227725,0.4368737474949901,0.016129032258064516,0.4769230769230769,0.23076923076923075,0,0,0,0,0,0,0,0,0,0,0,0,0,0,1,0,0,0,0,0,0,0,0,0,0,0,0,0,0,0,0,0,0,0,0,0,0,0,0,0,0,0,0,0,0,0,0,0,0,0,1,0,0,1,0,0,0,0,0,0,0,0,0,0,0,0,0,0,0,0,0,0,0,False,False,False,True,False,True,False,False,False,True,False,False,False,False,False,True,False,0,0,0,0,0,0,0,0,0,0,0,0,1
0.5693069306930694,0.434869739478958,0.016129032258064516,0.09230769230769231,0.28205128205128205,0,0,0,0,0,0,0,0,0,0,1,0,0,0,0,0,0,0,0,0,0,0,0,0,0,0,0,0,0,0,0,0,0,0,0,0,0,0,0,0,0,0,0,0,0,0,0,0,0,0,1,0,1,0,0,0,0,0,0,0,0,0,0,0,0,0,0,0,0,0,0,0,0,False,False,False,True,False,False,True,False,False,True,False,False,False,False,False,True,False,1,0,1,0,0,0,0,0,0,0,0,0,0
0.38861386138613874,0.43286573146292595,0.016129032258064516,0.5743589743589743,0.1794871794871795,1,0,0,0,0,0,0,0,0,0,1,0,0,0,0,1,0,0,1,0,0,0,0,1,0,0,0,0,1,0,0,0,0,0,0,0,0,0,0,0,0,0,0,0,0,0,0,0,0,0,1,0,0,0,0,0,0,0,0,0,0,0,0,0,0,0,0,0,0,0,0,0,0,False,False,False,True,False,True,False,False,False,True,False,False,False,False,False,True,False,0,1,1,0,1,0,0,1,0,0,0,0,0
0.301980198019802,0.4308617234468939,0.04032258064516129,0.45641025641025634,0.15384615384615385,1,0,1,0,0,0,0,0,0,0,0,0,0,0,0,0,0,0,1,0,0,0,0,0,0,0,0,0,0,0,0,0,0,0,0,0,0,0,0,0,0,0,0,0,0,0,0,0,0,0,0,0,0,0,0,0,1,0,0,0,0,0,0,0,0,0,0,0,0,0,0,0,0,False,False,False,True,True,False,False,False,False,False,True,False,False,False,False,True,False,0,0,0,0,0,0,1,0,0,0,0,0,1
0.6361386138613863,0.4288577154308618,0.016129032258064516,0.3076923076923077,0.23076923076923075,1,1,0,0,0,0,0,0,0,0,0,0,0,0,1,0,0,0,0,0,0,0,0,0,0,1,0,0,0,0,0,0,0,0,0,0,0,0,0,0,0,0,1,0,0,0,0,0,0,0,0,0,0,0,0,0,0,0,0,0,0,0,0,0,0,1,0,0,0,0,0,0,0,False,False,False,True,False,False,True,False,False,True,False,False,False,False,False,True,False,0,0,0,0,0,0,0,0,0,0,0,0,0
0.556930693069307,0.42685370741482975,0.01814516129032258,0.5025641025641026,0.6153846153846154,1,1,0,0,0,0,0,0,0,0,0,0,0,0,0,0,0,0,0,0,0,1,0,0,0,0,1,0,0,0,0,0,0,0,0,0,0,0,0,0,0,0,0,0,0,0,0,0,0,0,0,0,0,0,1,0,0,0,0,0,0,0,0,1,0,0,0,0,0,1,0,0,0,False,False,False,True,False,True,False,False,False,True,False,False,False,False,True,False,False,0,0,0,0,1,0,0,0,0,0,0,0,0
0.5668316831683169,0.4248496993987977,0.016129032258064516,0.1076923076923077,0.20512820512820512,0,0,0,0,0,0,0,0,0,0,1,0,0,0,0,0,0,0,0,0,0,0,0,0,0,0,0,0,0,0,0,0,0,0,0,0,0,0,0,0,0,0,0,0,0,0,0,0,0,0,1,0,1,0,0,0,1,0,0,0,0,0,0,0,0,0,0,0,0,0,0,0,0,False,False,False,True,False,False,True,False,False,True,False,False,False,False,False,True,False,0,0,0,1,0,0,0,0,0,0,0,0,0
0.7351485148514854,0.4228456913827656,0.04233870967741935,0.29230769230769227,0.07692307692307693,1,0,0,0,0,0,0,0,0,0,0,0,0,0,0,0,0,0,0,0,0,0,0,0,0,0,0,0,0,0,0,0,0,0,0,0,0,0,0,0,0,0,0,0,0,0,0,0,0,0,0,0,1,0,0,0,1,0,0,0,0,0,1,0,0,0,0,0,0,0,0,0,0,False,False,False,True,False,False,True,False,False,False,True,False,False,False,False,False,True,1,0,1,0,0,0,0,0,0,0,0,0,0
0.7103960396039606,0.4188376753507015,0.014112903225806453,0.3025641025641026,0.3333333333333333,0,0,0,0,0,0,0,0,0,0,1,0,0,0,0,1,0,0,0,0,0,0,0,0,0,0,0,0,0,0,0,0,0,0,0,0,0,0,0,0,1,0,0,0,0,0,0,0,0,0,0,0,0,0,0,0,0,0,0,0,0,0,0,1,0,0,0,0,0,0,0,0,0,False,False,False,True,False,False,True,False,False,True,False,False,False,False,False,True,False,0,0,0,0,1,0,0,0,0,0,0,0,0
0.6633663366336635,0.4168336673346694,0.016129032258064516,0.28205128205128205,0.1794871794871795,0,0,0,0,0,0,0,0,0,0,0,0,0,0,0,1,0,0,0,0,0,0,1,0,0,0,0,0,0,0,0,0,0,0,0,0,0,0,0,0,0,0,0,0,0,0,0,0,0,0,0,0,1,0,0,0,1,0,0,0,0,0,0,0,0,0,0,0,0,0,0,0,0,False,False,False,True,False,False,True,False,False,True,False,False,False,False,False,True,False,1,0,0,0,0,0,0,0,0,0,0,0,0
0.42079207920792094,0.41482965931863736,0.0,0.13846153846153847,0.23076923076923075,1,0,1,0,0,0,0,0,0,0,0,0,0,0,0,0,0,0,1,0,0,0,0,0,0,0,0,0,0,0,0,0,0,0,0,0,0,0,0,0,0,0,0,0,0,0,0,0,0,0,0,0,0,0,0,0,1,0,0,0,0,0,0,0,0,0,0,0,0,0,0,0,0,False,False,False,True,False,True,False,False,False,True,False,False,False,False,False,True,False,0,0,1,0,0,0,1,0,0,0,0,0,0
0.6980198019801982,0.4128256513026053,0.01814516129032258,0.36410256410256403,0.07692307692307693,0,0,0,0,0,0,0,0,0,0,0,0,0,0,1,0,0,0,0,0,0,0,0,0,0,0,0,0,0,0,0,0,0,0,0,0,0,0,0,0,0,0,0,0,0,0,1,0,0,0,0,0,1,0,0,0,0,0,0,0,0,0,0,0,0,1,0,0,0,0,0,0,0,False,False,False,True,False,False,True,False,False,True,False,False,False,False,False,False,True,1,0,0,0,0,0,0,0,0,0,0,0,0
0.2648514851485151,0.4108216432865732,0.016129032258064516,0.4358974358974359,0.20512820512820512,0,0,0,0,0,0,0,0,0,0,1,0,0,0,0,1,0,0,0,0,0,0,0,0,0,0,0,0,0,0,0,0,0,0,0,0,0,0,0,0,0,0,0,1,0,0,0,0,0,0,1,0,0,0,0,0,0,0,0,0,0,0,0,0,0,0,0,0,0,0,0,0,0,False,False,False,True,True,False,False,False,False,True,False,False,False,False,False,True,False,0,0,0,0,0,0,0,0,0,0,0,0,0
0.8217821782178218,0.40881763527054116,0.08669354838709678,0.5692307692307692,0.48717948717948717,0,1,0,0,0,0,0,0,0,0,0,0,0,0,1,0,0,0,0,0,0,0,0,0,0,0,0,0,0,0,0,0,1,0,0,0,0,0,0,1,0,0,0,0,0,0,0,0,0,0,1,0,0,0,0,1,0,0,0,0,0,0,0,0,0,0,0,0,0,0,0,0,0,False,False,False,True,False,False,False,True,False,False,False,True,False,False,True,False,False,0,0,1,1,0,1,0,0,0,0,0,0,0
0.5866336633663367,0.4068136272545091,0.016129032258064516,0.482051282051282,0.05128205128205128,1,0,0,0,0,0,0,0,0,0,1,0,0,0,0,0,0,0,1,1,0,0,0,0,0,0,0,0,0,0,0,0,0,0,0,0,0,0,0,0,0,0,0,0,1,0,0,0,0,0,0,0,1,0,0,0,1,0,0,0,0,0,0,0,0,0,0,0,0,0,0,0,0,False,False,False,True,False,False,True,False,False,True,False,False,False,False,False,False,True,1,1,0,0,0,0,0,0,0,0,0,0,0
0.8292079207920795,0.40280561122244496,0.04233870967741935,0.7897435897435897,0.717948717948718,1,0,1,0,0,0,0,0,0,0,0,0,0,0,1,0,0,0,1,0,0,1,0,0,0,0,1,0,0,0,0,0,0,0,0,0,0,0,1,0,0,0,0,0,0,0,1,0,0,0,0,0,0,0,1,0,0,0,0,0,0,0,0,0,0,0,0,0,0,0,0,0,0,False,False,False,True,False,False,False,True,False,False,True,False,False,True,False,False,False,0,0,1,0,0,0,1,1,0,0,0,0,0
0.4826732673267329,0.4008016032064129,0.04032258064516129,0.7641025641025642,0.3333333333333333,1,0,0,0,0,0,0,0,0,0,0,0,0,0,0,0,0,0,0,0,0,0,0,0,0,0,0,0,0,0,0,0,0,0,0,0,0,0,0,0,0,0,0,0,0,0,0,0,0,0,1,0,1,1,0,0,0,0,0,0,0,0,0,0,0,0,0,0,0,0,1,0,0,False,False,False,True,False,True,False,False,False,False,True,False,False,False,False,True,False,1,0,0,0,0,0,0,0,0,0,0,0,0
0.7945544554455448,0.3987975951903808,0.21774193548387097,0.36923076923076925,0.8461538461538461,1,0,0,0,0,0,0,0,0,0,0,0,0,0,0,0,0,0,0,0,0,0,0,0,0,0,0,0,0,0,0,0,0,0,0,1,0,0,0,0,0,1,0,0,0,0,0,0,0,0,0,0,0,0,0,0,1,0,0,0,0,0,0,1,0,0,0,0,0,0,0,0,0,False,False,False,True,False,False,True,False,False,False,False,False,True,True,False,False,False,0,0,1,0,1,1,0,0,0,1,0,0,0
0.7252475247524754,0.39679358717434876,0.044354838709677415,0.482051282051282,0.3846153846153846,0,0,0,0,0,1,0,1,0,0,1,0,0,0,0,0,0,0,0,0,0,0,0,0,0,0,0,0,0,0,0,0,0,0,0,0,0,0,0,1,0,0,0,0,0,0,0,0,0,0,0,0,1,0,0,0,0,0,0,0,0,0,0,0,0,0,0,0,0,0,0,0,0,False,False,False,True,False,False,True,False,False,False,True,False,False,False,True,False,False,1,0,0,0,0,0,0,0,1,0,0,0,1
0.8638613861386142,0.3947895791583167,0.016129032258064516,0.23589743589743584,0.07692307692307693,0,0,0,0,0,0,0,1,0,0,1,0,0,0,0,0,0,0,0,0,0,0,0,0,0,0,0,0,0,0,0,0,0,0,0,0,0,0,0,1,0,0,0,0,0,0,0,0,0,0,0,0,0,0,0,0,0,0,0,0,0,0,0,0,0,0,0,0,0,0,0,0,0,False,False,False,True,False,False,False,True,False,True,False,False,False,False,False,False,True,1,0,0,0,0,0,0,0,0,0,0,0,0
0.8935643564356435,0.39278557114228463,0.04032258064516129,0.36923076923076925,0.05128205128205128,0,0,0,0,0,0,0,0,0,0,0,0,0,0,1,0,0,0,0,0,0,0,0,0,0,1,0,0,0,0,0,0,0,0,0,0,0,1,0,0,1,0,0,0,0,0,0,0,0,0,0,0,0,0,0,0,0,0,0,0,0,0,0,0,0,0,0,0,0,0,0,0,0,False,False,False,True,False,False,False,True,False,False,True,False,False,False,False,False,True,0,0,0,0,0,0,0,0,0,1,1,0,0
0.5173267326732673,0.39078156312625256,0.016129032258064516,0.20512820512820507,0.2564102564102564,0,0,0,0,0,0,0,0,0,0,1,0,0,0,0,0,0,0,0,0,0,0,0,1,0,0,0,0,0,0,0,0,0,0,0,0,0,0,0,0,0,0,0,0,0,0,0,0,0,0,1,0,1,0,0,0,1,0,0,0,0,0,0,0,0,0,0,0,0,0,0,0,0,False,False,False,True,False,True,False,False,False,True,False,False,False,False,False,True,False,0,0,1,0,0,0,0,0,0,0,0,0,0
0.801980198019802,0.3887775551102205,0.038306451612903226,0.4,0.10256410256410256,0,0,1,0,0,0,0,0,0,0,0,0,0,0,0,0,0,0,1,0,0,0,0,0,0,0,0,0,0,0,0,0,0,0,0,0,0,0,0,0,0,0,0,0,0,0,0,0,0,0,0,0,0,0,0,0,0,0,0,0,0,0,0,0,0,0,0,0,0,0,0,0,0,False,False,False,True,False,False,True,False,False,False,True,False,False,False,False,False,True,0,0,1,0,0,0,1,0,0,0,0,0,1
0.7277227722772277,0.38677354709418843,0.038306451612903226,0.5179487179487179,0.1282051282051282,1,1,1,0,0,0,0,0,0,0,0,0,0,0,0,0,0,0,0,0,0,0,0,0,0,0,0,0,0,0,0,0,0,0,0,0,0,0,0,0,1,0,1,0,0,0,0,0,0,0,0,0,0,0,0,0,0,0,0,0,0,0,0,0,0,0,0,0,0,0,0,0,0,False,False,False,True,False,False,True,False,False,False,True,False,False,False,False,True,False,0,0,0,0,0,0,0,0,0,1,0,0,0
0.6683168316831685,0.38476953907815636,0.01814516129032258,0.641025641025641,0.07692307692307693,0,0,0,0,0,0,0,0,0,0,0,0,0,0,0,0,0,0,0,0,0,0,0,0,0,0,0,0,0,0,0,0,0,0,0,0,0,0,0,0,0,0,0,0,0,0,0,0,0,0,1,0,0,0,0,0,1,0,0,0,0,0,0,1,0,0,0,0,0,1,0,0,0,False,False,False,True,False,False,True,False,False,True,False,False,False,False,False,False,True,1,0,0,0,1,0,0,0,0,0,0,0,0
0.45544554455445563,0.3827655310621243,0.016129032258064516,0.3384615384615385,0.2564102564102564,0,0,0,0,0,0,0,0,0,0,1,0,0,0,0,0,0,0,0,0,0,0,0,0,0,0,0,0,0,0,0,0,0,0,0,0,0,0,0,0,0,0,0,1,0,0,0,0,0,0,0,0,1,0,1,0,0,0,0,0,0,0,0,0,0,0,0,0,0,0,0,0,0,False,False,False,True,False,True,False,False,False,True,False,False,False,False,False,True,False,1,0,0,0,0,0,0,0,0,0,0,0,0
0.6212871287128714,0.38076152304609223,0.016129032258064516,0.5282051282051282,0.2564102564102564,0,0,0,0,0,0,0,0,0,0,0,0,0,0,1,0,0,0,0,0,0,0,0,0,0,0,0,0,0,0,0,0,0,0,0,0,0,1,0,0,0,0,0,0,0,0,0,0,0,0,1,0,0,0,0,1,0,0,0,0,0,0,0,0,0,0,0,0,0,0,0,0,0,False,False,False,True,False,False,True,False,False,True,False,False,False,False,False,True,False,0,0,1,0,0,0,0,0,0,0,0,0,0
0.45297029702970315,0.37875751503006017,0.016129032258064516,0.441025641025641,0.20512820512820512,0,0,0,0,0,0,0,0,0,0,0,0,0,0,1,0,0,0,0,0,0,0,0,0,0,0,0,0,0,0,0,0,1,0,0,0,0,0,0,0,0,0,0,0,0,0,0,0,0,0,1,0,1,0,1,0,0,0,0,0,0,0,0,0,0,0,0,0,0,0,0,0,0,False,False,False,True,False,True,False,False,False,True,False,False,False,False,False,True,False,1,0,0,1,0,0,0,0,0,0,0,0,0
0.4232673267326734,0.3767535070140281,0.024193548387096774,0.2512820512820513,0.1794871794871795,0,0,1,0,0,0,0,0,0,0,0,0,0,0,0,0,0,0,0,0,0,1,0,0,0,0,1,0,0,0,0,0,0,0,0,0,0,0,0,0,0,0,0,0,0,0,1,0,0,0,0,0,0,0,0,0,0,0,0,0,0,0,0,0,0,1,0,0,0,0,0,0,0,False,False,False,True,False,True,False,False,False,False,True,False,False,False,False,True,False,0,0,1,0,0,0,0,0,0,1,0,0,0
0.6806930693069309,0.37474949899799603,0.19959677419354838,0.4461538461538461,0.48717948717948717,1,0,1,0,0,0,0,0,0,0,0,0,0,0,0,0,0,0,1,0,0,0,0,0,0,0,0,0,0,0,0,0,0,0,0,0,0,0,0,0,0,0,0,0,0,0,0,0,0,0,0,0,0,0,0,0,1,0,0,0,0,0,0,0,0,0,0,0,1,0,0,0,0,False,False,False,True,False,False,True,False,False,False,False,False,True,False,True,False,False,0,0,0,0,0,1,0,0,0,0,1,0,0
0.6534653465346536,0.37274549098196397,0.04032258064516129,0.41538461538461535,0.2564102564102564,0,0,0,0,0,0,0,0,0,0,1,0,0,0,0,0,0,0,0,0,0,0,0,0,0,0,0,0,0,0,0,0,0,0,0,0,0,0,0,0,0,0,0,0,0,0,0,0,0,0,1,0,0,0,0,1,0,0,0,0,0,0,0,0,0,0,0,0,0,0,0,0,0,False,False,False,True,False,False,True,False,False,False,True,False,False,False,False,True,False,1,0,0,1,0,0,0,0,0,0,0,0,0
0.7722772277227723,0.3707414829659319,0.036290322580645164,0.6051282051282051,0.23076923076923075,0,0,0,0,0,0,0,0,1,0,0,0,0,0,1,0,0,0,0,0,0,0,0,0,0,0,0,0,0,0,0,0,0,0,0,0,0,0,0,0,0,0,0,0,0,0,0,0,0,0,0,0,0,0,1,0,0,0,0,0,0,1,0,0,0,0,0,0,0,0,0,0,0,False,False,False,True,False,False,True,False,False,False,True,False,False,False,False,True,False,1,0,0,0,0,0,0,0,0,0,0,0,1
0.35396039603960405,0.36873747494989983,0.016129032258064516,0.5641025641025641,0.2564102564102564,1,0,0,0,0,0,0,0,0,0,0,0,0,0,0,1,0,0,0,0,0,0,0,1,0,0,0,0,0,0,0,0,0,0,0,0,0,0,0,0,0,0,0,0,0,0,0,0,0,0,0,0,0,0,0,0,0,0,0,0,0,0,0,1,0,0,0,0,0,0,0,0,0,False,False,False,True,False,True,False,False,False,True,False,False,False,False,False,True,False,0,0,0,0,1,0,0,0,0,0,0,0,0
0.36633663366336644,0.36673346693386777,0.01814516129032258,0.5076923076923077,0.4358974358974359,0,0,0,0,0,0,0,0,0,0,1,0,0,0,0,1,0,0,0,0,0,0,0,1,0,0,0,0,0,0,0,0,0,0,0,0,0,0,0,0,0,1,0,0,0,0,0,0,0,0,1,0,1,0,0,0,1,0,0,0,0,0,0,1,0,0,0,0,0,1,0,0,0,False,False,False,True,False,True,False,False,False,True,False,False,False,False,True,False,False,1,0,0,1,1,0,0,0,0,0,0,1,0
0.4900990099009903,0.3647294589178357,0.012096774193548387,0.5230769230769231,0.3076923076923077,1,0,0,0,0,0,0,0,0,0,1,0,1,0,0,0,0,0,1,0,0,0,0,0,0,0,0,0,0,0,0,0,0,0,0,0,0,0,0,0,0,1,0,0,0,0,0,0,0,0,0,0,0,0,1,0,0,0,0,0,0,0,0,0,0,0,0,0,0,1,0,0,0,False,False,False,True,False,True,False,False,False,True,False,False,False,False,False,True,False,0,1,0,0,1,0,0,0,0,0,0,0,0
0.41584158415841577,0.36272545090180364,0.016129032258064516,0.4461538461538461,0.3846153846153846,0,0,0,0,0,0,0,0,0,0,1,0,0,0,0,0,0,0,0,0,0,0,0,0,0,0,0,0,0,0,0,0,0,0,0,0,0,0,0,0,0,0,0,1,0,0,0,0,0,0,0,0,0,0,0,0,0,0,0,0,0,0,0,0,0,0,0,0,0,0,0,0,0,False,False,False,True,False,True,False,False,False,True,False,False,False,False,True,False,False,1,0,0,0,0,0,0,0,0,0,0,1,0
0.6138613861386142,0.36072144288577157,0.044354838709677415,0.3897435897435897,0.4615384615384615,1,0,1,0,0,0,0,0,0,0,0,0,0,0,0,0,0,0,1,0,0,1,0,0,0,0,0,0,0,0,0,0,0,0,0,0,0,0,0,0,0,0,0,0,0,0,0,0,0,0,0,0,0,0,0,0,1,0,0,0,0,0,0,0,0,0,0,0,0,0,0,0,0,False,False,False,True,False,False,True,False,False,False,True,False,False,False,True,False,False,0,0,1,0,1,0,1,0,0,0,0,0,0
0.7326732673267331,0.3587174348697395,0.016129032258064516,0.49743589743589745,0.05128205128205128,0,0,1,0,0,0,0,0,0,0,0,0,0,0,1,1,0,0,1,0,0,0,0,0,0,0,0,0,1,0,0,0,0,0,0,0,0,0,0,0,0,0,0,0,0,0,0,0,1,0,0,0,0,0,0,0,0,0,0,0,0,0,0,0,0,0,0,0,0,0,0,0,0,False,False,False,True,False,False,True,False,False,True,False,False,False,False,False,False,True,0,0,1,0,0,1,1,1,1,0,0,0,1
0.7103960396039606,0.35671342685370744,0.01814516129032258,0.805128205128205,0.3333333333333333,0,0,0,0,0,0,0,0,0,0,1,0,0,0,0,0,0,0,0,0,0,0,0,0,0,0,0,0,0,0,0,0,0,0,0,0,0,0,0,0,0,1,0,0,0,0,0,0,0,0,1,0,0,0,0,1,0,0,0,0,0,0,0,1,0,0,0,0,0,0,0,0,0,False,False,False,True,False,False,True,False,False,True,False,False,False,False,False,True,False,1,0,0,0,1,0,0,0,0,0,0,0,0
0.8688118811881191,0.35470941883767537,0.044354838709677415,0.2666666666666666,0.3076923076923077,0,0,0,0,0,0,0,0,0,0,1,0,0,0,0,0,0,0,0,0,0,0,0,0,0,0,0,0,0,0,0,0,0,0,0,0,0,0,0,0,1,0,0,0,0,0,0,0,0,0,1,0,0,0,0,0,0,0,0,0,0,0,0,1,0,0,0,0,0,1,0,0,0,False,False,False,True,False,False,False,True,False,False,True,False,False,False,False,True,False,0,0,0,0,1,0,0,0,0,0,0,0,0
0.5495049504950495,0.3527054108216433,0.016129032258064516,0.46153846153846156,0.2564102564102564,0,0,0,0,0,0,0,0,0,0,1,0,0,0,0,1,0,0,0,0,0,0,0,1,0,0,0,0,0,0,0,0,0,0,0,0,0,0,0,0,0,0,0,1,0,0,0,0,0,0,1,0,1,0,0,0,0,0,0,0,0,0,0,0,0,0,0,0,0,0,0,0,0,False,False,False,True,False,True,False,False,False,True,False,False,False,False,False,True,False,0,0,0,0,0,0,0,0,0,0,0,0,0
0.76980198019802,0.35070140280561124,0.016129032258064516,0.4871794871794871,0.28205128205128205,0,0,0,0,0,0,0,0,1,0,0,0,0,0,0,0,0,0,0,0,0,0,0,0,0,0,0,0,0,1,0,0,0,0,0,0,0,0,0,0,0,0,0,0,0,0,0,0,0,0,0,0,0,0,0,0,0,0,1,0,0,0,0,0,0,0,0,0,0,0,0,1,0,False,False,False,True,False,False,True,False,False,True,False,False,False,False,False,True,False,1,0,1,0,0,0,0,0,0,0,0,0,1
0.6955445544554459,0.3486973947895792,0.008064516129032258,0.45128205128205123,0.02564102564102564,1,0,0,0,0,0,0,0,0,0,0,0,0,0,0,0,0,0,0,0,0,0,0,0,0,1,0,0,0,0,0,0,0,0,0,0,0,0,0,0,0,0,0,0,0,0,0,0,0,0,0,0,0,0,0,0,1,0,0,0,0,0,0,1,0,0,0,0,0,0,0,0,0,False,False,False,True,False,False,True,False,False,True,False,False,False,False,False,False,True,0,0,1,0,1,0,0,1,0,0,0,0,0
0.7821782178217822,0.3466933867735471,0.04032258064516129,0.03589743589743588,0.1794871794871795,0,0,0,0,0,0,0,0,0,0,1,0,0,0,0,0,0,0,0,1,0,0,0,0,0,0,0,0,0,0,0,0,0,0,0,0,0,0,0,0,0,0,0,0,0,0,0,0,0,0,0,0,1,0,0,0,1,0,0,0,0,0,1,0,0,0,0,0,0,0,0,0,0,False,False,False,True,False,False,True,False,False,False,True,False,False,False,False,True,False,0,0,0,0,0,0,0,0,0,0,0,0,0
0.06435643564356441,0.34468937875751504,0.016129032258064516,0.482051282051282,0.4615384615384615,0,0,0,0,0,0,0,0,0,0,0,0,0,0,1,0,0,0,0,0,0,0,0,1,0,0,0,0,0,0,0,0,0,0,0,0,0,0,0,0,0,0,0,0,0,0,0,0,0,0,1,0,1,0,0,0,0,0,0,0,0,0,0,0,0,0,0,0,0,0,0,0,0,False,False,False,True,True,False,False,False,False,True,False,False,False,False,True,False,False,1,0,0,1,0,0,0,0,0,0,0,0,0
0.6559405940594061,0.342685370741483,0.038306451612903226,0.4871794871794871,0.48717948717948717,0,1,0,0,0,0,0,0,0,0,0,0,0,0,0,0,0,0,0,0,0,0,0,0,0,0,0,0,0,0,0,0,0,0,0,0,0,0,0,0,1,0,0,0,0,0,1,0,0,0,0,0,0,1,0,0,0,0,0,0,0,0,0,0,0,1,0,0,0,0,0,0,0,False,False,False,True,False,False,True,False,False,False,True,False,False,False,True,False,False,0,0,1,0,1,1,0,0,0,1,0,0,0
0.6311881188118813,0.33867735470941884,0.04233870967741935,0.7230769230769231,0.20512820512820512,0,0,1,0,0,0,0,0,0,0,1,0,0,0,0,0,0,0,1,0,0,0,0,0,0,0,0,0,0,0,0,0,0,0,0,0,0,0,0,0,0,0,0,0,0,0,0,0,0,0,0,0,1,0,0,0,0,0,0,0,0,0,0,0,0,0,0,0,0,0,0,0,0,False,False,False,True,False,False,True,False,False,False,True,False,False,False,False,True,False,1,1,0,0,0,0,0,0,0,0,0,0,0
0.3836633663366338,0.3366733466933868,0.016129032258064516,0.6512820512820513,0.2564102564102564,1,0,0,0,0,0,0,0,0,0,1,0,0,0,0,1,0,0,1,0,0,0,0,1,0,0,0,0,0,0,0,0,0,0,0,0,0,0,0,0,0,0,0,0,0,0,0,0,0,0,1,0,1,0,0,0,0,0,0,0,0,0,0,0,0,0,0,0,1,0,0,0,0,False,False,False,True,False,True,False,False,False,True,False,False,False,False,False,True,False,1,1,0,0,0,0,0,0,0,0,0,0,0
0.4925742574257428,0.3346693386773548,0.016129032258064516,0.4307692307692308,0.20512820512820512,0,0,0,0,0,0,0,0,0,0,1,0,0,0,0,0,0,0,0,0,0,0,0,0,0,0,0,0,0,0,0,0,0,0,0,0,0,0,0,0,0,0,0,1,0,0,0,0,0,0,0,0,0,0,0,0,0,0,0,0,0,0,0,0,0,0,0,0,0,0,0,0,1,False,False,False,True,False,True,False,False,False,True,False,False,False,False,False,True,False,0,0,0,1,0,0,0,0,0,0,0,0,0
0.7301980198019804,0.33266533066132276,0.016129032258064516,0.4717948717948718,0.15384615384615385,1,1,0,0,0,0,0,0,0,0,0,0,0,1,0,0,0,0,0,0,0,0,0,0,0,0,0,0,0,0,0,0,0,0,0,0,0,0,0,0,1,0,1,0,0,0,0,0,0,0,0,0,0,0,1,0,0,0,0,0,0,0,1,0,0,0,0,0,0,0,0,0,0,False,False,False,True,False,False,True,False,False,True,False,False,False,False,False,True,False,0,0,1,0,0,0,0,0,0,1,0,0,0
0.5445544554455448,0.3306613226452907,0.01814516129032258,0.6051282051282051,0.28205128205128205,0,0,0,0,0,0,0,0,0,0,1,0,0,0,0,0,0,0,0,0,0,0,0,0,0,0,0,0,0,0,0,0,0,0,0,0,0,0,0,0,0,0,0,0,0,0,0,0,0,0,0,0,0,0,0,0,0,0,0,0,0,0,0,1,0,0,0,0,0,0,0,0,1,False,False,False,True,False,True,False,False,False,True,False,False,False,False,False,True,False,1,1,0,0,0,0,0,0,0,0,0,0,0
0.5891089108910892,0.3286573146292586,0.014112903225806453,0.7846153846153846,0.20512820512820512,1,0,0,0,0,0,0,0,0,0,0,0,0,0,1,0,0,0,0,0,0,1,0,0,0,0,0,0,0,0,0,0,0,0,0,0,0,0,0,0,0,0,0,0,0,0,1,0,0,0,0,0,0,1,1,0,0,0,0,0,0,0,0,0,0,1,0,0,0,0,0,0,0,False,False,False,True,False,False,True,False,False,True,False,False,False,False,False,True,False,0,0,0,0,0,1,0,0,0,0,0,0,0
0.36633663366336644,0.32665330661322656,0.016129032258064516,0.41025641025641024,0.20512820512820512,0,0,0,0,0,0,0,0,0,0,1,0,0,0,0,0,0,0,0,0,0,0,0,0,0,0,0,0,0,0,0,0,1,0,0,0,0,0,0,0,0,0,0,1,0,0,0,0,0,0,1,0,1,0,0,0,0,0,0,0,0,0,0,0,0,0,0,0,0,0,1,0,0,False,False,False,True,False,True,False,False,False,True,False,False,False,False,False,True,False,1,0,1,0,0,0,0,0,0,0,0,0,0
0.43069306930693085,0.3246492985971945,0.016129032258064516,0.3384615384615385,0.3076923076923077,0,0,0,0,0,0,0,0,0,0,1,0,0,0,0,0,0,0,0,0,0,0,0,0,0,0,0,0,0,0,0,0,0,0,0,0,0,0,0,0,0,0,0,1,0,0,0,0,0,0,0,0,1,0,0,0,0,0,0,0,0,0,0,0,0,0,0,0,0,0,0,0,0,False,False,False,True,False,True,False,False,False,True,False,False,False,False,False,True,False,1,0,1,0,0,0,0,0,1,0,0,0,0
0.5693069306930694,0.3226452905811624,0.01814516129032258,0.2205128205128205,0.1794871794871795,0,0,0,1,0,0,0,0,0,0,1,0,0,0,0,0,1,0,0,0,0,0,0,0,0,0,0,0,0,0,0,0,0,0,0,0,0,1,0,0,0,0,0,0,0,0,0,0,0,0,0,0,0,0,0,0,1,0,0,0,0,0,0,0,0,0,0,0,0,0,0,0,0,False,False,False,True,False,False,True,False,False,True,False,False,False,False,False,True,False,0,0,0,0,0,0,0,1,0,0,0,0,0
0.5297029702970297,0.32064128256513036,0.01814516129032258,0.6615384615384615,0.3333333333333333,0,0,0,0,0,0,0,0,0,0,0,0,0,0,1,0,0,0,0,0,0,0,0,0,0,0,0,0,0,0,0,0,0,0,0,0,0,0,0,0,0,0,0,0,0,0,0,0,0,0,1,0,1,0,0,1,0,0,0,0,0,0,0,0,0,0,0,0,0,0,0,0,0,False,False,False,True,False,True,False,False,False,True,False,False,False,False,False,True,False,1,0,1,0,0,0,0,0,0,0,0,0,0
0.5346534653465349,0.3166332665330662,0.014112903225806453,0.45641025641025634,0.28205128205128205,1,1,0,0,0,0,0,0,0,0,0,0,0,1,0,0,0,0,0,0,0,0,0,0,0,0,0,0,0,0,0,0,0,0,0,0,0,0,0,0,1,0,0,0,0,0,1,0,0,0,0,0,0,1,0,0,0,0,0,0,0,0,0,0,0,1,0,0,0,0,0,0,0,False,False,False,True,False,True,False,False,False,True,False,False,False,False,False,True,False,0,0,0,0,0,0,0,0,0,1,0,0,1
0.6188118811881189,0.31462925851703416,0.04032258064516129,0.09230769230769231,0.4615384615384615,0,0,0,0,0,0,0,1,0,0,1,0,0,0,0,0,0,0,0,1,0,0,0,0,0,0,0,0,0,0,0,0,0,0,0,0,0,0,0,0,0,0,0,1,0,0,0,0,0,0,0,0,1,0,0,0,0,0,0,0,0,0,0,0,0,0,0,0,0,0,0,0,0,False,False,False,True,False,False,True,False,False,False,True,False,False,False,True,False,False,1,0,0,0,0,0,0,0,0,0,0,1,0
0.8366336633663372,0.3126252505010021,0.01814516129032258,0.29230769230769227,0.0,1,1,1,0,0,0,0,0,0,0,0,0,0,0,0,0,0,0,1,0,0,0,0,0,0,0,0,0,0,0,0,0,0,0,0,0,0,0,0,0,0,0,0,0,0,0,0,0,0,0,0,0,0,0,0,0,0,0,0,0,0,0,0,0,0,0,0,0,1,0,0,0,0,False,False,False,True,False,False,False,True,False,True,False,False,False,False,False,False,True,0,0,1,0,1,0,0,0,0,0,0,0,0
0.5495049504950495,0.31062124248497003,0.016129032258064516,0.45128205128205123,0.15384615384615385,1,0,1,0,0,0,0,0,0,0,1,0,0,0,0,0,0,0,1,0,0,0,0,0,0,0,0,0,1,0,0,0,0,0,0,0,0,0,0,0,0,0,0,0,1,0,0,0,0,0,0,0,0,0,0,0,0,0,0,0,0,0,0,0,0,0,0,0,0,0,0,0,0,False,False,False,True,False,True,False,False,False,True,False,False,False,False,False,True,False,0,0,0,0,0,0,0,1,0,0,0,0,0
0.9405940594059412,0.30861723446893796,0.09475806451612903,0.6102564102564102,0.2564102564102564,1,0,0,0,0,0,0,0,0,0,1,0,0,0,0,0,0,0,0,1,0,0,0,0,0,1,0,0,0,0,0,0,0,0,0,0,0,0,0,0,0,0,0,0,1,0,0,0,0,0,0,1,0,1,0,0,1,0,0,0,0,0,0,0,0,0,0,0,0,0,0,0,0,False,False,False,True,False,False,False,True,False,False,False,True,False,False,False,True,False,0,0,1,0,0,1,1,1,0,0,0,1,0
0.4777227722772277,0.3066132264529059,0.012096774193548387,0.1076923076923077,0.28205128205128205,1,0,0,0,0,0,0,0,0,0,0,0,0,0,0,0,0,0,1,0,0,0,0,1,0,0,0,0,0,0,0,0,0,0,0,0,0,0,0,0,0,0,0,0,0,0,0,0,0,0,1,0,1,1,0,0,0,0,0,0,0,0,0,0,0,0,0,0,1,0,0,0,0,False,False,False,True,False,True,False,False,False,True,False,False,False,False,False,True,False,0,0,0,0,1,0,0,0,0,0,0,0,0
0.4232673267326734,0.30460921843687383,0.044354838709677415,0.4871794871794871,0.4358974358974359,0,0,0,0,0,0,0,0,0,0,1,0,0,0,0,1,0,0,0,0,0,0,0,1,0,0,0,0,0,0,0,0,0,0,0,0,0,0,0,0,0,0,0,0,0,0,0,0,0,0,1,0,1,1,0,0,1,0,0,0,0,0,0,0,0,0,0,0,0,0,0,0,0,False,False,False,True,False,True,False,False,False,False,True,False,False,False,True,False,False,0,0,0,1,0,1,0,0,0,0,0,1,0
0.5594059405940595,0.30260521042084176,0.014112903225806453,0.5025641025641026,0.1282051282051282,1,0,1,0,0,0,0,0,0,0,0,0,0,0,0,0,0,0,1,0,0,0,0,0,0,0,0,0,0,0,0,0,0,0,0,0,0,0,0,0,0,0,0,0,0,0,0,0,0,0,0,0,0,0,0,0,0,0,0,0,0,0,0,0,0,0,0,0,0,0,1,0,0,False,False,False,True,False,False,True,False,False,True,False,False,False,False,False,True,False,0,1,1,0,0,0,1,0,0,0,0,0,0
0.6361386138613863,0.3006012024048097,0.016129032258064516,0.41025641025641024,0.1282051282051282,0,0,0,0,0,0,0,0,0,0,0,0,0,0,0,0,0,0,0,0,0,0,0,0,0,0,0,0,0,0,0,0,0,0,0,0,0,0,0,0,0,0,0,0,0,0,0,0,0,0,0,0,1,0,0,0,1,0,0,0,0,0,0,1,0,0,0,0,0,0,0,0,0,False,False,False,True,False,False,True,False,False,True,False,False,False,False,False,True,False,1,0,0,1,1,0,0,0,0,0,0,0,0
0.8737623762376237,0.29859719438877763,0.1431451612903226,0.6769230769230768,0.641025641025641,0,0,0,0,0,0,0,0,0,1,0,0,0,0,0,0,0,0,0,0,0,0,0,0,0,0,0,0,0,0,0,0,0,0,0,0,0,0,0,0,0,0,0,0,0,0,0,0,0,0,0,0,0,0,0,0,1,0,0,0,1,0,0,0,0,0,0,0,0,0,0,0,0,False,False,False,True,False,False,False,True,False,False,False,False,True,True,False,False,False,1,0,0,0,1,0,0,1,0,0,0,0,0
0.5346534653465349,0.29659318637274557,0.5483870967741935,0.6461538461538462,0.717948717948718,1,0,1,0,0,0,0,0,0,0,1,0,0,0,0,0,0,0,1,0,0,0,0,0,0,0,0,0,0,0,0,1,0,0,0,0,0,0,0,0,0,0,0,0,0,0,0,0,0,0,0,0,0,0,0,0,0,0,0,0,0,0,0,0,0,0,0,0,0,0,0,0,0,False,False,False,True,False,True,False,False,False,False,False,False,True,True,False,False,False,0,0,1,0,0,0,0,1,0,0,0,0,0
0.33415841584158423,0.2945891783567135,0.016129032258064516,0.4307692307692308,0.358974358974359,1,0,0,0,0,0,0,0,0,0,1,0,0,0,0,1,0,0,0,0,0,0,0,1,0,0,0,0,0,0,0,0,0,0,0,0,0,0,0,0,0,0,0,0,0,0,0,0,0,0,1,0,1,1,0,0,0,0,0,0,0,0,0,0,0,0,0,0,0,0,0,0,0,False,False,False,True,False,True,False,False,False,True,False,False,False,False,False,True,False,1,0,1,0,0,0,1,1,1,0,0,0,0
0.7425742574257426,0.29258517034068143,0.016129032258064516,0.7897435897435897,0.02564102564102564,1,1,0,0,0,0,0,0,0,0,0,0,0,0,0,0,0,0,1,0,0,0,0,0,0,0,0,0,0,0,0,0,0,0,0,0,0,0,1,0,0,0,0,0,0,0,0,0,0,0,0,0,0,1,0,0,1,0,0,0,0,0,0,0,0,0,0,0,1,0,0,0,0,False,False,False,True,False,False,True,False,False,True,False,False,False,False,False,False,True,0,0,1,0,1,0,0,0,0,0,0,0,0
0.31188118811881194,0.29058116232464937,0.12096774193548387,0.3076923076923077,0.7435897435897436,1,0,1,0,0,0,0,0,0,0,1,0,0,0,0,0,0,0,1,0,0,0,0,0,0,0,0,0,0,0,0,0,0,0,0,1,0,0,0,0,0,0,0,0,0,0,0,0,0,0,0,0,0,0,0,0,1,0,0,0,0,0,0,0,0,0,0,0,0,0,0,0,0,False,False,False,True,False,True,False,False,False,False,False,False,True,True,False,False,False,0,0,0,0,0,0,1,0,0,0,0,0,0
0.49504950495049527,0.2885771543086173,0.016129032258064516,0.6615384615384615,0.2564102564102564,1,0,0,0,0,0,0,0,0,0,0,0,0,0,0,0,0,0,1,0,0,0,0,0,0,0,0,0,0,0,0,0,0,0,0,0,0,0,0,0,1,0,0,0,0,0,0,0,0,0,0,0,0,0,0,0,0,0,0,0,0,0,0,0,0,0,0,0,0,0,0,0,0,False,False,False,True,False,True,False,False,False,True,False,False,False,False,False,True,False,0,0,0,0,1,0,0,0,0,0,0,0,0
0.4356435643564358,0.28657314629258523,0.04032258064516129,0.33333333333333326,0.3076923076923077,1,0,0,0,0,0,0,0,0,0,0,0,0,0,0,1,0,0,1,0,0,0,0,1,0,0,0,0,0,0,0,0,0,0,0,0,0,0,0,0,0,0,0,0,0,0,0,0,0,0,0,0,1,0,0,0,0,0,0,0,0,0,0,0,0,0,0,0,1,1,0,0,0,False,False,False,True,False,True,False,False,False,False,True,False,False,False,False,True,False,1,0,0,0,1,0,1,0,0,0,0,0,0
0.9257425742574259,0.28456913827655317,0.01814516129032258,0.45128205128205123,0.07692307692307693,1,0,1,0,0,0,0,0,0,0,0,0,0,0,0,0,0,0,0,0,0,0,0,0,0,0,0,0,0,0,0,0,0,0,0,0,0,0,0,0,0,0,0,0,0,0,0,0,0,0,0,0,0,0,0,0,1,0,0,0,0,0,0,1,0,0,0,0,0,0,0,0,0,False,False,False,True,False,False,False,True,False,True,False,False,False,False,False,False,True,1,0,1,0,1,0,1,0,0,0,0,0,0
0.5470297029702971,0.2825651302605211,0.016129032258064516,0.06153846153846154,0.1282051282051282,1,0,1,0,0,0,0,0,0,0,0,0,0,0,0,0,0,0,1,0,0,0,0,0,0,0,0,0,0,0,0,0,0,0,0,0,0,0,0,0,0,0,0,0,0,0,0,0,0,0,0,0,0,0,0,0,0,0,0,0,0,0,0,0,0,0,0,0,0,0,0,0,0,False,False,False,True,False,True,False,False,False,True,False,False,False,False,False,True,False,0,0,0,0,0,0,0,0,0,0,0,0,0
0.4356435643564358,0.28056112224448904,0.016129032258064516,0.7948717948717948,0.1794871794871795,1,0,0,0,0,0,0,0,0,0,0,0,0,0,0,0,0,0,0,0,0,0,0,0,0,0,0,0,0,0,0,0,0,0,0,0,0,0,1,0,0,0,0,0,0,0,0,0,0,0,0,0,0,0,0,0,0,0,0,0,0,0,0,0,0,0,0,0,0,0,1,0,0,False,False,False,True,False,True,False,False,False,True,False,False,False,False,False,True,False,1,0,0,0,0,0,0,1,0,0,1,0,0
0.556930693069307,0.27855711422845697,0.01814516129032258,0.7897435897435897,0.3846153846153846,0,0,0,0,0,0,0,0,0,0,1,0,0,0,0,0,0,0,0,0,0,0,0,0,0,0,0,0,0,0,0,0,1,0,0,0,0,0,0,0,0,0,0,0,0,0,0,0,0,0,1,0,1,0,0,0,0,0,0,0,0,0,0,0,0,0,0,0,0,0,0,0,0,False,False,False,True,False,True,False,False,False,True,False,False,False,False,True,False,False,1,0,0,0,0,0,0,0,0,0,0,0,0
0.4975247524752475,0.2765531062124249,0.01814516129032258,0.5641025641025641,0.10256410256410256,0,0,0,0,0,0,0,0,0,0,0,0,0,0,1,0,0,0,0,0,0,0,0,0,0,0,0,0,0,0,0,0,0,0,0,0,0,0,0,0,0,0,0,0,0,0,0,0,0,0,1,0,0,0,0,0,0,0,0,0,0,0,0,0,0,0,0,0,0,0,0,0,0,False,False,False,True,False,True,False,False,False,True,False,False,False,False,False,False,True,1,0,1,0,0,0,0,0,0,0,0,0,0
0.6138613861386142,0.27454909819639284,0.016129032258064516,0.15897435897435896,0.15384615384615385,0,0,0,0,0,0,0,0,0,0,0,0,0,0,0,1,0,0,0,0,0,0,1,0,0,0,0,0,0,0,0,0,0,0,0,0,0,0,0,0,0,0,0,0,0,0,0,0,0,0,0,0,1,0,0,0,1,0,0,0,0,0,0,0,0,0,0,0,0,0,0,0,0,False,False,False,True,False,False,True,False,False,True,False,False,False,False,False,True,False,1,0,0,0,0,1,0,0,0,0,0,0,0
0.5915841584158417,0.27254509018036077,0.016129032258064516,0.5179487179487179,0.3846153846153846,0,0,0,0,0,0,0,0,0,0,1,0,0,0,0,0,0,0,0,0,0,0,0,1,0,0,0,0,0,0,0,0,0,0,0,0,0,0,0,0,0,0,0,1,0,0,0,0,0,0,1,0,0,0,0,0,1,0,0,0,0,0,0,1,0,0,0,0,0,0,0,0,0,False,False,False,True,False,False,True,False,False,True,False,False,False,False,True,False,False,0,0,0,0,1,0,1,0,0,0,0,0,0
0.5,0.26853707414829664,0.016129032258064516,0.6871794871794871,0.3333333333333333,0,0,0,0,0,0,0,0,0,0,1,0,0,0,0,1,0,0,0,0,0,0,0,0,0,0,1,0,0,0,0,0,1,0,0,0,0,0,0,0,0,0,0,0,0,0,0,0,0,0,1,0,0,0,0,0,1,0,0,0,0,0,0,1,0,0,0,0,0,0,0,0,0,False,False,False,True,False,True,False,False,False,True,False,False,False,False,False,True,False,0,0,1,0,0,0,0,0,0,0,0,0,0
0.5123762376237626,0.2665330661322646,0.016129032258064516,0.49743589743589745,0.358974358974359,1,0,0,0,0,0,0,0,0,0,1,0,0,0,0,1,0,0,0,0,0,0,0,1,0,0,0,0,0,0,0,0,0,0,0,0,0,0,0,0,0,0,0,0,0,0,0,0,0,0,0,0,0,0,0,0,0,0,0,0,0,0,0,1,0,0,0,0,0,1,0,0,0,False,False,False,True,False,True,False,False,False,True,False,False,False,False,False,True,False,1,1,0,1,1,0,0,0,0,1,1,0,0
0.7227722772277227,0.2645290581162325,0.04233870967741935,0.46153846153846156,0.3846153846153846,0,0,0,0,0,0,0,0,0,0,1,0,0,0,1,0,0,0,0,0,0,0,0,0,0,0,0,0,0,0,0,0,0,0,0,0,0,0,0,0,0,0,0,1,0,0,0,0,0,0,1,0,0,0,0,0,1,0,0,0,0,0,0,0,0,0,0,0,0,0,0,0,0,False,False,False,True,False,False,True,False,False,False,True,False,False,False,True,False,False,1,0,0,0,0,0,0,0,0,0,0,1,0
0.5445544554455448,0.26252505010020044,0.01814516129032258,0.4461538461538461,0.28205128205128205,0,0,0,0,0,0,0,0,0,0,0,0,0,0,1,0,0,0,0,0,0,0,0,1,0,0,0,0,0,0,0,0,0,0,0,0,0,0,0,0,0,0,0,0,0,0,1,0,0,0,1,0,1,0,0,0,0,0,0,0,0,0,0,0,0,1,0,0,0,0,0,0,0,False,False,False,True,False,True,False,False,False,True,False,False,False,False,False,True,False,1,0,0,0,0,0,0,0,1,0,0,0,1
0.6113861386138615,0.2605210420841684,0.016129032258064516,0.5025641025641026,0.05128205128205128,0,1,0,0,0,0,0,0,0,0,1,0,0,0,0,0,0,0,0,0,0,0,0,0,0,0,0,0,0,0,0,0,0,0,0,0,0,0,0,0,0,0,0,0,0,0,0,0,0,0,0,0,0,0,1,0,0,0,0,0,0,0,0,0,1,1,0,0,0,0,0,0,0,False,False,False,True,False,False,True,False,False,True,False,False,False,False,False,False,True,0,0,0,0,0,0,0,0,0,0,0,0,1
0.7970297029702975,0.2585170340681363,0.04233870967741935,0.3846153846153846,0.07692307692307693,0,0,0,0,0,0,0,0,0,0,0,0,0,0,0,0,0,0,0,0,0,0,0,0,0,0,0,0,0,0,0,0,0,0,0,0,0,0,0,0,1,0,0,0,0,0,0,0,0,0,0,0,0,0,0,0,1,0,0,0,0,0,0,1,0,1,0,1,0,0,0,0,0,False,False,False,True,False,False,True,False,False,False,True,False,False,False,False,False,True,0,0,0,0,0,0,0,0,0,1,0,0,0
0.3366336633663367,0.25651302605210424,0.016129032258064516,0.6564102564102564,0.15384615384615385,1,0,0,0,0,0,0,0,0,0,1,0,0,0,0,0,0,0,1,0,0,0,0,0,0,0,0,0,1,0,0,0,0,0,0,0,0,0,0,0,0,0,0,0,0,0,0,0,1,0,1,0,0,0,0,0,0,0,0,0,0,0,0,0,0,0,0,0,0,0,0,0,0,False,False,False,True,False,True,False,False,False,True,False,False,False,False,False,True,False,1,1,1,0,0,0,1,0,1,0,0,0,0
0.5693069306930694,0.2525050100200401,0.04233870967741935,0.4717948717948718,0.28205128205128205,1,1,1,0,0,0,0,0,0,0,0,0,0,0,0,0,0,0,1,0,0,0,0,0,0,0,0,0,0,0,0,0,0,0,0,0,0,0,0,0,0,0,0,0,0,0,0,0,0,0,0,0,0,0,0,0,0,0,0,0,0,0,0,0,0,0,0,0,0,0,1,0,0,False,False,False,True,False,False,True,False,False,False,True,False,False,False,False,True,False,0,0,0,0,0,0,0,0,0,0,0,0,0
0.5940594059405944,0.25050100200400804,0.04032258064516129,0.46153846153846156,0.41025641025641024,1,0,0,0,0,0,0,0,0,0,0,0,0,0,0,0,0,0,1,0,0,0,0,0,0,0,0,0,0,0,0,0,0,0,0,0,0,0,0,0,0,0,0,0,0,0,0,0,0,0,0,0,0,1,0,0,0,0,0,0,0,0,1,0,0,0,0,0,1,0,0,0,0,False,False,False,True,False,False,True,False,False,False,True,False,False,False,True,False,False,1,0,0,0,0,0,0,0,0,1,0,0,0
0.608910891089109,0.24448897795591185,0.036290322580645164,0.27692307692307694,0.3846153846153846,0,0,0,0,0,0,0,0,0,0,0,0,0,0,0,0,0,0,0,0,0,1,0,0,0,0,1,0,0,0,0,0,0,0,0,0,0,0,0,0,1,0,0,0,0,0,1,0,0,0,0,0,0,0,0,0,1,0,0,0,0,0,0,1,0,1,0,0,0,1,0,0,0,False,False,False,True,False,False,True,False,False,False,True,False,False,False,True,False,False,0,0,1,0,0,0,0,1,0,1,0,0,0
0.6881188118811881,0.24248496993987978,0.04032258064516129,0.4358974358974359,0.4615384615384615,0,0,0,0,0,0,0,0,0,0,1,0,0,0,0,0,0,0,0,0,0,0,0,0,0,0,0,0,0,0,0,0,0,0,0,0,0,0,0,0,0,0,0,0,0,0,0,0,0,0,1,0,1,0,0,1,0,0,0,0,0,0,0,0,0,0,0,0,0,0,0,0,0,False,False,False,True,False,False,True,False,False,False,True,False,False,False,True,False,False,1,0,0,0,0,0,0,1,0,0,0,1,0
0.7871287128712872,0.2404809619238477,0.11693548387096775,0.32820512820512815,0.6666666666666666,1,0,1,0,0,0,0,0,0,0,0,0,0,0,0,0,0,0,1,0,0,0,0,0,0,0,0,0,0,0,0,0,0,0,0,0,0,0,0,0,0,0,0,0,0,0,0,0,0,0,0,0,0,0,0,0,1,0,0,0,0,0,0,0,0,0,0,0,0,0,0,0,0,False,False,False,True,False,False,True,False,False,False,False,False,True,True,False,False,False,0,0,0,0,0,0,1,0,0,0,0,0,0
0.665841584158416,0.23647294589178358,0.044354838709677415,0.5076923076923077,0.3076923076923077,0,0,0,0,0,0,0,0,0,0,0,0,0,0,1,0,0,0,1,0,0,0,0,0,0,0,0,0,0,0,0,0,1,0,0,0,0,0,0,0,0,0,0,0,0,0,0,0,0,0,1,0,0,0,0,0,0,0,0,0,0,0,0,0,0,0,0,0,1,0,0,0,0,False,False,False,True,False,False,True,False,False,False,True,False,False,False,False,True,False,1,1,0,0,0,0,0,0,0,0,0,0,0
0.2648514851485151,0.23446893787575152,0.016129032258064516,0.4307692307692308,0.10256410256410256,1,0,1,0,0,0,0,0,0,0,0,0,0,0,1,0,0,1,1,0,0,1,0,1,0,0,0,0,0,0,0,0,0,0,0,0,0,0,0,0,0,0,0,0,0,0,0,0,0,0,0,0,0,0,0,0,0,0,0,0,0,0,0,0,0,0,0,1,0,0,0,0,0,False,False,False,True,True,False,False,False,False,True,False,False,False,False,False,False,True,0,1,0,0,0,1,0,0,0,0,0,0,0
0.3935643564356437,0.23246492985971956,0.01814516129032258,0.4666666666666667,0.4358974358974359,0,0,0,0,0,0,0,0,0,0,0,0,0,0,1,0,0,0,0,0,0,0,0,0,0,0,0,0,0,0,0,0,1,0,0,0,0,0,0,0,1,0,0,0,0,0,0,0,0,0,1,0,1,0,0,1,0,0,0,0,0,0,0,1,0,0,0,0,0,1,0,0,0,False,False,False,True,False,True,False,False,False,True,False,False,False,False,True,False,False,1,1,1,0,1,0,0,0,0,0,0,0,0
0.5990099009900991,0.2304609218436875,0.016129032258064516,0.1076923076923077,0.1794871794871795,0,0,0,0,0,0,0,0,0,0,1,0,0,0,0,0,0,0,0,0,0,0,0,0,0,0,0,0,0,0,0,0,0,1,0,0,0,0,0,0,0,0,0,0,0,0,0,0,0,0,1,0,1,0,0,0,1,0,0,0,0,0,0,0,0,0,0,0,0,0,0,0,0,False,False,False,True,False,False,True,False,False,True,False,False,False,False,False,True,False,0,0,0,0,0,0,0,0,0,0,0,0,0
0.6955445544554459,0.22845691382765543,0.016129032258064516,0.4717948717948718,0.05128205128205128,1,0,0,0,0,0,0,0,1,0,1,0,0,0,0,0,0,0,0,0,0,0,0,0,0,0,0,0,0,0,0,0,0,0,0,0,0,0,0,0,0,0,0,0,0,0,0,0,0,0,0,0,0,0,0,0,1,0,0,0,0,0,1,0,0,0,0,0,0,0,0,0,0,False,False,False,True,False,False,True,False,False,True,False,False,False,False,False,False,True,1,0,1,0,0,0,0,0,0,0,0,0,1
0.6410891089108912,0.22645290581162336,0.11290322580645162,0.441025641025641,0.358974358974359,1,0,0,0,0,0,0,0,1,0,1,0,1,0,0,0,0,0,0,0,0,0,0,0,0,0,0,0,0,0,0,0,0,0,0,0,0,0,0,0,0,1,0,0,0,0,0,0,0,0,0,0,1,0,0,0,1,0,0,0,0,0,0,1,0,0,0,0,0,0,0,0,0,False,False,False,True,False,False,True,False,False,False,False,False,True,False,False,True,False,1,0,0,0,1,1,0,0,0,0,0,0,0
0.7524752475247525,0.2244488977955913,0.014112903225806453,0.5179487179487179,0.15384615384615385,0,0,0,0,0,0,1,0,0,0,0,0,0,0,1,0,0,0,0,0,0,0,0,0,0,0,0,0,0,0,0,0,0,0,0,0,0,0,0,1,0,0,0,0,0,0,0,0,0,0,0,0,1,0,0,0,0,0,0,0,0,0,0,0,0,0,0,0,0,0,0,0,0,False,False,False,True,False,False,True,False,False,True,False,False,False,False,False,True,False,1,0,0,0,0,0,0,0,1,0,0,0,0
0.6534653465346536,0.22244488977955923,0.04032258064516129,0.5384615384615384,0.3333333333333333,1,0,0,0,0,0,0,0,0,0,0,0,0,0,1,0,0,0,1,0,0,0,0,0,0,0,0,0,0,0,0,0,0,0,0,0,0,0,0,0,1,0,0,0,0,0,1,0,0,0,0,0,0,0,0,0,1,0,0,0,0,0,0,0,0,0,0,0,1,0,0,0,0,False,False,False,True,False,False,True,False,False,False,True,False,False,False,False,True,False,0,1,0,0,0,0,0,0,0,1,1,0,0
0.5272277227722773,0.22044088176352716,0.01814516129032258,0.5692307692307692,0.23076923076923075,1,0,0,0,0,0,0,0,0,0,0,0,0,0,0,0,0,0,0,0,0,1,0,0,0,0,1,0,0,0,0,0,0,0,0,0,0,0,0,0,1,0,0,0,0,0,0,0,0,0,0,0,0,0,1,0,0,0,0,0,0,0,0,1,0,0,0,0,0,0,0,0,0,False,False,False,True,False,True,False,False,False,True,False,False,False,False,False,True,False,1,0,0,0,0,0,0,0,0,0,0,0,0
0.5371287128712872,0.2184368737474951,0.016129032258064516,0.49230769230769234,0.2564102564102564,1,1,0,0,0,0,0,0,0,0,0,0,0,0,1,0,0,0,0,0,0,0,0,0,0,0,0,0,0,0,0,0,0,0,0,0,0,0,0,0,0,0,1,0,0,0,0,0,0,0,0,0,0,0,1,0,0,0,0,0,0,0,0,0,0,0,0,0,0,0,0,0,0,False,False,False,True,False,True,False,False,False,True,False,False,False,False,False,True,False,0,0,1,0,0,0,0,0,0,0,0,0,0
0.6806930693069309,0.21643286573146303,0.016129032258064516,0.36410256410256403,0.10256410256410256,0,0,0,0,0,0,0,0,0,0,0,0,0,0,0,0,0,0,0,0,0,0,0,0,0,0,0,0,0,0,0,0,0,0,0,0,0,0,0,0,0,0,0,0,0,0,0,1,0,0,0,0,0,0,0,0,0,0,0,0,1,0,0,0,0,0,0,0,0,0,0,0,0,False,False,False,True,False,False,True,False,False,True,False,False,False,False,False,False,True,1,0,1,0,0,0,0,0,0,0,0,0,0
0.21287128712871306,0.2124248496993989,0.016129032258064516,0.27179487179487183,0.20512820512820512,0,0,1,0,0,0,0,0,0,0,1,0,0,0,0,0,0,0,1,0,0,0,0,1,0,0,0,0,1,0,0,0,0,0,0,0,0,0,0,0,0,0,0,0,0,0,0,0,0,0,1,0,0,0,0,0,0,0,0,0,0,0,0,0,0,0,0,0,0,0,0,0,0,False,False,False,True,True,False,False,False,False,True,False,False,False,False,False,True,False,0,1,0,1,0,0,0,0,0,0,0,0,0
0.5123762376237626,0.21042084168336683,0.016129032258064516,0.5333333333333333,0.10256410256410256,1,0,0,0,0,0,0,0,0,0,0,0,0,0,1,0,0,0,1,0,0,0,0,0,0,0,0,0,1,0,0,0,0,0,0,0,0,0,0,0,1,0,0,0,0,0,0,0,1,0,1,0,0,0,0,0,0,0,0,0,0,0,0,0,0,0,0,0,0,0,0,0,0,False,False,False,True,False,True,False,False,False,True,False,False,False,False,False,False,True,0,1,0,0,0,0,1,0,0,0,0,0,1
0.6905940594059405,0.20841683366733477,0.016129032258064516,0.6358974358974359,0.1282051282051282,1,0,0,0,0,0,0,0,0,0,1,0,0,0,0,0,0,0,1,0,0,1,0,0,0,0,1,0,0,0,0,0,0,0,0,0,0,0,0,0,0,0,0,0,0,0,0,0,0,0,0,0,0,0,1,0,0,0,0,0,0,0,0,0,0,0,0,0,0,0,0,0,0,False,False,False,True,False,False,True,False,False,True,False,False,False,False,False,True,False,0,1,0,0,0,0,1,0,0,1,1,0,0
0.6980198019801982,0.2064128256513027,0.01814516129032258,0.49230769230769234,0.07692307692307693,1,0,1,0,0,0,0,0,0,0,0,0,0,0,0,0,0,0,1,0,0,0,0,0,0,0,0,0,1,0,0,0,0,0,0,0,0,0,0,0,0,0,0,0,0,0,0,0,0,0,0,0,0,0,0,0,0,0,0,0,0,0,0,0,0,0,0,0,0,0,0,0,0,False,False,False,True,False,False,True,False,False,True,False,False,False,False,False,False,True,0,1,1,0,0,1,1,0,0,0,0,0,0
0.5346534653465349,0.20440881763527063,0.012096774193548387,0.37435897435897436,0.3076923076923077,1,0,0,0,0,0,0,0,0,0,1,0,0,0,0,0,0,0,1,0,0,0,0,0,0,0,0,0,1,0,0,0,0,0,0,0,0,0,0,0,0,1,0,0,0,0,0,0,0,0,0,0,0,0,0,0,0,0,0,0,0,0,0,0,0,0,0,0,0,0,0,0,0,False,False,False,True,False,True,False,False,False,True,False,False,False,False,False,True,False,0,0,0,0,1,0,0,0,0,0,0,0,0
0.6559405940594061,0.20240480961923857,0.016129032258064516,0.41538461538461535,0.10256410256410256,1,0,0,0,0,0,0,0,0,0,0,0,0,0,0,0,0,0,1,0,0,0,0,0,0,1,0,0,0,0,0,0,0,0,0,0,0,0,0,0,1,0,0,0,0,0,0,0,0,0,0,0,0,0,0,0,1,0,0,0,0,0,0,0,0,0,0,0,1,1,0,0,0,False,False,False,True,False,False,True,False,False,True,False,False,False,False,False,False,True,0,0,0,0,1,0,0,0,0,0,1,0,0
0.8589108910891092,0.2004008016032065,0.016129032258064516,0.5641025641025641,0.10256410256410256,0,0,0,0,0,0,0,0,0,0,0,0,0,0,1,0,0,0,0,0,0,0,0,0,0,0,0,0,0,0,0,0,0,0,0,0,1,0,1,0,0,0,0,0,0,0,0,0,0,0,0,0,0,1,0,0,0,0,0,0,0,0,0,0,0,0,0,0,0,0,0,0,0,False,False,False,True,False,False,False,True,False,True,False,False,False,False,False,False,True,0,0,1,0,0,0,0,1,0,0,0,0,0
0.6509900990099011,0.19839679358717444,0.016129032258064516,0.6512820512820513,0.23076923076923075,1,1,1,0,0,0,0,0,0,0,1,0,0,0,0,0,0,0,1,0,0,1,0,0,0,1,0,0,1,0,0,0,0,0,0,0,0,0,1,0,0,0,0,0,0,0,0,0,0,0,0,1,0,0,1,0,0,0,0,0,0,0,0,0,0,0,0,0,0,0,0,0,0,False,False,False,True,False,False,True,False,False,True,False,False,False,False,False,True,False,0,0,1,0,0,0,0,0,0,0,0,0,0
0.41831683168316847,0.1943887775551103,0.016129032258064516,0.41025641025641024,0.07692307692307693,0,0,0,0,0,0,0,0,0,0,1,0,0,0,0,0,0,0,0,0,0,0,0,0,0,0,0,0,0,0,0,0,0,0,0,0,0,0,0,0,0,0,0,0,0,0,0,0,0,0,1,0,1,0,0,0,0,0,0,0,0,0,0,0,0,0,0,0,0,0,0,0,0,False,False,False,True,False,True,False,False,False,True,False,False,False,False,False,False,True,1,0,0,1,0,0,0,0,1,0,0,0,1
0.48514851485148536,0.19238476953907824,0.014112903225806453,0.6512820512820513,0.1282051282051282,1,0,0,0,0,0,0,0,0,0,0,0,0,0,0,0,0,0,0,0,0,0,0,0,1,0,0,0,0,0,0,0,0,0,0,0,0,0,0,0,1,0,0,0,0,0,0,0,0,0,0,0,0,0,0,0,1,0,0,0,0,0,1,0,1,1,0,0,0,0,0,0,0,False,False,False,True,False,True,False,False,False,True,False,False,False,False,False,True,False,1,0,0,0,0,0,0,1,0,0,0,0,0
0.9331683168316831,0.19038076152304617,0.09475806451612903,0.4871794871794871,0.358974358974359,1,0,0,0,0,0,0,0,0,0,1,0,0,0,0,0,0,0,0,1,0,0,0,0,0,1,0,0,0,0,0,0,0,0,0,0,0,0,0,0,0,0,0,0,1,0,0,0,0,0,0,1,0,1,0,0,1,0,0,0,0,0,0,0,0,0,0,0,0,0,0,0,0,False,False,False,True,False,False,False,True,False,False,False,True,False,False,False,True,False,0,0,0,0,0,1,1,1,0,0,0,0,0
0.7326732673267331,0.1883767535070141,0.016129032258064516,0.45128205128205123,0.10256410256410256,0,0,0,0,0,0,0,0,0,0,0,0,0,0,0,0,0,0,0,0,0,0,0,0,0,0,0,0,0,0,0,0,0,0,0,0,0,0,0,0,0,0,0,0,0,0,0,0,0,0,0,0,0,0,0,0,0,0,1,0,0,0,0,1,0,0,0,0,0,0,0,0,0,False,False,False,True,False,False,True,False,False,True,False,False,False,False,False,False,True,1,0,0,0,0,0,1,0,0,0,0,0,0
0.3242574257425743,0.18637274549098204,0.016129032258064516,0.28205128205128205,0.3846153846153846,0,0,0,0,0,0,0,0,0,0,1,0,0,0,0,1,0,0,0,0,0,0,0,1,0,0,0,0,0,0,0,0,0,0,0,0,0,0,0,0,0,0,0,0,0,0,0,0,0,0,1,0,1,0,1,0,0,0,0,0,0,0,0,0,0,0,0,0,0,0,0,0,0,False,False,False,True,False,True,False,False,False,True,False,False,False,False,True,False,False,1,0,0,0,0,0,0,0,0,0,0,0,0
0.7326732673267331,0.18436873747494997,0.01814516129032258,0.2615384615384615,0.05128205128205128,0,0,1,0,0,0,0,0,0,0,0,0,0,0,0,0,0,0,0,0,0,0,0,0,0,0,0,0,0,0,0,0,0,0,0,0,0,0,0,0,1,0,0,0,0,0,0,0,0,0,0,0,0,1,1,0,0,0,0,0,0,0,0,0,0,0,0,0,0,0,0,0,0,False,False,False,True,False,False,True,False,False,True,False,False,False,False,False,False,True,0,0,0,0,0,0,0,0,0,0,0,0,0
0.46287128712871306,0.1823647294589179,0.016129032258064516,0.36410256410256403,0.3846153846153846,1,0,0,0,0,0,0,0,0,0,1,0,0,0,0,0,0,0,0,0,0,0,0,0,0,1,0,0,0,0,0,0,0,0,0,0,0,0,0,0,0,1,0,0,0,0,0,0,0,0,0,0,0,0,0,0,1,0,0,0,0,0,0,1,0,0,0,0,0,0,0,0,0,False,False,False,True,False,True,False,False,False,True,False,False,False,False,True,False,False,0,0,0,0,1,0,0,0,0,0,0,0,0
0.608910891089109,0.18036072144288584,0.016129032258064516,0.28205128205128205,0.23076923076923075,1,0,1,0,0,0,0,0,0,0,0,0,0,0,0,0,0,0,1,0,0,0,0,0,0,0,0,0,1,0,0,0,0,0,0,0,0,0,1,0,0,0,0,0,0,0,0,0,0,0,0,0,0,0,0,0,0,0,0,0,0,0,0,0,0,0,0,0,0,0,0,0,0,False,False,False,True,False,False,True,False,False,True,False,False,False,False,False,True,False,0,1,0,0,0,0,1,0,0,0,0,0,0
0.774752475247525,0.17835671342685377,0.01814516129032258,0.5641025641025641,0.10256410256410256,1,0,0,0,0,0,0,0,0,0,0,0,0,0,0,0,0,0,0,0,0,0,0,0,0,0,0,0,0,0,0,0,0,0,0,0,0,0,0,1,0,0,0,0,0,0,0,0,0,0,0,0,0,1,0,0,0,0,0,0,0,0,0,0,0,1,0,1,0,0,0,0,0,False,False,False,True,False,False,True,False,False,True,False,False,False,False,False,False,True,0,0,1,0,0,1,0,0,0,0,0,0,0
0.6905940594059405,0.17434869739478964,0.04032258064516129,0.49230769230769234,0.358974358974359,0,0,0,0,0,0,0,0,0,0,0,0,0,0,1,0,0,0,0,0,0,0,0,0,0,1,0,0,0,0,0,0,0,0,0,0,0,0,0,0,1,0,0,0,0,0,0,0,0,0,1,0,0,0,0,0,0,0,0,0,0,0,0,0,0,0,0,0,0,0,0,0,0,False,False,False,True,False,False,True,False,False,False,True,False,False,False,False,True,False,1,0,0,0,1,1,0,0,0,0,0,0,0
0.6138613861386142,0.17234468937875758,0.014112903225806453,0.5435897435897435,0.41025641025641024,0,1,0,0,0,1,0,0,0,0,0,0,0,0,0,0,0,0,0,0,0,0,0,0,0,0,0,0,0,0,0,0,0,0,0,0,0,0,0,0,1,0,0,0,0,0,1,0,0,0,1,0,0,1,0,0,0,0,0,0,0,0,0,0,0,1,0,0,0,0,0,0,0,False,False,False,True,False,False,True,False,False,True,False,False,False,False,True,False,False,1,0,0,0,0,0,0,0,0,0,1,0,0
0.556930693069307,0.1703406813627255,0.016129032258064516,0.6974358974358975,0.1282051282051282,1,0,1,0,0,0,0,0,0,0,1,0,0,0,0,0,0,0,1,0,0,0,0,0,0,0,0,0,0,0,0,0,0,0,0,0,0,0,0,0,0,0,0,0,0,0,0,0,0,0,0,0,0,0,0,0,0,0,0,0,0,0,0,0,0,0,0,0,0,0,1,0,0,False,False,False,True,False,True,False,False,False,True,False,False,False,False,False,True,False,0,0,0,0,0,0,0,0,0,0,0,0,0
0.7524752475247525,0.16833667334669344,0.016129032258064516,0.42564102564102557,0.3846153846153846,1,0,1,0,0,0,0,0,0,0,0,0,0,0,0,0,0,0,0,0,0,0,0,0,0,1,0,0,0,0,0,0,0,0,0,1,0,0,0,0,0,0,0,0,0,0,0,0,0,0,1,0,0,0,0,0,0,0,0,0,0,0,0,0,0,0,0,0,0,0,0,0,0,False,False,False,True,False,False,True,False,False,True,False,False,False,False,True,False,False,1,0,1,0,0,0,1,1,0,0,0,0,0
0.2524752475247525,0.16633266533066138,0.012096774193548387,0.13846153846153847,0.20512820512820512,0,0,0,0,0,0,0,0,0,0,1,0,0,0,0,1,0,0,0,0,0,0,0,1,0,0,0,0,0,0,0,0,0,0,0,0,0,0,0,0,0,0,0,0,0,0,0,0,0,0,1,0,1,0,0,0,1,0,0,0,0,0,0,0,0,0,0,0,0,0,0,0,0,False,False,False,True,True,False,False,False,False,True,False,False,False,False,False,True,False,1,0,0,0,0,0,1,0,1,0,0,0,0
0.3514851485148516,0.1643286573146293,0.016129032258064516,0.5692307692307692,0.23076923076923075,0,0,0,0,0,0,0,0,0,0,1,0,0,0,0,1,0,0,0,0,0,0,0,0,0,0,0,0,0,0,0,0,0,0,0,0,0,0,0,0,0,0,0,0,0,0,0,0,0,0,1,0,1,0,0,0,0,0,0,0,0,0,0,0,0,0,0,0,0,0,1,0,0,False,False,False,True,False,True,False,False,False,True,False,False,False,False,False,True,False,1,0,0,0,0,0,0,0,0,0,0,0,0
0.6856435643564358,0.16232464929859725,0.016129032258064516,0.5076923076923077,0.20512820512820512,0,0,0,0,0,0,0,0,0,0,0,0,0,0,0,0,0,0,0,0,0,0,0,0,0,0,0,0,0,0,0,0,0,0,0,0,0,0,0,0,0,0,0,0,0,0,0,0,0,0,1,0,1,0,0,0,0,0,0,0,0,0,0,0,0,0,0,0,0,0,0,0,0,False,False,False,True,False,False,True,False,False,True,False,False,False,False,False,True,False,1,0,1,1,0,0,1,1,0,0,0,0,0
0.40594059405940586,0.16032064128256518,0.01814516129032258,0.46153846153846156,0.3076923076923077,0,0,0,0,0,0,0,0,0,0,1,0,0,0,0,0,0,0,0,0,0,0,0,1,0,0,0,0,0,0,0,0,0,0,0,0,0,0,0,0,0,0,0,0,0,0,0,0,0,0,1,0,1,0,0,0,0,0,0,0,0,0,0,0,0,0,0,0,0,0,0,0,0,False,False,False,True,False,True,False,False,False,True,False,False,False,False,False,True,False,1,0,0,1,0,0,0,0,1,0,0,0,0
0.28712871287128716,0.1583166332665331,0.016129032258064516,0.3128205128205128,0.2564102564102564,1,0,0,0,0,0,0,0,0,0,0,0,0,0,0,1,0,0,1,0,0,0,0,1,0,0,0,0,0,0,0,0,0,0,0,0,0,0,0,0,0,0,0,0,0,0,0,0,0,0,1,0,1,0,0,0,0,0,0,0,0,0,0,0,0,0,0,0,1,0,0,0,0,False,False,False,True,True,False,False,False,False,True,False,False,False,False,False,True,False,1,0,0,0,0,0,0,1,0,0,0,0,0
0.7103960396039606,0.15430861723446898,0.4012096774193548,0.3948717948717948,0.48717948717948717,1,0,0,0,0,0,0,0,0,0,1,0,0,0,0,0,0,0,0,0,0,0,0,0,0,0,0,0,0,0,0,0,0,0,0,0,0,0,0,0,0,0,1,0,0,0,0,0,0,0,0,0,0,0,0,0,1,0,0,0,0,0,1,0,0,0,0,0,0,0,0,0,0,False,False,False,True,False,False,True,False,False,False,False,False,True,False,True,False,False,1,0,0,0,0,0,0,0,0,0,0,0,0
0.7549504950495052,0.14829659318637278,0.01814516129032258,0.6974358974358975,0.4358974358974359,0,0,0,0,0,0,0,0,0,0,0,0,0,0,0,0,0,0,0,0,0,0,0,0,0,0,0,0,0,1,0,0,0,0,0,0,0,0,0,0,0,1,0,0,0,0,0,0,0,0,0,0,0,0,0,1,0,0,1,0,0,0,0,1,0,0,0,0,0,0,0,0,0,False,False,False,True,False,False,True,False,False,True,False,False,False,False,True,False,False,0,0,0,0,1,0,0,0,0,0,0,0,0
0.39603960396039595,0.14629258517034072,0.01814516129032258,0.4307692307692308,0.23076923076923075,1,0,0,0,0,0,0,0,0,0,1,0,0,0,0,1,0,0,1,0,0,0,0,0,0,0,0,0,0,0,0,0,0,0,0,0,0,0,0,0,0,0,0,0,0,0,0,0,0,0,0,0,1,0,0,0,0,0,0,0,0,0,0,0,0,0,0,0,1,0,0,0,0,False,False,False,True,False,True,False,False,False,True,False,False,False,False,False,True,False,1,0,0,0,1,0,0,1,0,0,0,0,0
0.5099009900990099,0.14428857715430865,0.01814516129032258,0.14358974358974358,0.1282051282051282,0,0,0,0,0,0,0,0,0,0,0,0,0,0,0,1,0,0,0,0,0,0,1,0,0,0,0,0,0,0,0,0,0,0,0,0,0,0,0,0,0,0,0,0,0,0,0,0,0,0,0,0,1,0,0,0,1,0,0,0,0,0,0,0,0,0,0,0,0,0,0,0,0,False,False,False,True,False,True,False,False,False,True,False,False,False,False,False,True,False,1,0,0,0,0,0,0,0,0,0,0,0,0
0.7178217821782182,0.14228456913827658,0.01814516129032258,0.6615384615384615,0.07692307692307693,1,0,0,0,0,0,0,0,0,0,0,0,0,0,0,0,0,0,0,0,0,0,0,0,0,0,0,0,0,0,0,0,0,0,0,0,0,0,0,0,0,0,0,0,0,0,0,0,0,0,0,0,0,0,0,0,0,0,0,0,0,0,0,0,0,0,0,0,0,0,0,0,0,False,False,False,True,False,False,True,False,False,True,False,False,False,False,False,False,True,0,0,0,0,0,0,0,0,0,0,1,0,0
0.7178217821782182,0.14028056112224452,0.014112903225806453,0.32307692307692304,0.05128205128205128,0,0,1,0,0,0,0,0,0,0,1,0,0,0,0,0,0,0,0,0,0,0,0,0,0,0,0,0,0,0,0,0,0,0,0,0,0,0,0,0,0,0,0,0,0,0,0,0,0,0,0,0,0,1,0,0,1,0,0,0,0,0,0,0,0,0,0,0,0,0,0,0,0,False,False,False,True,False,False,True,False,False,True,False,False,False,False,False,False,True,0,0,0,0,0,0,0,1,0,0,0,0,0
0.4777227722772277,0.13827655310621245,0.01814516129032258,0.5333333333333333,0.2564102564102564,1,0,0,0,0,0,0,0,0,0,0,0,0,0,0,0,0,0,1,0,0,0,0,0,0,0,0,0,0,0,0,0,0,0,0,0,0,0,1,0,0,0,0,0,0,0,0,0,0,0,0,0,0,1,0,0,0,0,0,0,0,0,0,0,0,0,0,0,0,0,0,0,0,False,False,False,True,False,True,False,False,False,True,False,False,False,False,False,True,False,0,0,0,0,0,0,0,0,0,0,0,0,0
0.8118811881188119,0.13426853707414832,0.04233870967741935,0.7076923076923077,0.1282051282051282,0,0,0,0,0,0,0,0,0,0,0,0,0,0,1,0,0,0,0,0,0,0,0,0,0,0,0,0,0,0,0,0,0,0,0,0,0,0,0,0,0,0,0,0,0,0,0,0,0,0,1,0,1,0,0,1,0,0,0,0,0,0,0,1,0,0,0,0,0,0,0,0,0,False,False,False,True,False,False,False,True,False,False,True,False,False,False,False,True,False,0,0,0,0,0,0,0,0,0,0,0,0,0
0.7227722772277227,0.13226452905811625,0.016129032258064516,0.36410256410256403,0.48717948717948717,1,1,0,0,0,0,0,0,0,0,0,0,0,0,0,0,0,0,0,0,0,0,0,0,0,0,0,0,0,0,0,0,0,0,0,0,0,0,0,0,0,0,1,0,0,0,0,0,0,0,0,0,0,0,1,0,0,0,0,0,0,0,0,0,0,0,0,0,0,0,0,0,0,False,False,False,True,False,False,True,False,False,True,False,False,False,False,True,False,False,0,0,0,0,0,0,0,0,0,0,0,0,0
0.6039603960396043,0.1302605210420842,0.044354838709677415,0.6871794871794871,0.6153846153846154,0,0,0,0,0,0,0,0,0,0,0,0,0,0,1,0,0,0,0,0,0,0,0,0,0,0,0,0,0,0,0,0,1,0,0,0,0,0,0,0,0,0,0,0,0,0,0,0,0,0,1,0,1,0,0,1,0,0,0,0,0,0,0,1,0,0,0,0,0,0,0,0,0,False,False,False,True,False,False,True,False,False,False,True,False,False,False,True,False,False,1,0,0,0,0,0,0,0,0,0,1,0,0
0.47277227722772297,0.12825651302605223,0.016129032258064516,0.717948717948718,0.10256410256410256,1,0,0,0,0,0,0,0,0,0,0,0,0,0,0,0,0,0,1,0,0,0,0,0,0,0,0,0,0,0,0,0,0,0,0,0,0,0,0,1,0,0,0,0,0,0,0,0,0,0,0,0,0,1,0,0,0,0,0,0,0,0,0,0,0,0,0,0,1,0,0,0,0,False,False,False,True,False,True,False,False,False,True,False,False,False,False,False,False,True,0,0,0,0,0,0,0,0,0,0,0,0,0
0.4900990099009903,0.12625250501002017,0.020161290322580645,0.15384615384615385,0.41025641025641024,0,0,0,0,0,0,0,0,0,0,1,0,0,0,0,0,0,0,0,0,0,0,0,0,0,0,0,0,0,0,0,0,0,0,0,0,0,0,0,0,1,0,0,0,0,0,0,0,0,0,0,0,1,1,0,0,0,0,0,0,0,0,0,0,0,0,0,0,0,0,0,0,0,False,False,False,True,False,True,False,False,False,False,True,False,False,False,True,False,False,1,0,0,0,1,0,0,0,0,0,0,0,0
0.358910891089109,0.1242484969939881,0.016129032258064516,0.5538461538461539,0.3846153846153846,1,0,0,0,0,0,0,0,0,0,1,0,0,0,0,1,0,0,1,0,0,0,0,1,0,0,0,0,0,0,0,0,0,0,0,0,0,0,0,0,0,0,0,0,0,0,0,0,0,0,1,0,1,0,0,0,0,0,0,0,0,0,0,0,0,0,0,0,0,0,0,0,0,False,False,False,True,False,True,False,False,False,True,False,False,False,False,True,False,False,1,1,0,0,1,1,0,0,0,0,0,0,0
0.5420792079207923,0.12224448897795603,0.04032258064516129,0.5282051282051282,0.5128205128205128,1,0,0,0,0,0,0,0,0,0,0,0,0,0,1,0,0,0,1,0,0,0,0,0,0,0,0,0,0,0,0,0,0,0,0,0,0,0,0,0,0,0,0,0,0,0,0,0,0,0,1,0,1,0,0,0,0,0,0,0,0,0,0,0,0,0,0,0,1,0,0,0,0,False,False,False,True,False,True,False,False,False,False,True,False,False,False,True,False,False,1,0,1,0,0,0,0,0,0,1,0,0,1
0.4975247524752475,0.12024048096192397,0.016129032258064516,0.24615384615384617,0.3076923076923077,0,0,0,0,0,0,0,0,0,0,1,0,0,0,0,1,0,0,0,0,0,0,0,1,0,0,0,0,0,0,0,0,0,0,0,0,0,0,0,0,0,0,0,0,0,0,0,0,0,0,1,0,1,0,0,0,0,0,0,0,0,0,0,0,0,0,0,0,0,0,0,0,0,False,False,False,True,False,True,False,False,False,True,False,False,False,False,False,True,False,1,0,0,0,0,0,0,0,1,0,0,0,0
0.5841584158415845,0.11623246492985984,0.09475806451612903,0.04102564102564099,0.1794871794871795,1,0,1,0,0,0,0,0,0,0,0,0,0,0,0,0,0,0,1,0,0,0,0,0,0,0,0,0,0,0,0,0,0,0,0,0,0,0,0,0,0,0,0,0,0,0,0,0,0,0,0,0,0,0,0,0,1,0,0,0,0,0,0,0,0,0,0,0,0,0,0,0,0,False,False,False,True,False,False,True,False,False,False,False,True,False,False,False,True,False,0,0,1,0,1,0,0,0,0,0,0,0,0
0.2920792079207921,0.11422845691382777,0.016129032258064516,0.6666666666666666,0.1794871794871795,0,0,0,0,0,0,0,0,0,0,0,0,0,0,1,0,0,0,0,0,1,0,0,0,0,0,0,0,0,0,0,0,0,0,0,0,0,0,0,0,0,0,0,0,0,0,0,0,0,0,0,0,1,0,0,0,0,0,0,0,0,0,0,0,0,0,0,0,0,0,0,0,0,False,False,False,True,True,False,False,False,False,True,False,False,False,False,False,True,False,1,0,0,0,0,0,0,0,0,0,0,0,0
0.2920792079207921,0.1122244488977957,0.016129032258064516,0.441025641025641,0.1794871794871795,0,0,1,0,0,0,0,0,0,0,0,0,0,0,0,0,0,0,1,0,0,0,0,1,0,0,0,0,1,0,0,0,0,0,0,0,0,0,0,0,0,0,0,0,0,0,0,0,0,0,0,0,0,0,0,0,0,0,0,0,0,0,0,0,0,0,0,0,0,0,0,0,0,False,False,False,True,True,False,False,False,False,True,False,False,False,False,False,True,False,0,1,1,0,0,0,0,0,0,0,0,0,0
0.4900990099009903,0.11022044088176364,0.016129032258064516,0.5794871794871794,0.1794871794871795,1,0,0,0,0,0,0,0,0,0,1,0,0,0,0,1,0,0,0,0,0,0,0,1,0,0,0,0,0,0,0,0,0,0,0,0,0,0,0,0,0,1,0,0,0,0,0,0,0,0,1,0,1,0,0,0,0,0,0,0,0,0,0,1,0,0,0,0,0,0,0,0,0,False,False,False,True,False,True,False,False,False,True,False,False,False,False,False,True,False,1,1,0,0,0,0,1,0,0,0,0,0,0
0.6163366336633664,0.10821643286573157,0.038306451612903226,0.482051282051282,0.15384615384615385,0,0,0,0,0,0,0,0,0,0,1,0,0,0,0,0,0,0,1,0,0,0,0,0,0,0,0,0,0,0,0,0,0,0,0,0,0,0,0,0,0,0,0,0,0,0,0,0,0,0,0,0,1,0,0,0,1,0,0,0,0,0,0,0,0,0,0,0,0,0,0,0,0,False,False,False,True,False,False,True,False,False,False,True,False,False,False,False,True,False,1,1,0,0,1,0,0,0,0,0,0,0,0
0.7079207920792079,0.1062124248496995,0.016129032258064516,0.6871794871794871,0.1794871794871795,0,0,0,0,0,0,0,0,1,0,1,0,0,0,0,0,0,0,0,0,0,0,0,0,0,0,0,0,0,0,0,0,0,0,0,0,0,0,0,0,0,0,1,0,0,0,0,0,0,0,0,0,0,0,1,0,0,0,0,0,0,0,1,0,0,0,0,0,0,0,0,0,0,False,False,False,True,False,False,True,False,False,True,False,False,False,False,False,True,False,0,0,0,0,0,0,0,0,0,0,0,0,0
0.5049504950495052,0.10420841683366744,0.09274193548387097,0.46153846153846156,0.23076923076923075,1,0,0,0,0,0,0,0,0,0,0,0,0,0,0,0,0,0,1,0,0,0,0,0,0,0,0,0,0,0,0,0,0,0,0,0,0,0,0,0,0,1,0,0,0,0,0,0,0,0,1,0,0,0,0,0,1,0,0,0,0,0,0,0,0,0,0,0,1,0,0,0,0,False,False,False,True,False,True,False,False,False,False,False,True,False,False,False,True,False,0,0,0,1,0,0,0,0,0,0,0,1,0
0.9133663366336633,0.10220440881763537,0.01814516129032258,0.49743589743589745,0.10256410256410256,0,0,0,0,0,0,0,0,0,0,0,0,0,0,1,0,0,0,0,0,0,0,0,0,0,0,0,0,0,0,0,0,0,0,0,0,0,0,0,0,0,0,0,0,0,0,0,0,0,0,1,0,0,0,0,1,0,0,0,0,0,0,0,1,0,0,0,0,0,0,0,0,0,False,False,False,True,False,False,False,True,False,True,False,False,False,False,False,False,True,0,0,1,0,1,1,0,0,0,0,1,0,0
0.8044554455445547,0.1002004008016033,0.01814516129032258,0.758974358974359,0.1794871794871795,0,0,1,0,0,0,0,1,0,0,1,0,0,0,1,0,0,0,0,0,0,0,0,0,0,0,0,0,0,0,0,0,0,0,0,0,0,0,0,0,0,0,0,0,0,0,0,0,0,0,0,0,0,0,0,0,0,0,0,0,0,0,0,0,0,0,0,0,0,0,0,0,0,False,False,False,True,False,False,True,False,False,True,False,False,False,False,False,True,False,1,0,1,0,1,0,0,0,0,0,0,0,0
0.5272277227722773,0.09819639278557124,0.016129032258064516,0.441025641025641,0.10256410256410256,0,0,0,0,0,0,0,0,0,0,1,0,0,0,0,0,0,0,0,0,0,0,0,0,0,0,1,0,0,0,0,0,0,0,0,0,0,0,0,0,0,0,0,0,0,0,0,0,0,0,0,0,1,0,0,0,0,0,0,0,0,0,0,0,0,0,0,0,0,0,0,0,0,False,False,False,True,False,True,False,False,False,True,False,False,False,False,False,False,True,1,0,1,0,0,0,0,0,1,0,1,0,0
0.6757425742574259,0.09418837675350711,0.016129032258064516,0.3128205128205128,0.358974358974359,0,0,0,0,0,0,0,0,0,0,0,0,0,0,1,0,0,0,0,0,0,0,0,0,0,0,0,0,0,0,0,0,0,0,0,0,0,0,0,0,0,0,0,0,0,0,0,0,0,0,1,0,1,0,0,1,0,0,0,0,0,0,0,0,0,0,0,0,0,0,0,0,0,False,False,False,True,False,False,True,False,False,True,False,False,False,False,False,True,False,1,0,1,1,0,0,0,0,0,0,0,0,0
0.6782178217821784,0.09218436873747504,0.016129032258064516,0.09743589743589742,0.07692307692307693,0,0,0,0,0,0,0,0,0,0,1,0,0,0,0,0,0,0,0,0,0,0,0,0,0,0,0,0,0,0,0,0,0,0,0,0,0,0,0,0,0,0,0,0,0,0,0,0,0,0,0,0,1,0,0,0,1,0,0,0,0,0,0,0,0,0,0,0,0,0,0,0,0,False,False,False,True,False,False,True,False,False,True,False,False,False,False,False,False,True,1,0,0,0,0,0,0,0,0,0,0,0,0
0.6509900990099011,0.09018036072144298,0.01814516129032258,0.7794871794871795,0.1794871794871795,0,1,0,0,0,0,0,0,0,1,0,0,0,0,0,0,0,0,0,0,0,0,0,0,0,0,0,0,0,0,0,0,0,0,0,0,0,0,0,0,0,0,0,0,0,0,0,0,0,0,0,0,0,1,0,0,0,0,0,0,1,0,0,0,0,0,0,0,0,0,0,0,0,False,False,False,True,False,False,True,False,False,True,False,False,False,False,False,True,False,0,0,1,0,0,1,0,1,0,0,0,0,0
0.1856435643564358,0.08817635270541091,0.016129032258064516,0.2102564102564103,0.3846153846153846,0,0,0,0,0,0,0,0,0,0,0,0,0,0,1,1,0,0,0,0,0,0,0,1,0,0,0,0,0,0,0,0,0,0,0,0,0,0,0,0,0,0,0,0,0,0,0,0,0,0,1,0,0,0,0,0,0,0,0,0,0,0,0,0,0,0,0,0,0,0,0,0,0,False,False,False,True,True,False,False,False,False,True,False,False,False,False,True,False,False,0,0,0,0,0,0,0,0,0,0,0,0,0
0.5693069306930694,0.08617234468937884,0.036290322580645164,0.6923076923076922,0.20512820512820512,1,0,0,0,0,0,0,0,0,0,0,0,0,0,0,0,0,0,1,0,0,0,0,0,0,0,0,0,0,0,0,0,0,0,0,0,0,0,0,0,0,0,0,0,0,0,0,0,0,0,0,0,0,0,0,0,0,0,0,0,0,0,0,0,0,0,0,0,1,0,0,0,0,False,False,False,True,False,False,True,False,False,False,True,False,False,False,False,True,False,1,1,1,0,0,0,1,0,0,0,0,0,0
0.608910891089109,0.08416833667334678,0.016129032258064516,0.5794871794871794,0.10256410256410256,1,0,1,0,0,0,0,0,0,0,1,0,0,0,0,0,0,0,1,0,0,0,0,0,0,0,0,0,1,0,0,0,0,0,0,0,0,0,0,0,0,0,0,0,0,0,0,0,0,0,0,0,0,0,0,0,0,0,0,0,0,0,0,0,0,0,0,0,0,0,0,0,0,False,False,False,True,False,False,True,False,False,True,False,False,False,False,False,False,True,0,1,0,0,0,0,0,0,0,0,0,0,0
0.5272277227722773,0.08216432865731471,0.016129032258064516,0.558974358974359,0.28205128205128205,0,0,0,0,0,0,0,0,0,0,0,0,0,0,0,0,0,0,0,0,0,0,0,0,0,0,0,0,0,0,0,0,0,0,0,0,1,0,1,0,0,0,0,0,0,0,0,0,0,0,0,0,0,1,0,0,0,0,0,0,0,0,0,0,0,0,0,0,0,0,0,0,0,False,False,False,True,False,True,False,False,False,True,False,False,False,False,False,True,False,1,0,1,0,0,0,0,0,0,0,0,0,0
0.7450495049504953,0.08016032064128265,0.016129032258064516,0.5846153846153846,0.1794871794871795,0,0,0,0,0,0,0,1,0,0,0,0,0,0,0,0,0,0,0,0,0,0,0,0,0,0,0,0,0,1,0,0,0,0,0,0,0,0,0,0,0,0,0,0,0,0,0,0,0,0,0,0,0,0,0,0,0,0,1,0,0,0,0,0,0,0,0,0,0,0,0,0,0,False,False,False,True,False,False,True,False,False,True,False,False,False,False,False,True,False,0,0,1,0,0,0,0,0,0,0,0,0,0
0.42079207920792094,0.07815631262525058,0.01814516129032258,0.5487179487179487,0.1282051282051282,1,0,0,0,0,0,0,0,0,0,0,0,0,0,0,1,0,0,0,0,0,0,0,0,0,0,0,0,0,0,0,0,0,0,0,0,0,0,0,0,1,0,0,0,0,0,0,0,0,0,0,0,0,0,1,0,0,0,0,0,0,0,1,0,0,0,0,0,0,0,0,0,0,False,False,False,True,False,True,False,False,False,True,False,False,False,False,False,True,False,1,0,0,0,0,0,0,0,0,0,0,0,0
0.8267326732673268,0.07615230460921851,0.04032258064516129,0.6051282051282051,0.02564102564102564,0,0,1,0,0,0,0,0,0,0,1,0,0,0,0,0,0,0,1,0,0,0,1,0,0,0,0,0,0,0,0,0,0,0,0,0,0,0,0,0,0,0,0,0,0,0,0,0,0,0,0,0,0,0,1,0,0,0,0,0,0,0,0,0,0,0,0,0,0,0,0,0,0,False,False,False,True,False,False,False,True,False,False,True,False,False,False,False,False,True,0,1,1,0,0,0,1,0,0,0,0,0,0
0.77970297029703,0.07414829659318645,0.016129032258064516,0.49743589743589745,0.02564102564102564,0,0,1,0,0,0,0,0,0,0,0,0,0,0,1,1,0,0,1,0,0,0,0,0,0,0,0,0,1,0,0,0,0,0,0,0,0,0,0,0,0,0,0,0,0,0,0,0,1,0,0,0,0,0,0,0,0,0,0,0,0,0,0,0,0,0,0,0,0,0,0,0,0,False,False,False,True,False,False,True,False,False,True,False,False,False,False,False,False,True,0,1,0,0,0,0,0,0,0,0,0,0,0
0.556930693069307,0.07014028056112231,0.016129032258064516,0.3897435897435897,0.1794871794871795,0,0,0,0,0,1,0,0,0,0,1,0,0,0,0,0,0,0,0,0,0,0,0,0,0,0,0,1,0,0,0,0,0,0,0,0,0,0,0,1,0,0,0,0,1,0,0,0,0,0,0,0,0,0,0,0,0,0,0,0,0,0,0,1,0,0,0,0,0,0,0,0,0,False,False,False,True,False,True,False,False,False,True,False,False,False,False,False,True,False,0,0,1,0,0,0,0,0,0,0,0,0,0
0.5297029702970297,0.06813627254509025,0.016129032258064516,0.3948717948717948,0.4615384615384615,1,0,1,0,0,0,0,0,0,0,1,0,0,0,0,1,0,0,1,0,0,0,0,1,0,0,0,0,1,0,0,0,0,0,0,0,0,0,0,0,0,0,0,0,0,0,0,0,0,0,1,0,1,0,0,0,0,0,0,0,0,0,0,0,0,0,0,0,0,0,0,0,0,False,False,False,True,False,True,False,False,False,True,False,False,False,False,True,False,False,0,1,0,0,0,0,1,0,0,0,0,0,0
0.3613861386138615,0.06613226452905818,0.016129032258064516,0.4307692307692308,0.20512820512820512,0,0,0,0,0,0,0,0,0,0,1,0,0,0,0,0,0,0,0,1,0,0,0,0,0,0,0,0,0,0,0,0,0,0,0,0,0,0,0,0,0,0,0,0,0,0,0,0,0,0,0,0,1,0,0,0,1,0,0,0,0,0,0,0,0,0,0,0,0,0,0,0,0,False,False,False,True,False,True,False,False,False,True,False,False,False,False,False,True,False,0,0,0,0,0,0,0,0,0,0,0,0,1
0.4133663366336635,0.06412825651302612,0.016129032258064516,0.5487179487179487,0.1282051282051282,0,1,0,0,0,0,0,0,0,0,0,0,0,0,0,0,0,0,0,0,0,0,0,0,0,0,0,0,0,0,0,0,0,0,0,0,0,0,0,0,1,1,0,0,0,0,0,0,0,0,1,0,0,0,0,0,1,0,0,0,0,0,0,1,0,0,0,0,0,0,0,0,0,False,False,False,True,False,True,False,False,False,True,False,False,False,False,False,True,False,1,0,0,0,1,0,0,0,0,0,0,0,0
0.5222772277227725,0.06212424849699405,0.016129032258064516,0.5692307692307692,0.3333333333333333,0,0,0,0,0,0,0,0,0,0,1,0,0,0,0,0,0,0,0,0,0,0,0,0,0,0,0,0,0,0,0,0,0,0,0,0,0,0,0,0,0,1,0,0,0,0,0,0,0,0,1,0,0,0,0,0,1,0,0,0,0,0,0,1,0,0,0,0,0,0,0,0,0,False,False,False,True,False,True,False,False,False,True,False,False,False,False,False,True,False,1,0,0,0,1,0,0,0,0,0,0,0,0
0.7277227722772277,0.060120240480961984,0.016129032258064516,0.3538461538461538,0.1794871794871795,0,0,0,0,0,0,0,0,0,0,1,0,0,0,0,0,0,0,0,1,0,0,0,0,0,0,0,0,0,0,0,0,0,0,0,0,0,0,0,0,0,0,0,0,0,0,0,0,0,0,0,0,1,0,1,0,0,0,0,0,0,0,0,0,0,0,0,0,0,0,0,0,0,False,False,False,True,False,False,True,False,False,True,False,False,False,False,False,True,False,1,0,0,0,0,0,0,0,1,0,0,0,0
0.5792079207920793,0.05811623246492992,0.04032258064516129,0.41025641025641024,0.5897435897435898,0,0,0,0,0,0,0,0,0,0,1,0,0,0,0,0,0,0,0,0,0,0,0,0,0,0,0,0,0,0,0,0,0,0,0,0,1,0,1,0,0,0,0,0,0,0,0,0,0,0,0,0,0,1,0,0,0,0,0,0,0,0,0,0,0,0,0,0,0,0,0,0,0,False,False,False,True,False,False,True,False,False,False,True,False,False,False,True,False,False,1,0,1,0,0,0,0,1,0,0,1,0,1
0.7599009900990101,0.054108216432865786,0.014112903225806453,0.4666666666666667,0.358974358974359,0,0,0,0,0,0,0,0,1,0,0,0,0,0,0,0,0,0,0,0,0,0,0,0,0,0,0,0,0,1,1,0,0,0,0,0,0,0,0,0,0,0,0,0,0,0,0,0,0,0,0,0,0,0,0,0,0,0,1,0,0,0,0,0,0,0,0,0,0,0,0,0,0,False,False,False,True,False,False,True,False,False,True,False,False,False,False,False,True,False,0,0,1,1,0,0,0,0,0,0,0,0,0
0.7500000000000002,0.05210420841683372,0.1814516129032258,0.641025641025641,0.7435897435897436,1,0,0,0,0,0,0,0,0,0,1,0,0,0,0,0,0,0,0,0,0,0,0,0,0,1,0,0,0,0,0,0,0,0,0,0,0,0,0,0,0,0,0,0,0,0,0,0,0,0,1,1,0,0,0,0,1,0,0,0,0,0,0,0,0,0,0,0,0,0,0,0,0,False,False,False,True,False,False,True,False,False,False,False,False,True,True,False,False,False,0,0,1,0,0,0,1,1,0,0,1,0,0
0.7673267326732673,0.05010020040080165,0.014112903225806453,0.441025641025641,0.02564102564102564,0,0,1,0,0,0,0,0,0,0,1,0,0,0,0,0,0,0,1,0,0,0,0,0,0,0,0,0,1,0,0,0,0,0,0,0,0,0,0,0,0,0,0,0,1,0,0,0,0,0,0,0,0,0,0,0,0,0,0,0,0,0,0,0,0,0,0,0,0,0,0,0,0,False,False,False,True,False,False,True,False,False,True,False,False,False,False,False,False,True,0,1,0,0,1,0,0,0,0,0,0,0,0
0.8292079207920795,0.04809619238476959,0.016129032258064516,0.2564102564102564,0.07692307692307693,0,0,1,0,0,0,0,0,0,0,0,0,0,0,1,0,0,0,1,0,0,1,0,0,0,0,0,0,0,0,0,0,0,0,0,0,0,0,0,0,1,0,0,0,0,0,0,0,0,0,0,0,0,1,0,0,0,0,0,0,0,0,0,0,0,0,0,0,0,0,0,0,0,False,False,False,True,False,False,False,True,False,True,False,False,False,False,False,False,True,0,0,1,0,0,0,0,0,0,0,1,0,0
0.4876237623762376,0.04609218436873752,0.016129032258064516,0.805128205128205,0.3076923076923077,0,0,1,0,0,0,0,0,0,0,0,0,0,0,0,0,0,0,1,0,0,0,0,0,0,0,0,0,0,0,0,0,0,0,0,0,0,0,0,0,0,0,0,0,0,0,0,0,0,0,1,0,0,0,0,0,0,0,0,0,0,0,0,0,0,0,0,0,0,0,0,0,0,False,False,False,True,False,True,False,False,False,True,False,False,False,False,False,True,False,0,0,1,0,1,0,1,0,0,0,0,0,0
0.48514851485148536,0.044088176352705455,0.01814516129032258,0.3897435897435897,0.358974358974359,0,0,0,0,0,0,0,0,0,0,1,1,0,0,0,1,0,0,0,0,0,0,0,1,0,0,0,0,0,0,0,0,0,0,0,0,0,0,0,0,0,0,0,0,0,0,0,0,0,0,1,0,1,0,0,0,0,0,0,0,0,0,0,0,0,0,0,0,0,0,0,0,0,False,False,False,True,False,True,False,False,False,True,False,False,False,False,False,True,False,1,1,0,0,0,0,0,0,0,0,0,0,0
0.4232673267326734,0.04208416833667339,0.016129032258064516,0.482051282051282,0.1282051282051282,0,1,0,0,0,0,0,0,0,0,1,0,0,0,0,0,0,0,0,0,0,0,0,0,0,0,0,0,0,0,0,0,0,1,0,0,0,0,0,0,0,0,0,0,0,0,0,0,0,0,1,0,0,0,0,0,0,0,0,0,0,0,0,0,0,0,0,0,0,0,0,0,0,False,False,False,True,False,True,False,False,False,True,False,False,False,False,False,True,False,1,0,0,1,0,0,0,0,0,0,0,0,0
0.7549504950495052,0.04008016032064132,0.016129032258064516,0.42564102564102557,0.41025641025641024,0,1,1,0,0,0,0,0,0,0,0,0,0,0,1,0,0,0,0,0,0,0,0,0,0,0,0,0,0,0,0,0,0,0,0,0,0,0,0,0,0,0,0,0,0,0,0,0,0,0,1,0,0,0,0,0,0,0,0,0,0,0,0,1,0,0,0,0,0,0,0,0,0,False,False,False,True,False,False,True,False,False,True,False,False,False,False,True,False,False,0,0,1,0,0,0,1,0,0,0,0,0,0
0.3465346534653466,0.038076152304609256,0.016129032258064516,0.6564102564102564,0.07692307692307693,0,0,0,0,0,0,0,0,0,0,1,0,0,0,0,0,0,0,0,0,0,0,0,0,0,0,0,0,0,0,0,0,0,0,0,0,0,0,0,0,0,0,0,0,0,0,0,0,0,0,0,0,0,0,0,0,0,0,0,0,0,0,0,1,0,0,0,0,0,0,0,0,0,False,False,False,True,False,True,False,False,False,True,False,False,False,False,False,False,True,0,0,0,0,1,0,1,0,0,0,0,0,0
0.5668316831683169,0.03607214428857719,0.01814516129032258,0.7076923076923077,0.3846153846153846,0,0,0,0,0,0,0,0,0,0,1,0,0,0,0,0,0,0,0,1,0,0,0,0,0,0,0,0,0,0,0,0,0,0,0,0,0,0,0,0,0,0,0,0,0,0,0,0,0,0,0,0,1,0,0,0,1,0,0,0,0,0,0,0,0,0,0,0,0,0,0,0,0,False,False,False,True,False,False,True,False,False,True,False,False,False,False,True,False,False,1,0,0,0,0,0,0,0,0,0,0,1,1
0.6287128712871288,0.034068136272545124,0.016129032258064516,0.6051282051282051,0.10256410256410256,0,0,0,0,0,0,0,0,0,0,0,0,0,0,1,0,0,0,0,0,0,0,0,0,0,0,0,0,0,0,0,0,0,0,0,0,0,0,0,0,0,0,0,0,0,0,0,0,0,0,0,0,1,0,1,0,0,0,0,0,0,0,0,0,0,0,0,0,0,0,0,1,0,False,False,False,True,False,False,True,False,False,True,False,False,False,False,False,False,True,1,0,0,0,0,0,0,0,0,0,0,0,0
0.6212871287128714,0.03206412825651306,0.01814516129032258,0.40512820512820513,0.05128205128205128,0,0,0,0,0,0,0,0,0,0,0,0,0,0,0,0,0,0,0,0,0,0,0,0,0,0,0,0,0,0,0,0,0,0,0,0,0,0,0,0,0,0,0,0,0,0,0,0,0,0,1,0,0,0,0,0,0,0,0,0,0,0,0,0,0,0,0,0,0,0,1,0,0,False,False,False,True,False,False,True,False,False,True,False,False,False,False,False,False,True,1,0,0,0,0,0,0,0,0,0,0,0,0
0.7202970297029705,0.030060120240480992,0.04032258064516129,0.28205128205128205,0.4615384615384615,0,0,0,0,0,0,0,0,0,0,0,0,0,0,0,0,0,0,0,0,0,1,0,0,0,0,1,0,0,0,0,0,0,0,0,0,0,0,0,0,1,0,0,0,0,0,1,0,0,0,0,0,0,0,0,0,0,0,0,0,0,0,0,0,0,1,0,0,0,0,0,0,0,False,False,False,True,False,False,True,False,False,False,True,False,False,False,True,False,False,0,0,0,0,0,0,0,0,0,1,1,0,0
0.5321782178217824,0.028056112224448926,0.04032258064516129,0.682051282051282,0.3076923076923077,1,0,0,0,0,0,0,0,0,0,0,0,0,0,0,0,0,0,1,0,0,0,0,0,0,0,0,0,0,0,0,0,0,0,0,0,0,0,0,0,0,0,0,0,0,0,0,0,0,0,1,0,1,0,0,0,0,0,0,0,0,0,0,0,0,0,0,0,1,0,0,0,0,False,False,False,True,False,True,False,False,False,False,True,False,False,False,False,True,False,0,1,1,0,1,0,0,0,0,0,0,0,0
0.6386138613861387,0.02605210420841697,0.01814516129032258,0.8615384615384615,0.23076923076923075,1,0,1,0,0,0,0,0,0,0,0,0,0,0,0,0,0,0,1,0,0,0,0,0,0,0,0,0,0,0,0,0,0,0,0,0,0,0,0,0,0,0,0,0,0,0,0,0,0,0,0,0,0,0,0,0,1,0,0,0,0,0,0,0,0,0,0,0,0,0,0,0,0,False,False,False,True,False,False,True,False,False,True,False,False,False,False,False,True,False,0,1,1,0,0,0,0,0,0,0,0,0,0
0.6732673267326734,0.024048096192384905,0.016129032258064516,0.4,0.2564102564102564,1,0,0,0,0,0,0,0,0,0,0,0,0,0,0,0,0,0,0,0,0,0,0,0,0,0,0,0,0,0,0,0,0,0,0,0,0,0,0,0,1,0,0,0,0,0,0,0,0,0,0,0,0,0,0,0,0,0,0,0,0,0,0,1,0,0,0,0,0,0,0,0,0,False,False,False,True,False,False,True,False,False,True,False,False,False,False,False,True,False,0,0,0,0,1,0,0,0,0,1,0,0,0
0.5297029702970297,0.02204408817635284,0.044354838709677415,0.5282051282051282,0.5897435897435898,0,0,0,0,0,0,0,0,0,0,1,0,0,0,1,1,0,0,0,0,0,0,0,0,0,0,0,0,0,0,0,0,0,0,0,0,0,0,0,0,0,0,0,0,0,0,0,0,0,0,1,0,0,1,1,0,0,0,0,0,0,0,0,0,0,0,0,0,0,0,0,0,0,False,False,False,True,False,True,False,False,False,False,True,False,False,False,True,False,False,0,0,1,1,0,0,0,0,0,1,0,0,0
0.6311881188118813,0.020040080160320772,0.016129032258064516,0.1282051282051282,0.23076923076923075,0,0,0,0,0,0,0,0,0,0,0,0,0,0,0,0,0,0,0,0,0,0,0,0,0,0,0,0,0,1,0,0,0,0,0,0,0,0,0,0,0,0,0,0,0,0,0,0,0,0,0,0,1,0,0,0,0,0,1,0,0,0,0,0,0,0,0,0,0,0,0,0,0,False,False,False,True,False,False,True,False,False,True,False,False,False,False,False,True,False,1,0,0,0,0,0,0,0,0,0,0,0,0
0.7772277227722777,0.018036072144288706,0.016129032258064516,0.41025641025641024,0.20512820512820512,1,0,0,1,0,0,0,0,0,0,0,0,0,0,1,0,0,0,1,0,0,0,0,0,0,0,0,0,0,0,0,0,0,0,0,0,0,0,0,0,1,0,0,0,0,0,0,0,0,0,0,0,0,0,1,0,0,0,0,0,0,0,0,0,0,0,0,0,0,0,0,0,0,False,False,False,True,False,False,True,False,False,True,False,False,False,False,False,True,False,0,0,1,0,0,1,0,0,0,0,0,0,0
0.4826732673267329,0.01603206412825664,0.04233870967741935,0.6923076923076922,0.20512820512820512,1,0,0,0,0,0,0,0,0,0,0,0,0,0,0,0,0,0,1,0,0,0,0,0,0,0,0,0,0,0,0,0,0,0,0,0,0,0,0,0,0,0,0,0,0,0,0,0,0,0,0,0,0,0,0,0,0,0,0,0,0,0,0,0,0,0,0,0,1,0,0,0,0,False,False,False,True,False,True,False,False,False,False,True,False,False,False,False,True,False,0,1,1,0,1,0,0,0,0,0,0,0,0
0.45544554455445563,0.012024048096192508,0.016129032258064516,0.49743589743589745,0.05128205128205128,1,0,1,0,0,0,0,0,0,0,0,0,0,0,1,0,0,0,1,0,0,0,0,0,0,0,0,0,1,0,0,0,0,0,0,0,0,0,0,0,0,0,0,0,0,0,0,0,0,0,0,0,0,0,0,0,0,0,0,0,0,0,0,0,0,0,0,0,0,0,0,0,0,False,False,False,True,False,True,False,False,False,True,False,False,False,False,False,False,True,0,0,0,0,0,0,0,1,0,1,0,0,0
0.7920792079207921,0.010020040080160442,0.016129032258064516,0.23589743589743584,0.2564102564102564,0,0,0,0,0,0,0,0,0,0,1,0,0,0,0,0,0,0,0,0,0,0,0,0,0,0,0,0,0,0,0,0,0,0,0,0,0,0,0,0,1,0,0,0,0,0,0,0,0,0,0,0,0,0,0,0,0,0,0,0,0,0,0,1,0,0,0,0,0,1,0,0,0,False,False,False,True,False,False,True,False,False,True,False,False,False,False,False,True,False,1,0,0,0,0,0,0,0,0,0,0,0,0
0.5594059405940595,0.006012024048096309,0.012096774193548387,0.6564102564102564,0.20512820512820512,0,1,0,0,0,0,0,0,0,0,1,0,0,0,0,0,0,0,0,0,0,0,0,0,0,0,0,0,0,0,0,0,0,0,0,0,0,0,0,0,0,0,0,0,0,0,0,0,0,0,1,0,0,0,0,0,0,0,0,0,0,0,0,0,0,0,0,0,0,0,1,0,0,False,False,False,True,False,False,True,False,False,True,False,False,False,False,False,True,False,1,0,1,0,0,0,0,0,0,0,0,0,0
0.4876237623762376,0.002004008016032177,0.01814516129032258,0.37435897435897436,0.41025641025641024,0,0,0,0,0,0,0,0,0,0,1,0,0,0,0,1,0,0,0,0,0,0,0,1,0,0,0,0,0,0,0,0,0,0,0,0,0,0,0,0,0,0,0,0,0,0,0,0,0,0,1,0,0,1,0,0,1,0,0,0,0,0,0,1,0,0,0,0,0,0,0,0,0,False,False,False,True,False,True,False,False,False,True,False,False,False,False,True,False,False,0,0,0,0,0,0,0,0,0,1,0,0,0
0.6856435643564358,1.1102230246251565e-16,0.01814516129032258,0.4769230769230769,0.2564102564102564,0,0,0,0,0,0,0,0,0,0,0,0,0,0,1,0,0,0,0,0,0,0,0,0,0,0,0,0,0,0,0,0,0,0,0,0,0,0,0,1,0,0,0,0,0,1,0,0,0,0,0,0,1,0,0,0,0,0,0,0,0,0,0,0,0,0,0,0,0,0,0,0,0,False,False,False,True,False,False,True,False,False,True,False,False,False,False,False,True,False,1,0,0,0,0,0,0,1,0,0,0,0,0
